gravity,hypothesis_index,role,realization,beta,f,eta,prior,beta_family,companion_family,local_case_index,seed,rule,mode,scenario,N_catalogues,N_parent,correct,wrong,indeterminate,both_retained,both_rejected,true_retained,raw_fitting_empty_fraction_mean,near_best_true_mean,near_best_other_mean,correct_rate,correct_wilson_lo,correct_wilson_hi,wrong_rate,wrong_wilson_lo,wrong_wilson_hi,indeterminate_rate,indeterminate_wilson_lo,indeterminate_wilson_hi,true_retained_rate,true_retained_wilson_lo,true_retained_wilson_hi,classification_count_pass,retention_count_pass,overall_count_pass,classification_confidence_pass,retention_confidence_pass,overall_confidence_pass,evaluation_family
Newton,0,test,1,1.0,0.0,,,fitted_grid,pure,0,325000001,baseline,covariates_only66,uniform_white,1000,1000,15,1,984,984,0,999,0.0,13.103,14.413,0.015,0.009110978804081668,0.024600976926906798,0.001,0.00017654637062607809,0.0056425585979579355,0.984,0.97416793978826,0.9901277579977227,0.999,0.9943574414020421,0.9998234536293739,False,True,False,False,True,False,fitted_family
Newton,0,test,1,1.0,0.0,,,fitted_grid,pure,0,325000001,baseline,covariates_only66,clustered_correlated,1000,1000,18,1,981,981,0,999,0.0,13.091,14.447,0.018,0.011415740009567788,0.028273255170507345,0.001,0.00017654637062607809,0.0056425585979579355,0.981,0.9705155440876868,0.9878031142492091,0.999,0.9943574414020421,0.9998234536293739,False,True,False,False,True,False,fitted_family
Newton,0,test,1,1.0,0.0,,,fitted_grid,pure,0,325000001,baseline,covariates_only66,sparse_floor,1000,1000,18,3,979,978,1,996,0.0,13.102,14.402,0.018,0.011415740009567788,0.028273255170507345,0.003,0.0010207838811386186,0.008783014053503173,0.979,0.9681097049387625,0.9862242604320758,0.996,0.9897604437227377,0.9984434118595916,False,True,False,False,False,False,fitted_family
Newton,0,test,1,1.0,0.0,,,fitted_grid,pure,0,325000001,envelope,covariates_only66,uniform_white,1000,1000,13,0,987,987,0,1000,0.0,13.103,14.413,0.013,0.0076128203893510256,0.022114442375579666,0.0,2.168404344971009e-19,0.0038267584855551234,0.987,0.9778855576244203,0.9923871796106489,1.0,0.996173241514445,1.0,False,True,False,False,True,False,fitted_family
Newton,0,test,1,1.0,0.0,,,fitted_grid,pure,0,325000001,envelope,covariates_only66,clustered_correlated,1000,1000,14,0,986,986,0,1000,0.0,13.091,14.447,0.014,0.00835757513042392,0.02336203411753566,0.0,2.168404344971009e-19,0.0038267584855551234,0.986,0.9766379658824644,0.9916424248695761,1.0,0.996173241514445,1.0,False,True,False,False,True,False,fitted_family
Newton,0,test,1,1.0,0.0,,,fitted_grid,pure,0,325000001,envelope,covariates_only66,sparse_floor,1000,1000,10,0,990,989,1,999,0.0,13.102,14.402,0.01,0.005440754445529249,0.018309468870314774,0.0,2.168404344971009e-19,0.0038267584855551234,0.99,0.9816905311296853,0.9945592455544707,0.999,0.9943574414020421,0.9998234536293739,False,True,False,False,True,False,fitted_family
Newton,0,test,1,1.0,0.075,,40,fitted_grid,fitted_prior,1,325001001,baseline,covariates_only66,uniform_white,1000,1000,12,0,988,988,0,1000,0.0,13.044,14.51,0.012,0.006877647806403522,0.02085726847549828,0.0,2.168404344971009e-19,0.0038267584855551234,0.988,0.9791427315245017,0.9931223521935965,1.0,0.996173241514445,1.0,False,True,False,False,True,False,fitted_family
Newton,0,test,1,1.0,0.075,,40,fitted_grid,fitted_prior,1,325001001,baseline,covariates_only66,clustered_correlated,1000,1000,17,1,982,982,0,999,0.0,13.047,14.545,0.017,0.010640689856816328,0.027055958840229925,0.001,0.00017654637062607809,0.0056425585979579355,0.982,0.9717267448294926,0.9885842599904322,0.999,0.9943574414020421,0.9998234536293739,False,True,False,False,True,False,fitted_family
Newton,0,test,1,1.0,0.075,,40,fitted_grid,fitted_prior,1,325001001,baseline,covariates_only66,sparse_floor,1000,1000,16,0,984,984,0,1000,0.0,13.043,14.53,0.016,0.009872242002277388,0.02583206021173997,0.0,2.168404344971009e-19,0.0038267584855551234,0.984,0.97416793978826,0.9901277579977227,1.0,0.996173241514445,1.0,False,True,False,False,True,False,fitted_family
Newton,0,test,1,1.0,0.075,,40,fitted_grid,fitted_prior,1,325001001,envelope,covariates_only66,uniform_white,1000,1000,8,0,992,992,0,1000,0.0,13.044,14.51,0.008,0.004059195818806103,0.015706334530980144,0.0,2.168404344971009e-19,0.0038267584855551234,0.992,0.9842936654690199,0.995940804181194,1.0,0.996173241514445,1.0,False,True,False,False,True,False,fitted_family
Newton,0,test,1,1.0,0.075,,40,fitted_grid,fitted_prior,1,325001001,envelope,covariates_only66,clustered_correlated,1000,1000,8,0,992,992,0,1000,0.0,13.047,14.545,0.008,0.004059195818806103,0.015706334530980144,0.0,2.168404344971009e-19,0.0038267584855551234,0.992,0.9842936654690199,0.995940804181194,1.0,0.996173241514445,1.0,False,True,False,False,True,False,fitted_family
Newton,0,test,1,1.0,0.075,,40,fitted_grid,fitted_prior,1,325001001,envelope,covariates_only66,sparse_floor,1000,1000,7,0,993,993,0,1000,0.0,13.043,14.53,0.007,0.0033948684009907646,0.014378315465766588,0.0,2.168404344971009e-19,0.0038267584855551234,0.993,0.9856216845342334,0.9966051315990092,1.0,0.996173241514445,1.0,False,True,False,False,True,False,fitted_family
Newton,0,test,1,1.0,0.075,,80,fitted_grid,fitted_prior,2,325002001,baseline,covariates_only66,uniform_white,1000,1000,11,1,988,988,0,999,0.0,13.036,14.478,0.011,0.006153174098086638,0.019589395700786275,0.001,0.00017654637062607809,0.0056425585979579355,0.988,0.9791427315245017,0.9931223521935965,0.999,0.9943574414020421,0.9998234536293739,False,True,False,False,True,False,fitted_family
Newton,0,test,1,1.0,0.075,,80,fitted_grid,fitted_prior,2,325002001,baseline,covariates_only66,clustered_correlated,1000,1000,16,1,983,983,0,999,0.0,13.046,14.525,0.016,0.009872242002277388,0.02583206021173997,0.001,0.00017654637062607809,0.0056425585979579355,0.983,0.9729440411597701,0.9893593101431837,0.999,0.9943574414020421,0.9998234536293739,False,True,False,False,True,False,fitted_family
Newton,0,test,1,1.0,0.075,,80,fitted_grid,fitted_prior,2,325002001,baseline,covariates_only66,sparse_floor,1000,1000,19,1,980,980,0,999,0.0,13.038,14.482,0.019,0.012196885750790904,0.02948445591231312,0.001,0.00017654637062607809,0.0056425585979579355,0.98,0.9693099947702822,0.987016317083585,0.999,0.9943574414020421,0.9998234536293739,False,True,False,False,True,False,fitted_family
Newton,0,test,1,1.0,0.075,,80,fitted_grid,fitted_prior,2,325002001,envelope,covariates_only66,uniform_white,1000,1000,6,0,994,994,0,1000,0.0,13.036,14.478,0.006,0.0027526691418763745,0.01302816824185209,0.0,2.168404344971009e-19,0.0038267584855551234,0.994,0.9869718317581478,0.9972473308581237,1.0,0.996173241514445,1.0,False,True,False,False,True,False,fitted_family
Newton,0,test,1,1.0,0.075,,80,fitted_grid,fitted_prior,2,325002001,envelope,covariates_only66,clustered_correlated,1000,1000,9,0,991,991,0,1000,0.0,13.046,14.525,0.009,0.004742060667477063,0.01701581616533807,0.0,2.168404344971009e-19,0.0038267584855551234,0.991,0.982984183834662,0.9952579393325229,1.0,0.996173241514445,1.0,False,True,False,False,True,False,fitted_family
Newton,0,test,1,1.0,0.075,,80,fitted_grid,fitted_prior,2,325002001,envelope,covariates_only66,sparse_floor,1000,1000,7,0,993,993,0,1000,0.0,13.038,14.482,0.007,0.0033948684009907646,0.014378315465766588,0.0,2.168404344971009e-19,0.0038267584855551234,0.993,0.9856216845342334,0.9966051315990092,1.0,0.996173241514445,1.0,False,True,False,False,True,False,fitted_family
Newton,0,test,1,1.0,0.075,,60,fitted_grid,outside_inner_prior,3,325003001,baseline,covariates_only66,uniform_white,1000,1000,14,0,986,986,0,1000,0.0,13.068,14.334,0.014,0.00835757513042392,0.02336203411753566,0.0,2.168404344971009e-19,0.0038267584855551234,0.986,0.9766379658824644,0.9916424248695761,1.0,0.996173241514445,1.0,False,True,False,False,True,False,outside_inner_prior
Newton,0,test,1,1.0,0.075,,60,fitted_grid,outside_inner_prior,3,325003001,baseline,covariates_only66,clustered_correlated,1000,1000,15,0,985,984,1,999,0.0,13.07,14.348,0.015,0.009110978804081668,0.024600976926906798,0.0,2.168404344971009e-19,0.0038267584855551234,0.985,0.9753990230730932,0.9908890211959184,0.999,0.9943574414020421,0.9998234536293739,False,True,False,False,True,False,outside_inner_prior
Newton,0,test,1,1.0,0.075,,60,fitted_grid,outside_inner_prior,3,325003001,baseline,covariates_only66,sparse_floor,1000,1000,27,0,973,973,0,1000,0.0,13.063,14.321,0.027,0.018621382774294995,0.03899873075304015,0.0,2.168404344971009e-19,0.0038267584855551234,0.973,0.9610012692469598,0.9813786172257051,1.0,0.996173241514445,1.0,False,True,False,False,True,False,outside_inner_prior
Newton,0,test,1,1.0,0.075,,60,fitted_grid,outside_inner_prior,3,325003001,envelope,covariates_only66,uniform_white,1000,1000,8,0,992,992,0,1000,0.0,13.068,14.334,0.008,0.004059195818806103,0.015706334530980144,0.0,2.168404344971009e-19,0.0038267584855551234,0.992,0.9842936654690199,0.995940804181194,1.0,0.996173241514445,1.0,False,True,False,False,True,False,outside_inner_prior
Newton,0,test,1,1.0,0.075,,60,fitted_grid,outside_inner_prior,3,325003001,envelope,covariates_only66,clustered_correlated,1000,1000,14,1,985,985,0,999,0.0,13.07,14.348,0.014,0.00835757513042392,0.02336203411753566,0.001,0.00017654637062607809,0.0056425585979579355,0.985,0.9753990230730932,0.9908890211959184,0.999,0.9943574414020421,0.9998234536293739,False,True,False,False,True,False,outside_inner_prior
Newton,0,test,1,1.0,0.075,,60,fitted_grid,outside_inner_prior,3,325003001,envelope,covariates_only66,sparse_floor,1000,1000,6,0,994,994,0,1000,0.0,13.063,14.321,0.006,0.0027526691418763745,0.01302816824185209,0.0,2.168404344971009e-19,0.0038267584855551234,0.994,0.9869718317581478,0.9972473308581237,1.0,0.996173241514445,1.0,False,True,False,False,True,False,outside_inner_prior
Newton,0,test,1,1.0,0.075,,160,fitted_grid,outside_inner_prior,4,325004001,baseline,covariates_only66,uniform_white,1000,1000,15,1,984,983,1,998,0.0,13.087,14.422,0.015,0.009110978804081668,0.024600976926906798,0.001,0.00017654637062607809,0.0056425585979579355,0.984,0.97416793978826,0.9901277579977227,0.998,0.9927371921365079,0.9994513564118793,False,True,False,False,True,False,outside_inner_prior
Newton,0,test,1,1.0,0.075,,160,fitted_grid,outside_inner_prior,4,325004001,baseline,covariates_only66,clustered_correlated,1000,1000,16,1,983,981,2,997,0.0,13.08,14.454,0.016,0.009872242002277388,0.02583206021173997,0.001,0.00017654637062607809,0.0056425585979579355,0.983,0.9729440411597701,0.9893593101431837,0.997,0.9912169859464969,0.9989792161188614,False,True,False,False,True,False,outside_inner_prior
Newton,0,test,1,1.0,0.075,,160,fitted_grid,outside_inner_prior,4,325004001,baseline,covariates_only66,sparse_floor,1000,1000,26,3,971,970,1,996,0.0,13.087,14.406,0.026,0.017803938201616326,0.03782382884268993,0.003,0.0010207838811386186,0.008783014053503173,0.971,0.9586616416633058,0.9797335518433012,0.996,0.9897604437227377,0.9984434118595916,False,True,False,False,False,False,outside_inner_prior
Newton,0,test,1,1.0,0.075,,160,fitted_grid,outside_inner_prior,4,325004001,envelope,covariates_only66,uniform_white,1000,1000,13,1,986,985,1,998,0.0,13.087,14.422,0.013,0.0076128203893510256,0.022114442375579666,0.001,0.00017654637062607809,0.0056425585979579355,0.986,0.9766379658824644,0.9916424248695761,0.998,0.9927371921365079,0.9994513564118793,False,True,False,False,True,False,outside_inner_prior
Newton,0,test,1,1.0,0.075,,160,fitted_grid,outside_inner_prior,4,325004001,envelope,covariates_only66,clustered_correlated,1000,1000,14,0,986,985,1,999,0.0,13.08,14.454,0.014,0.00835757513042392,0.02336203411753566,0.0,2.168404344971009e-19,0.0038267584855551234,0.986,0.9766379658824644,0.9916424248695761,0.999,0.9943574414020421,0.9998234536293739,False,True,False,False,True,False,outside_inner_prior
Newton,0,test,1,1.0,0.075,,160,fitted_grid,outside_inner_prior,4,325004001,envelope,covariates_only66,sparse_floor,1000,1000,10,2,988,987,1,997,0.0,13.087,14.406,0.01,0.005440754445529249,0.018309468870314774,0.002,0.000548643588120728,0.007262807863492177,0.988,0.9791427315245017,0.9931223521935965,0.997,0.9912169859464969,0.9989792161188614,False,True,False,False,True,False,outside_inner_prior
Newton,0,test,1,1.0,0.225,,40,fitted_grid,fitted_prior,5,325005001,baseline,covariates_only66,uniform_white,1000,1000,17,2,981,981,0,998,0.0,12.999,14.273,0.017,0.010640689856816328,0.027055958840229925,0.002,0.000548643588120728,0.007262807863492177,0.981,0.9705155440876868,0.9878031142492091,0.998,0.9927371921365079,0.9994513564118793,False,True,False,False,True,False,fitted_family
Newton,0,test,1,1.0,0.225,,40,fitted_grid,fitted_prior,5,325005001,baseline,covariates_only66,clustered_correlated,1000,1000,18,3,979,979,0,997,0.0,13.007,14.302,0.018,0.011415740009567788,0.028273255170507345,0.003,0.0010207838811386186,0.008783014053503173,0.979,0.9681097049387625,0.9862242604320758,0.997,0.9912169859464969,0.9989792161188614,False,True,False,False,True,False,fitted_family
Newton,0,test,1,1.0,0.225,,40,fitted_grid,fitted_prior,5,325005001,baseline,covariates_only66,sparse_floor,1000,1000,20,3,977,977,0,997,0.0,13.004,14.281,0.02,0.012983682916415136,0.030690005229717786,0.003,0.0010207838811386186,0.008783014053503173,0.977,0.9657235493377733,0.9846257230670071,0.997,0.9912169859464969,0.9989792161188614,False,True,False,False,True,False,fitted_family
Newton,0,test,1,1.0,0.225,,40,fitted_grid,fitted_prior,5,325005001,envelope,covariates_only66,uniform_white,1000,1000,16,1,983,983,0,999,0.0,12.999,14.273,0.016,0.009872242002277388,0.02583206021173997,0.001,0.00017654637062607809,0.0056425585979579355,0.983,0.9729440411597701,0.9893593101431837,0.999,0.9943574414020421,0.9998234536293739,False,True,False,False,True,False,fitted_family
Newton,0,test,1,1.0,0.225,,40,fitted_grid,fitted_prior,5,325005001,envelope,covariates_only66,clustered_correlated,1000,1000,14,1,985,985,0,999,0.0,13.007,14.302,0.014,0.00835757513042392,0.02336203411753566,0.001,0.00017654637062607809,0.0056425585979579355,0.985,0.9753990230730932,0.9908890211959184,0.999,0.9943574414020421,0.9998234536293739,False,True,False,False,True,False,fitted_family
Newton,0,test,1,1.0,0.225,,40,fitted_grid,fitted_prior,5,325005001,envelope,covariates_only66,sparse_floor,1000,1000,10,1,989,989,0,999,0.0,13.004,14.281,0.01,0.005440754445529249,0.018309468870314774,0.001,0.00017654637062607809,0.0056425585979579355,0.989,0.9804106042992137,0.9938468259019134,0.999,0.9943574414020421,0.9998234536293739,False,True,False,False,True,False,fitted_family
Newton,0,test,1,1.0,0.225,,80,fitted_grid,fitted_prior,6,325006001,baseline,covariates_only66,uniform_white,1000,1000,13,1,986,985,1,998,0.0,13.069,14.375,0.013,0.0076128203893510256,0.022114442375579666,0.001,0.00017654637062607809,0.0056425585979579355,0.986,0.9766379658824644,0.9916424248695761,0.998,0.9927371921365079,0.9994513564118793,False,True,False,False,True,False,fitted_family
Newton,0,test,1,1.0,0.225,,80,fitted_grid,fitted_prior,6,325006001,baseline,covariates_only66,clustered_correlated,1000,1000,14,2,984,983,1,997,0.0,13.064,14.373,0.014,0.00835757513042392,0.02336203411753566,0.002,0.000548643588120728,0.007262807863492177,0.984,0.97416793978826,0.9901277579977227,0.997,0.9912169859464969,0.9989792161188614,False,True,False,False,True,False,fitted_family
Newton,0,test,1,1.0,0.225,,80,fitted_grid,fitted_prior,6,325006001,baseline,covariates_only66,sparse_floor,1000,1000,16,4,980,979,1,995,0.0,13.066,14.391,0.016,0.009872242002277388,0.02583206021173997,0.004,0.0015565881404084308,0.010239556277262253,0.98,0.9693099947702822,0.987016317083585,0.995,0.9883490446266249,0.9978624644726756,False,True,False,False,False,False,fitted_family
Newton,0,test,1,1.0,0.225,,80,fitted_grid,fitted_prior,6,325006001,envelope,covariates_only66,uniform_white,1000,1000,10,0,990,989,1,999,0.0,13.069,14.375,0.01,0.005440754445529249,0.018309468870314774,0.0,2.168404344971009e-19,0.0038267584855551234,0.99,0.9816905311296853,0.9945592455544707,0.999,0.9943574414020421,0.9998234536293739,False,True,False,False,True,False,fitted_family
Newton,0,test,1,1.0,0.225,,80,fitted_grid,fitted_prior,6,325006001,envelope,covariates_only66,clustered_correlated,1000,1000,9,0,991,990,1,999,0.0,13.064,14.373,0.009,0.004742060667477063,0.01701581616533807,0.0,2.168404344971009e-19,0.0038267584855551234,0.991,0.982984183834662,0.9952579393325229,0.999,0.9943574414020421,0.9998234536293739,False,True,False,False,True,False,fitted_family
Newton,0,test,1,1.0,0.225,,80,fitted_grid,fitted_prior,6,325006001,envelope,covariates_only66,sparse_floor,1000,1000,7,0,993,992,1,999,0.0,13.066,14.391,0.007,0.0033948684009907646,0.014378315465766588,0.0,2.168404344971009e-19,0.0038267584855551234,0.993,0.9856216845342334,0.9966051315990092,0.999,0.9943574414020421,0.9998234536293739,False,True,False,False,True,False,fitted_family
Newton,0,test,1,1.0,0.225,,60,fitted_grid,outside_inner_prior,7,325007001,baseline,covariates_only66,uniform_white,1000,1000,17,3,980,979,1,996,0.0,13.059,14.371,0.017,0.010640689856816328,0.027055958840229925,0.003,0.0010207838811386186,0.008783014053503173,0.98,0.9693099947702822,0.987016317083585,0.996,0.9897604437227377,0.9984434118595916,False,True,False,False,False,False,outside_inner_prior
Newton,0,test,1,1.0,0.225,,60,fitted_grid,outside_inner_prior,7,325007001,baseline,covariates_only66,clustered_correlated,1000,1000,25,3,972,972,0,997,0.0,13.059,14.386,0.025,0.016990131293434067,0.0366452892678433,0.003,0.0010207838811386186,0.008783014053503173,0.972,0.9598298168024069,0.9805577231872291,0.997,0.9912169859464969,0.9989792161188614,False,True,False,False,True,False,outside_inner_prior
Newton,0,test,1,1.0,0.225,,60,fitted_grid,outside_inner_prior,7,325007001,baseline,covariates_only66,sparse_floor,1000,1000,21,5,974,973,1,994,0.0,13.05,14.397,0.021,0.013775739567924286,0.03189029506123752,0.005,0.0021375355273244596,0.011650955373375113,0.974,0.9621761711573101,0.9821960617983837,0.994,0.9869718317581478,0.9972473308581237,False,True,False,False,False,False,outside_inner_prior
Newton,0,test,1,1.0,0.225,,60,fitted_grid,outside_inner_prior,7,325007001,envelope,covariates_only66,uniform_white,1000,1000,15,2,983,982,1,997,0.0,13.059,14.371,0.015,0.009110978804081668,0.024600976926906798,0.002,0.000548643588120728,0.007262807863492177,0.983,0.9729440411597701,0.9893593101431837,0.997,0.9912169859464969,0.9989792161188614,False,True,False,False,True,False,outside_inner_prior
Newton,0,test,1,1.0,0.225,,60,fitted_grid,outside_inner_prior,7,325007001,envelope,covariates_only66,clustered_correlated,1000,1000,17,1,982,982,0,999,0.0,13.059,14.386,0.017,0.010640689856816328,0.027055958840229925,0.001,0.00017654637062607809,0.0056425585979579355,0.982,0.9717267448294926,0.9885842599904322,0.999,0.9943574414020421,0.9998234536293739,False,True,False,False,True,False,outside_inner_prior
Newton,0,test,1,1.0,0.225,,60,fitted_grid,outside_inner_prior,7,325007001,envelope,covariates_only66,sparse_floor,1000,1000,11,2,987,986,1,997,0.0,13.05,14.397,0.011,0.006153174098086638,0.019589395700786275,0.002,0.000548643588120728,0.007262807863492177,0.987,0.9778855576244203,0.9923871796106489,0.997,0.9912169859464969,0.9989792161188614,False,True,False,False,True,False,outside_inner_prior
Newton,0,test,1,1.0,0.225,,160,fitted_grid,outside_inner_prior,8,325008001,baseline,covariates_only66,uniform_white,1000,1000,19,1,980,980,0,999,0.0,13.068,14.475,0.019,0.012196885750790904,0.02948445591231312,0.001,0.00017654637062607809,0.0056425585979579355,0.98,0.9693099947702822,0.987016317083585,0.999,0.9943574414020421,0.9998234536293739,False,True,False,False,True,False,outside_inner_prior
Newton,0,test,1,1.0,0.225,,160,fitted_grid,outside_inner_prior,8,325008001,baseline,covariates_only66,clustered_correlated,1000,1000,18,1,981,981,0,999,0.0,13.068,14.495,0.018,0.011415740009567788,0.028273255170507345,0.001,0.00017654637062607809,0.0056425585979579355,0.981,0.9705155440876868,0.9878031142492091,0.999,0.9943574414020421,0.9998234536293739,False,True,False,False,True,False,outside_inner_prior
Newton,0,test,1,1.0,0.225,,160,fitted_grid,outside_inner_prior,8,325008001,baseline,covariates_only66,sparse_floor,1000,1000,22,1,977,977,0,999,0.0,13.061,14.458,0.022,0.014572707764791058,0.03308567334739963,0.001,0.00017654637062607809,0.0056425585979579355,0.977,0.9657235493377733,0.9846257230670071,0.999,0.9943574414020421,0.9998234536293739,False,True,False,False,True,False,outside_inner_prior
Newton,0,test,1,1.0,0.225,,160,fitted_grid,outside_inner_prior,8,325008001,envelope,covariates_only66,uniform_white,1000,1000,14,0,986,986,0,1000,0.0,13.068,14.475,0.014,0.00835757513042392,0.02336203411753566,0.0,2.168404344971009e-19,0.0038267584855551234,0.986,0.9766379658824644,0.9916424248695761,1.0,0.996173241514445,1.0,False,True,False,False,True,False,outside_inner_prior
Newton,0,test,1,1.0,0.225,,160,fitted_grid,outside_inner_prior,8,325008001,envelope,covariates_only66,clustered_correlated,1000,1000,13,0,987,987,0,1000,0.0,13.068,14.495,0.013,0.0076128203893510256,0.022114442375579666,0.0,2.168404344971009e-19,0.0038267584855551234,0.987,0.9778855576244203,0.9923871796106489,1.0,0.996173241514445,1.0,False,True,False,False,True,False,outside_inner_prior
Newton,0,test,1,1.0,0.225,,160,fitted_grid,outside_inner_prior,8,325008001,envelope,covariates_only66,sparse_floor,1000,1000,9,0,991,991,0,1000,0.0,13.061,14.458,0.009,0.004742060667477063,0.01701581616533807,0.0,2.168404344971009e-19,0.0038267584855551234,0.991,0.982984183834662,0.9952579393325229,1.0,0.996173241514445,1.0,False,True,False,False,True,False,outside_inner_prior
Newton,0,test,1,1.0,0.3,,40,fitted_grid,fitted_prior,9,325009001,baseline,covariates_only66,uniform_white,1000,1000,17,2,981,981,0,998,0.0,13.036,14.385,0.017,0.010640689856816328,0.027055958840229925,0.002,0.000548643588120728,0.007262807863492177,0.981,0.9705155440876868,0.9878031142492091,0.998,0.9927371921365079,0.9994513564118793,False,True,False,False,True,False,fitted_family
Newton,0,test,1,1.0,0.3,,40,fitted_grid,fitted_prior,9,325009001,baseline,covariates_only66,clustered_correlated,1000,1000,22,2,976,976,0,998,0.0,13.039,14.376,0.022,0.014572707764791058,0.03308567334739963,0.002,0.000548643588120728,0.007262807863492177,0.976,0.9645370943883885,0.9838198315333629,0.998,0.9927371921365079,0.9994513564118793,False,True,False,False,True,False,fitted_family
Newton,0,test,1,1.0,0.3,,40,fitted_grid,fitted_prior,9,325009001,baseline,covariates_only66,sparse_floor,1000,1000,24,2,974,974,0,998,0.0,13.037,14.463,0.024,0.016180168466636995,0.03546290561161149,0.002,0.000548643588120728,0.007262807863492177,0.974,0.9621761711573101,0.9821960617983837,0.998,0.9927371921365079,0.9994513564118793,False,True,False,False,True,False,fitted_family
Newton,0,test,1,1.0,0.3,,40,fitted_grid,fitted_prior,9,325009001,envelope,covariates_only66,uniform_white,1000,1000,15,0,985,985,0,1000,0.0,13.036,14.385,0.015,0.009110978804081668,0.024600976926906798,0.0,2.168404344971009e-19,0.0038267584855551234,0.985,0.9753990230730932,0.9908890211959184,1.0,0.996173241514445,1.0,False,True,False,False,True,False,fitted_family
Newton,0,test,1,1.0,0.3,,40,fitted_grid,fitted_prior,9,325009001,envelope,covariates_only66,clustered_correlated,1000,1000,16,0,984,984,0,1000,0.0,13.039,14.376,0.016,0.009872242002277388,0.02583206021173997,0.0,2.168404344971009e-19,0.0038267584855551234,0.984,0.97416793978826,0.9901277579977227,1.0,0.996173241514445,1.0,False,True,False,False,True,False,fitted_family
Newton,0,test,1,1.0,0.3,,40,fitted_grid,fitted_prior,9,325009001,envelope,covariates_only66,sparse_floor,1000,1000,15,0,985,985,0,1000,0.0,13.037,14.463,0.015,0.009110978804081668,0.024600976926906798,0.0,2.168404344971009e-19,0.0038267584855551234,0.985,0.9753990230730932,0.9908890211959184,1.0,0.996173241514445,1.0,False,True,False,False,True,False,fitted_family
Newton,0,test,1,1.0,0.3,,80,fitted_grid,fitted_prior,10,325010001,baseline,covariates_only66,uniform_white,1000,1000,16,1,983,981,2,997,0.0,13.056,14.649,0.016,0.009872242002277388,0.02583206021173997,0.001,0.00017654637062607809,0.0056425585979579355,0.983,0.9729440411597701,0.9893593101431837,0.997,0.9912169859464969,0.9989792161188614,False,True,False,False,True,False,fitted_family
Newton,0,test,1,1.0,0.3,,80,fitted_grid,fitted_prior,10,325010001,baseline,covariates_only66,clustered_correlated,1000,1000,11,1,988,986,2,997,0.0,13.056,14.604,0.011,0.006153174098086638,0.019589395700786275,0.001,0.00017654637062607809,0.0056425585979579355,0.988,0.9791427315245017,0.9931223521935965,0.997,0.9912169859464969,0.9989792161188614,False,True,False,False,True,False,fitted_family
Newton,0,test,1,1.0,0.3,,80,fitted_grid,fitted_prior,10,325010001,baseline,covariates_only66,sparse_floor,1000,1000,19,2,979,977,2,996,0.0,13.047,14.733,0.019,0.012196885750790904,0.02948445591231312,0.002,0.000548643588120728,0.007262807863492177,0.979,0.9681097049387625,0.9862242604320758,0.996,0.9897604437227377,0.9984434118595916,False,True,False,False,False,False,fitted_family
Newton,0,test,1,1.0,0.3,,80,fitted_grid,fitted_prior,10,325010001,envelope,covariates_only66,uniform_white,1000,1000,11,0,989,987,2,998,0.0,13.056,14.649,0.011,0.006153174098086638,0.019589395700786275,0.0,2.168404344971009e-19,0.0038267584855551234,0.989,0.9804106042992137,0.9938468259019134,0.998,0.9927371921365079,0.9994513564118793,False,True,False,False,True,False,fitted_family
Newton,0,test,1,1.0,0.3,,80,fitted_grid,fitted_prior,10,325010001,envelope,covariates_only66,clustered_correlated,1000,1000,9,0,991,990,1,999,0.0,13.056,14.604,0.009,0.004742060667477063,0.01701581616533807,0.0,2.168404344971009e-19,0.0038267584855551234,0.991,0.982984183834662,0.9952579393325229,0.999,0.9943574414020421,0.9998234536293739,False,True,False,False,True,False,fitted_family
Newton,0,test,1,1.0,0.3,,80,fitted_grid,fitted_prior,10,325010001,envelope,covariates_only66,sparse_floor,1000,1000,7,0,993,991,2,998,0.0,13.047,14.733,0.007,0.0033948684009907646,0.014378315465766588,0.0,2.168404344971009e-19,0.0038267584855551234,0.993,0.9856216845342334,0.9966051315990092,0.998,0.9927371921365079,0.9994513564118793,False,True,False,False,True,False,fitted_family
Newton,0,test,1,1.0,0.3,,60,fitted_grid,outside_inner_prior,11,325011001,baseline,covariates_only66,uniform_white,1000,1000,11,3,986,985,1,996,0.0,13.025,14.523,0.011,0.006153174098086638,0.019589395700786275,0.003,0.0010207838811386186,0.008783014053503173,0.986,0.9766379658824644,0.9916424248695761,0.996,0.9897604437227377,0.9984434118595916,False,True,False,False,False,False,outside_inner_prior
Newton,0,test,1,1.0,0.3,,60,fitted_grid,outside_inner_prior,11,325011001,baseline,covariates_only66,clustered_correlated,1000,1000,12,2,986,984,2,996,0.0,13.02,14.485,0.012,0.006877647806403522,0.02085726847549828,0.002,0.000548643588120728,0.007262807863492177,0.986,0.9766379658824644,0.9916424248695761,0.996,0.9897604437227377,0.9984434118595916,False,True,False,False,False,False,outside_inner_prior
Newton,0,test,1,1.0,0.3,,60,fitted_grid,outside_inner_prior,11,325011001,baseline,covariates_only66,sparse_floor,1000,1000,17,4,979,979,0,996,0.0,13.029,14.464,0.017,0.010640689856816328,0.027055958840229925,0.004,0.0015565881404084308,0.010239556277262253,0.979,0.9681097049387625,0.9862242604320758,0.996,0.9897604437227377,0.9984434118595916,False,True,False,False,False,False,outside_inner_prior
Newton,0,test,1,1.0,0.3,,60,fitted_grid,outside_inner_prior,11,325011001,envelope,covariates_only66,uniform_white,1000,1000,9,0,991,990,1,999,0.0,13.025,14.523,0.009,0.004742060667477063,0.01701581616533807,0.0,2.168404344971009e-19,0.0038267584855551234,0.991,0.982984183834662,0.9952579393325229,0.999,0.9943574414020421,0.9998234536293739,False,True,False,False,True,False,outside_inner_prior
Newton,0,test,1,1.0,0.3,,60,fitted_grid,outside_inner_prior,11,325011001,envelope,covariates_only66,clustered_correlated,1000,1000,8,0,992,991,1,999,0.0,13.02,14.485,0.008,0.004059195818806103,0.015706334530980144,0.0,2.168404344971009e-19,0.0038267584855551234,0.992,0.9842936654690199,0.995940804181194,0.999,0.9943574414020421,0.9998234536293739,False,True,False,False,True,False,outside_inner_prior
Newton,0,test,1,1.0,0.3,,60,fitted_grid,outside_inner_prior,11,325011001,envelope,covariates_only66,sparse_floor,1000,1000,8,0,992,992,0,1000,0.0,13.029,14.464,0.008,0.004059195818806103,0.015706334530980144,0.0,2.168404344971009e-19,0.0038267584855551234,0.992,0.9842936654690199,0.995940804181194,1.0,0.996173241514445,1.0,False,True,False,False,True,False,outside_inner_prior
Newton,0,test,1,1.0,0.3,,160,fitted_grid,outside_inner_prior,12,325012001,baseline,full66,uniform_white,1000,1000,988,1,11,0,11,988,0.000357,1.045,1.141,0.988,0.9791427315245017,0.9931223521935965,0.001,0.00017654637062607809,0.0056425585979579355,0.011,0.006153174098086638,0.019589395700786275,0.988,0.9791427315245017,0.9931223521935965,True,False,False,True,False,False,outside_inner_prior
Newton,0,test,1,1.0,0.3,,160,fitted_grid,outside_inner_prior,12,325012001,baseline,covariates_only66,uniform_white,1000,1000,11,1,988,988,0,999,0.0,13.008,14.482,0.011,0.006153174098086638,0.019589395700786275,0.001,0.00017654637062607809,0.0056425585979579355,0.988,0.9791427315245017,0.9931223521935965,0.999,0.9943574414020421,0.9998234536293739,False,True,False,False,True,False,outside_inner_prior
Newton,0,test,1,1.0,0.3,,160,fitted_grid,outside_inner_prior,12,325012001,baseline,covariates_only66,clustered_correlated,1000,1000,10,2,988,988,0,998,0.0,13.005,14.488,0.01,0.005440754445529249,0.018309468870314774,0.002,0.000548643588120728,0.007262807863492177,0.988,0.9791427315245017,0.9931223521935965,0.998,0.9927371921365079,0.9994513564118793,False,True,False,False,True,False,outside_inner_prior
Newton,0,test,1,1.0,0.3,,160,fitted_grid,outside_inner_prior,12,325012001,baseline,covariates_only66,sparse_floor,1000,1000,17,1,982,982,0,999,0.0,13.005,14.54,0.017,0.010640689856816328,0.027055958840229925,0.001,0.00017654637062607809,0.0056425585979579355,0.982,0.9717267448294926,0.9885842599904322,0.999,0.9943574414020421,0.9998234536293739,False,True,False,False,True,False,outside_inner_prior
Newton,0,test,1,1.0,0.3,,160,fitted_grid,outside_inner_prior,12,325012001,baseline,conditional66,uniform_white,1000,1000,953,7,40,35,5,988,0.000357,1.781,1.1,0.953,0.9380600619184716,0.9644728948936154,0.007,0.0033948684009907646,0.014378315465766588,0.04,0.02951097368545276,0.05400964412125796,0.988,0.9791427315245017,0.9931223521935965,True,False,False,False,False,False,outside_inner_prior
Newton,0,test,1,1.0,0.3,,160,fitted_grid,outside_inner_prior,12,325012001,envelope,covariates_only66,uniform_white,1000,1000,5,1,994,994,0,999,0.0,13.008,14.482,0.005,0.0021375355273244596,0.011650955373375113,0.001,0.00017654637062607809,0.0056425585979579355,0.994,0.9869718317581478,0.9972473308581237,0.999,0.9943574414020421,0.9998234536293739,False,True,False,False,True,False,outside_inner_prior
Newton,0,test,1,1.0,0.3,,160,fitted_grid,outside_inner_prior,12,325012001,envelope,covariates_only66,clustered_correlated,1000,1000,5,0,995,995,0,1000,0.0,13.005,14.488,0.005,0.0021375355273244596,0.011650955373375113,0.0,2.168404344971009e-19,0.0038267584855551234,0.995,0.9883490446266249,0.9978624644726756,1.0,0.996173241514445,1.0,False,True,False,False,True,False,outside_inner_prior
Newton,0,test,1,1.0,0.3,,160,fitted_grid,outside_inner_prior,12,325012001,envelope,covariates_only66,sparse_floor,1000,1000,5,1,994,994,0,999,0.0,13.005,14.54,0.005,0.0021375355273244596,0.011650955373375113,0.001,0.00017654637062607809,0.0056425585979579355,0.994,0.9869718317581478,0.9972473308581237,0.999,0.9943574414020421,0.9998234536293739,False,True,False,False,True,False,outside_inner_prior
Newton,0,test,1,1.3,0.0,,,fitted_grid,pure,13,325013001,baseline,covariates_only66,uniform_white,1000,1000,12,1,987,987,0,999,0.0,13.094,14.617,0.012,0.006877647806403522,0.02085726847549828,0.001,0.00017654637062607809,0.0056425585979579355,0.987,0.9778855576244203,0.9923871796106489,0.999,0.9943574414020421,0.9998234536293739,False,True,False,False,True,False,fitted_family
Newton,0,test,1,1.3,0.0,,,fitted_grid,pure,13,325013001,baseline,covariates_only66,clustered_correlated,1000,1000,18,2,980,980,0,998,0.0,13.098,14.572,0.018,0.011415740009567788,0.028273255170507345,0.002,0.000548643588120728,0.007262807863492177,0.98,0.9693099947702822,0.987016317083585,0.998,0.9927371921365079,0.9994513564118793,False,True,False,False,True,False,fitted_family
Newton,0,test,1,1.3,0.0,,,fitted_grid,pure,13,325013001,baseline,covariates_only66,sparse_floor,1000,1000,20,1,979,979,0,999,0.0,13.092,14.605,0.02,0.012983682916415136,0.030690005229717786,0.001,0.00017654637062607809,0.0056425585979579355,0.979,0.9681097049387625,0.9862242604320758,0.999,0.9943574414020421,0.9998234536293739,False,True,False,False,True,False,fitted_family
Newton,0,test,1,1.3,0.0,,,fitted_grid,pure,13,325013001,envelope,covariates_only66,uniform_white,1000,1000,8,0,992,992,0,1000,0.0,13.094,14.617,0.008,0.004059195818806103,0.015706334530980144,0.0,2.168404344971009e-19,0.0038267584855551234,0.992,0.9842936654690199,0.995940804181194,1.0,0.996173241514445,1.0,False,True,False,False,True,False,fitted_family
Newton,0,test,1,1.3,0.0,,,fitted_grid,pure,13,325013001,envelope,covariates_only66,clustered_correlated,1000,1000,7,0,993,993,0,1000,0.0,13.098,14.572,0.007,0.0033948684009907646,0.014378315465766588,0.0,2.168404344971009e-19,0.0038267584855551234,0.993,0.9856216845342334,0.9966051315990092,1.0,0.996173241514445,1.0,False,True,False,False,True,False,fitted_family
Newton,0,test,1,1.3,0.0,,,fitted_grid,pure,13,325013001,envelope,covariates_only66,sparse_floor,1000,1000,10,0,990,990,0,1000,0.0,13.092,14.605,0.01,0.005440754445529249,0.018309468870314774,0.0,2.168404344971009e-19,0.0038267584855551234,0.99,0.9816905311296853,0.9945592455544707,1.0,0.996173241514445,1.0,False,True,False,False,True,False,fitted_family
Newton,0,test,1,1.3,0.075,,40,fitted_grid,fitted_prior,14,325014001,baseline,covariates_only66,uniform_white,1000,1000,13,0,987,987,0,1000,0.0,13.136,14.339,0.013,0.0076128203893510256,0.022114442375579666,0.0,2.168404344971009e-19,0.0038267584855551234,0.987,0.9778855576244203,0.9923871796106489,1.0,0.996173241514445,1.0,False,True,False,False,True,False,fitted_family
Newton,0,test,1,1.3,0.075,,40,fitted_grid,fitted_prior,14,325014001,baseline,covariates_only66,clustered_correlated,1000,1000,14,0,986,984,2,998,0.0,13.134,14.329,0.014,0.00835757513042392,0.02336203411753566,0.0,2.168404344971009e-19,0.0038267584855551234,0.986,0.9766379658824644,0.9916424248695761,0.998,0.9927371921365079,0.9994513564118793,False,True,False,False,True,False,fitted_family
Newton,0,test,1,1.3,0.075,,40,fitted_grid,fitted_prior,14,325014001,baseline,covariates_only66,sparse_floor,1000,1000,18,1,981,980,1,998,0.0,13.134,14.31,0.018,0.011415740009567788,0.028273255170507345,0.001,0.00017654637062607809,0.0056425585979579355,0.981,0.9705155440876868,0.9878031142492091,0.998,0.9927371921365079,0.9994513564118793,False,True,False,False,True,False,fitted_family
Newton,0,test,1,1.3,0.075,,40,fitted_grid,fitted_prior,14,325014001,envelope,covariates_only66,uniform_white,1000,1000,11,0,989,989,0,1000,0.0,13.136,14.339,0.011,0.006153174098086638,0.019589395700786275,0.0,2.168404344971009e-19,0.0038267584855551234,0.989,0.9804106042992137,0.9938468259019134,1.0,0.996173241514445,1.0,False,True,False,False,True,False,fitted_family
Newton,0,test,1,1.3,0.075,,40,fitted_grid,fitted_prior,14,325014001,envelope,covariates_only66,clustered_correlated,1000,1000,13,0,987,987,0,1000,0.0,13.134,14.329,0.013,0.0076128203893510256,0.022114442375579666,0.0,2.168404344971009e-19,0.0038267584855551234,0.987,0.9778855576244203,0.9923871796106489,1.0,0.996173241514445,1.0,False,True,False,False,True,False,fitted_family
Newton,0,test,1,1.3,0.075,,40,fitted_grid,fitted_prior,14,325014001,envelope,covariates_only66,sparse_floor,1000,1000,9,0,991,990,1,999,0.0,13.134,14.31,0.009,0.004742060667477063,0.01701581616533807,0.0,2.168404344971009e-19,0.0038267584855551234,0.991,0.982984183834662,0.9952579393325229,0.999,0.9943574414020421,0.9998234536293739,False,True,False,False,True,False,fitted_family
Newton,0,test,1,1.3,0.075,,80,fitted_grid,fitted_prior,15,325015001,baseline,covariates_only66,uniform_white,1000,1000,11,0,989,989,0,1000,0.0,13.128,14.569,0.011,0.006153174098086638,0.019589395700786275,0.0,2.168404344971009e-19,0.0038267584855551234,0.989,0.9804106042992137,0.9938468259019134,1.0,0.996173241514445,1.0,False,True,False,False,True,False,fitted_family
Newton,0,test,1,1.3,0.075,,80,fitted_grid,fitted_prior,15,325015001,baseline,covariates_only66,clustered_correlated,1000,1000,15,0,985,985,0,1000,0.0,13.138,14.467,0.015,0.009110978804081668,0.024600976926906798,0.0,2.168404344971009e-19,0.0038267584855551234,0.985,0.9753990230730932,0.9908890211959184,1.0,0.996173241514445,1.0,False,True,False,False,True,False,fitted_family
Newton,0,test,1,1.3,0.075,,80,fitted_grid,fitted_prior,15,325015001,baseline,covariates_only66,sparse_floor,1000,1000,16,0,984,984,0,1000,0.0,13.128,14.577,0.016,0.009872242002277388,0.02583206021173997,0.0,2.168404344971009e-19,0.0038267584855551234,0.984,0.97416793978826,0.9901277579977227,1.0,0.996173241514445,1.0,False,True,False,False,True,False,fitted_family
Newton,0,test,1,1.3,0.075,,80,fitted_grid,fitted_prior,15,325015001,envelope,covariates_only66,uniform_white,1000,1000,10,0,990,990,0,1000,0.0,13.128,14.569,0.01,0.005440754445529249,0.018309468870314774,0.0,2.168404344971009e-19,0.0038267584855551234,0.99,0.9816905311296853,0.9945592455544707,1.0,0.996173241514445,1.0,False,True,False,False,True,False,fitted_family
Newton,0,test,1,1.3,0.075,,80,fitted_grid,fitted_prior,15,325015001,envelope,covariates_only66,clustered_correlated,1000,1000,7,0,993,993,0,1000,0.0,13.138,14.467,0.007,0.0033948684009907646,0.014378315465766588,0.0,2.168404344971009e-19,0.0038267584855551234,0.993,0.9856216845342334,0.9966051315990092,1.0,0.996173241514445,1.0,False,True,False,False,True,False,fitted_family
Newton,0,test,1,1.3,0.075,,80,fitted_grid,fitted_prior,15,325015001,envelope,covariates_only66,sparse_floor,1000,1000,8,0,992,992,0,1000,0.0,13.128,14.577,0.008,0.004059195818806103,0.015706334530980144,0.0,2.168404344971009e-19,0.0038267584855551234,0.992,0.9842936654690199,0.995940804181194,1.0,0.996173241514445,1.0,False,True,False,False,True,False,fitted_family
Newton,0,test,1,1.3,0.075,,60,fitted_grid,outside_inner_prior,16,325016001,baseline,covariates_only66,uniform_white,1000,1000,12,1,987,987,0,999,0.0,13.203,14.215,0.012,0.006877647806403522,0.02085726847549828,0.001,0.00017654637062607809,0.0056425585979579355,0.987,0.9778855576244203,0.9923871796106489,0.999,0.9943574414020421,0.9998234536293739,False,True,False,False,True,False,outside_inner_prior
Newton,0,test,1,1.3,0.075,,60,fitted_grid,outside_inner_prior,16,325016001,baseline,covariates_only66,clustered_correlated,1000,1000,12,0,988,987,1,999,0.0,13.194,14.137,0.012,0.006877647806403522,0.02085726847549828,0.0,2.168404344971009e-19,0.0038267584855551234,0.988,0.9791427315245017,0.9931223521935965,0.999,0.9943574414020421,0.9998234536293739,False,True,False,False,True,False,outside_inner_prior
Newton,0,test,1,1.3,0.075,,60,fitted_grid,outside_inner_prior,16,325016001,baseline,covariates_only66,sparse_floor,1000,1000,15,0,985,983,2,998,0.0,13.193,14.283,0.015,0.009110978804081668,0.024600976926906798,0.0,2.168404344971009e-19,0.0038267584855551234,0.985,0.9753990230730932,0.9908890211959184,0.998,0.9927371921365079,0.9994513564118793,False,True,False,False,True,False,outside_inner_prior
Newton,0,test,1,1.3,0.075,,60,fitted_grid,outside_inner_prior,16,325016001,envelope,covariates_only66,uniform_white,1000,1000,9,0,991,991,0,1000,0.0,13.203,14.215,0.009,0.004742060667477063,0.01701581616533807,0.0,2.168404344971009e-19,0.0038267584855551234,0.991,0.982984183834662,0.9952579393325229,1.0,0.996173241514445,1.0,False,True,False,False,True,False,outside_inner_prior
Newton,0,test,1,1.3,0.075,,60,fitted_grid,outside_inner_prior,16,325016001,envelope,covariates_only66,clustered_correlated,1000,1000,5,1,994,994,0,999,0.0,13.194,14.137,0.005,0.0021375355273244596,0.011650955373375113,0.001,0.00017654637062607809,0.0056425585979579355,0.994,0.9869718317581478,0.9972473308581237,0.999,0.9943574414020421,0.9998234536293739,False,True,False,False,True,False,outside_inner_prior
Newton,0,test,1,1.3,0.075,,60,fitted_grid,outside_inner_prior,16,325016001,envelope,covariates_only66,sparse_floor,1000,1000,10,0,990,988,2,998,0.0,13.193,14.283,0.01,0.005440754445529249,0.018309468870314774,0.0,2.168404344971009e-19,0.0038267584855551234,0.99,0.9816905311296853,0.9945592455544707,0.998,0.9927371921365079,0.9994513564118793,False,True,False,False,True,False,outside_inner_prior
Newton,0,test,1,1.3,0.075,,160,fitted_grid,outside_inner_prior,17,325017001,baseline,covariates_only66,uniform_white,1000,1000,11,0,989,989,0,1000,0.0,13.084,14.359,0.011,0.006153174098086638,0.019589395700786275,0.0,2.168404344971009e-19,0.0038267584855551234,0.989,0.9804106042992137,0.9938468259019134,1.0,0.996173241514445,1.0,False,True,False,False,True,False,outside_inner_prior
Newton,0,test,1,1.3,0.075,,160,fitted_grid,outside_inner_prior,17,325017001,baseline,covariates_only66,clustered_correlated,1000,1000,10,0,990,989,1,999,0.0,13.099,14.331,0.01,0.005440754445529249,0.018309468870314774,0.0,2.168404344971009e-19,0.0038267584855551234,0.99,0.9816905311296853,0.9945592455544707,0.999,0.9943574414020421,0.9998234536293739,False,True,False,False,True,False,outside_inner_prior
Newton,0,test,1,1.3,0.075,,160,fitted_grid,outside_inner_prior,17,325017001,baseline,covariates_only66,sparse_floor,1000,1000,14,1,985,984,1,998,0.0,13.083,14.299,0.014,0.00835757513042392,0.02336203411753566,0.001,0.00017654637062607809,0.0056425585979579355,0.985,0.9753990230730932,0.9908890211959184,0.998,0.9927371921365079,0.9994513564118793,False,True,False,False,True,False,outside_inner_prior
Newton,0,test,1,1.3,0.075,,160,fitted_grid,outside_inner_prior,17,325017001,envelope,covariates_only66,uniform_white,1000,1000,7,0,993,993,0,1000,0.0,13.084,14.359,0.007,0.0033948684009907646,0.014378315465766588,0.0,2.168404344971009e-19,0.0038267584855551234,0.993,0.9856216845342334,0.9966051315990092,1.0,0.996173241514445,1.0,False,True,False,False,True,False,outside_inner_prior
Newton,0,test,1,1.3,0.075,,160,fitted_grid,outside_inner_prior,17,325017001,envelope,covariates_only66,clustered_correlated,1000,1000,8,0,992,991,1,999,0.0,13.099,14.331,0.008,0.004059195818806103,0.015706334530980144,0.0,2.168404344971009e-19,0.0038267584855551234,0.992,0.9842936654690199,0.995940804181194,0.999,0.9943574414020421,0.9998234536293739,False,True,False,False,True,False,outside_inner_prior
Newton,0,test,1,1.3,0.075,,160,fitted_grid,outside_inner_prior,17,325017001,envelope,covariates_only66,sparse_floor,1000,1000,6,0,994,993,1,999,0.0,13.083,14.299,0.006,0.0027526691418763745,0.01302816824185209,0.0,2.168404344971009e-19,0.0038267584855551234,0.994,0.9869718317581478,0.9972473308581237,0.999,0.9943574414020421,0.9998234536293739,False,True,False,False,True,False,outside_inner_prior
Newton,0,test,1,1.3,0.225,,40,fitted_grid,fitted_prior,18,325018001,baseline,covariates_only66,uniform_white,1000,1000,12,0,988,988,0,1000,0.0,13.134,14.423,0.012,0.006877647806403522,0.02085726847549828,0.0,2.168404344971009e-19,0.0038267584855551234,0.988,0.9791427315245017,0.9931223521935965,1.0,0.996173241514445,1.0,False,True,False,False,True,False,fitted_family
Newton,0,test,1,1.3,0.225,,40,fitted_grid,fitted_prior,18,325018001,baseline,covariates_only66,clustered_correlated,1000,1000,12,0,988,988,0,1000,0.0,13.112,14.372,0.012,0.006877647806403522,0.02085726847549828,0.0,2.168404344971009e-19,0.0038267584855551234,0.988,0.9791427315245017,0.9931223521935965,1.0,0.996173241514445,1.0,False,True,False,False,True,False,fitted_family
Newton,0,test,1,1.3,0.225,,40,fitted_grid,fitted_prior,18,325018001,baseline,covariates_only66,sparse_floor,1000,1000,8,0,992,991,1,999,0.0,13.135,14.376,0.008,0.004059195818806103,0.015706334530980144,0.0,2.168404344971009e-19,0.0038267584855551234,0.992,0.9842936654690199,0.995940804181194,0.999,0.9943574414020421,0.9998234536293739,False,True,False,False,True,False,fitted_family
Newton,0,test,1,1.3,0.225,,40,fitted_grid,fitted_prior,18,325018001,envelope,covariates_only66,uniform_white,1000,1000,11,0,989,989,0,1000,0.0,13.134,14.423,0.011,0.006153174098086638,0.019589395700786275,0.0,2.168404344971009e-19,0.0038267584855551234,0.989,0.9804106042992137,0.9938468259019134,1.0,0.996173241514445,1.0,False,True,False,False,True,False,fitted_family
Newton,0,test,1,1.3,0.225,,40,fitted_grid,fitted_prior,18,325018001,envelope,covariates_only66,clustered_correlated,1000,1000,7,0,993,993,0,1000,0.0,13.112,14.372,0.007,0.0033948684009907646,0.014378315465766588,0.0,2.168404344971009e-19,0.0038267584855551234,0.993,0.9856216845342334,0.9966051315990092,1.0,0.996173241514445,1.0,False,True,False,False,True,False,fitted_family
Newton,0,test,1,1.3,0.225,,40,fitted_grid,fitted_prior,18,325018001,envelope,covariates_only66,sparse_floor,1000,1000,6,0,994,993,1,999,0.0,13.135,14.376,0.006,0.0027526691418763745,0.01302816824185209,0.0,2.168404344971009e-19,0.0038267584855551234,0.994,0.9869718317581478,0.9972473308581237,0.999,0.9943574414020421,0.9998234536293739,False,True,False,False,True,False,fitted_family
Newton,0,test,1,1.3,0.225,,80,fitted_grid,fitted_prior,19,325019001,baseline,covariates_only66,uniform_white,1000,1000,12,1,987,986,1,998,0.0,13.091,14.429,0.012,0.006877647806403522,0.02085726847549828,0.001,0.00017654637062607809,0.0056425585979579355,0.987,0.9778855576244203,0.9923871796106489,0.998,0.9927371921365079,0.9994513564118793,False,True,False,False,True,False,fitted_family
Newton,0,test,1,1.3,0.225,,80,fitted_grid,fitted_prior,19,325019001,baseline,covariates_only66,clustered_correlated,1000,1000,11,0,989,988,1,999,0.0,13.096,14.386,0.011,0.006153174098086638,0.019589395700786275,0.0,2.168404344971009e-19,0.0038267584855551234,0.989,0.9804106042992137,0.9938468259019134,0.999,0.9943574414020421,0.9998234536293739,False,True,False,False,True,False,fitted_family
Newton,0,test,1,1.3,0.225,,80,fitted_grid,fitted_prior,19,325019001,baseline,covariates_only66,sparse_floor,1000,1000,18,1,981,980,1,998,0.0,13.087,14.493,0.018,0.011415740009567788,0.028273255170507345,0.001,0.00017654637062607809,0.0056425585979579355,0.981,0.9705155440876868,0.9878031142492091,0.998,0.9927371921365079,0.9994513564118793,False,True,False,False,True,False,fitted_family
Newton,0,test,1,1.3,0.225,,80,fitted_grid,fitted_prior,19,325019001,envelope,covariates_only66,uniform_white,1000,1000,10,0,990,989,1,999,0.0,13.091,14.429,0.01,0.005440754445529249,0.018309468870314774,0.0,2.168404344971009e-19,0.0038267584855551234,0.99,0.9816905311296853,0.9945592455544707,0.999,0.9943574414020421,0.9998234536293739,False,True,False,False,True,False,fitted_family
Newton,0,test,1,1.3,0.225,,80,fitted_grid,fitted_prior,19,325019001,envelope,covariates_only66,clustered_correlated,1000,1000,9,1,990,990,0,999,0.0,13.096,14.386,0.009,0.004742060667477063,0.01701581616533807,0.001,0.00017654637062607809,0.0056425585979579355,0.99,0.9816905311296853,0.9945592455544707,0.999,0.9943574414020421,0.9998234536293739,False,True,False,False,True,False,fitted_family
Newton,0,test,1,1.3,0.225,,80,fitted_grid,fitted_prior,19,325019001,envelope,covariates_only66,sparse_floor,1000,1000,7,0,993,992,1,999,0.0,13.087,14.493,0.007,0.0033948684009907646,0.014378315465766588,0.0,2.168404344971009e-19,0.0038267584855551234,0.993,0.9856216845342334,0.9966051315990092,0.999,0.9943574414020421,0.9998234536293739,False,True,False,False,True,False,fitted_family
Newton,0,test,1,1.3,0.225,,60,fitted_grid,outside_inner_prior,20,325020001,baseline,covariates_only66,uniform_white,1000,1000,11,1,988,988,0,999,0.0,13.149,14.406,0.011,0.006153174098086638,0.019589395700786275,0.001,0.00017654637062607809,0.0056425585979579355,0.988,0.9791427315245017,0.9931223521935965,0.999,0.9943574414020421,0.9998234536293739,False,True,False,False,True,False,outside_inner_prior
Newton,0,test,1,1.3,0.225,,60,fitted_grid,outside_inner_prior,20,325020001,baseline,covariates_only66,clustered_correlated,1000,1000,8,2,990,990,0,998,0.0,13.15,14.403,0.008,0.004059195818806103,0.015706334530980144,0.002,0.000548643588120728,0.007262807863492177,0.99,0.9816905311296853,0.9945592455544707,0.998,0.9927371921365079,0.9994513564118793,False,True,False,False,True,False,outside_inner_prior
Newton,0,test,1,1.3,0.225,,60,fitted_grid,outside_inner_prior,20,325020001,baseline,covariates_only66,sparse_floor,1000,1000,15,2,983,983,0,998,0.0,13.13,14.381,0.015,0.009110978804081668,0.024600976926906798,0.002,0.000548643588120728,0.007262807863492177,0.983,0.9729440411597701,0.9893593101431837,0.998,0.9927371921365079,0.9994513564118793,False,True,False,False,True,False,outside_inner_prior
Newton,0,test,1,1.3,0.225,,60,fitted_grid,outside_inner_prior,20,325020001,envelope,covariates_only66,uniform_white,1000,1000,8,0,992,992,0,1000,0.0,13.149,14.406,0.008,0.004059195818806103,0.015706334530980144,0.0,2.168404344971009e-19,0.0038267584855551234,0.992,0.9842936654690199,0.995940804181194,1.0,0.996173241514445,1.0,False,True,False,False,True,False,outside_inner_prior
Newton,0,test,1,1.3,0.225,,60,fitted_grid,outside_inner_prior,20,325020001,envelope,covariates_only66,clustered_correlated,1000,1000,4,0,996,996,0,1000,0.0,13.15,14.403,0.004,0.0015565881404084308,0.010239556277262253,0.0,2.168404344971009e-19,0.0038267584855551234,0.996,0.9897604437227377,0.9984434118595916,1.0,0.996173241514445,1.0,False,True,False,False,True,False,outside_inner_prior
Newton,0,test,1,1.3,0.225,,60,fitted_grid,outside_inner_prior,20,325020001,envelope,covariates_only66,sparse_floor,1000,1000,5,0,995,995,0,1000,0.0,13.13,14.381,0.005,0.0021375355273244596,0.011650955373375113,0.0,2.168404344971009e-19,0.0038267584855551234,0.995,0.9883490446266249,0.9978624644726756,1.0,0.996173241514445,1.0,False,True,False,False,True,False,outside_inner_prior
Newton,0,test,1,1.3,0.225,,160,fitted_grid,outside_inner_prior,21,325021001,baseline,covariates_only66,uniform_white,1000,1000,16,0,984,983,1,999,0.0,13.169,14.518,0.016,0.009872242002277388,0.02583206021173997,0.0,2.168404344971009e-19,0.0038267584855551234,0.984,0.97416793978826,0.9901277579977227,0.999,0.9943574414020421,0.9998234536293739,False,True,False,False,True,False,outside_inner_prior
Newton,0,test,1,1.3,0.225,,160,fitted_grid,outside_inner_prior,21,325021001,baseline,covariates_only66,clustered_correlated,1000,1000,18,1,981,980,1,998,0.0,13.155,14.528,0.018,0.011415740009567788,0.028273255170507345,0.001,0.00017654637062607809,0.0056425585979579355,0.981,0.9705155440876868,0.9878031142492091,0.998,0.9927371921365079,0.9994513564118793,False,True,False,False,True,False,outside_inner_prior
Newton,0,test,1,1.3,0.225,,160,fitted_grid,outside_inner_prior,21,325021001,baseline,covariates_only66,sparse_floor,1000,1000,18,0,982,981,1,999,0.0,13.171,14.553,0.018,0.011415740009567788,0.028273255170507345,0.0,2.168404344971009e-19,0.0038267584855551234,0.982,0.9717267448294926,0.9885842599904322,0.999,0.9943574414020421,0.9998234536293739,False,True,False,False,True,False,outside_inner_prior
Newton,0,test,1,1.3,0.225,,160,fitted_grid,outside_inner_prior,21,325021001,envelope,covariates_only66,uniform_white,1000,1000,11,0,989,988,1,999,0.0,13.169,14.518,0.011,0.006153174098086638,0.019589395700786275,0.0,2.168404344971009e-19,0.0038267584855551234,0.989,0.9804106042992137,0.9938468259019134,0.999,0.9943574414020421,0.9998234536293739,False,True,False,False,True,False,outside_inner_prior
Newton,0,test,1,1.3,0.225,,160,fitted_grid,outside_inner_prior,21,325021001,envelope,covariates_only66,clustered_correlated,1000,1000,11,0,989,988,1,999,0.0,13.155,14.528,0.011,0.006153174098086638,0.019589395700786275,0.0,2.168404344971009e-19,0.0038267584855551234,0.989,0.9804106042992137,0.9938468259019134,0.999,0.9943574414020421,0.9998234536293739,False,True,False,False,True,False,outside_inner_prior
Newton,0,test,1,1.3,0.225,,160,fitted_grid,outside_inner_prior,21,325021001,envelope,covariates_only66,sparse_floor,1000,1000,10,0,990,989,1,999,0.0,13.171,14.553,0.01,0.005440754445529249,0.018309468870314774,0.0,2.168404344971009e-19,0.0038267584855551234,0.99,0.9816905311296853,0.9945592455544707,0.999,0.9943574414020421,0.9998234536293739,False,True,False,False,True,False,outside_inner_prior
Newton,0,test,1,1.3,0.3,,40,fitted_grid,fitted_prior,22,325022001,baseline,covariates_only66,uniform_white,1000,1000,10,0,990,990,0,1000,0.0,13.127,14.411,0.01,0.005440754445529249,0.018309468870314774,0.0,2.168404344971009e-19,0.0038267584855551234,0.99,0.9816905311296853,0.9945592455544707,1.0,0.996173241514445,1.0,False,True,False,False,True,False,fitted_family
Newton,0,test,1,1.3,0.3,,40,fitted_grid,fitted_prior,22,325022001,baseline,covariates_only66,clustered_correlated,1000,1000,12,0,988,988,0,1000,0.0,13.09,14.397,0.012,0.006877647806403522,0.02085726847549828,0.0,2.168404344971009e-19,0.0038267584855551234,0.988,0.9791427315245017,0.9931223521935965,1.0,0.996173241514445,1.0,False,True,False,False,True,False,fitted_family
Newton,0,test,1,1.3,0.3,,40,fitted_grid,fitted_prior,22,325022001,baseline,covariates_only66,sparse_floor,1000,1000,15,1,984,982,2,997,0.0,13.105,14.41,0.015,0.009110978804081668,0.024600976926906798,0.001,0.00017654637062607809,0.0056425585979579355,0.984,0.97416793978826,0.9901277579977227,0.997,0.9912169859464969,0.9989792161188614,False,True,False,False,True,False,fitted_family
Newton,0,test,1,1.3,0.3,,40,fitted_grid,fitted_prior,22,325022001,envelope,covariates_only66,uniform_white,1000,1000,8,0,992,992,0,1000,0.0,13.127,14.411,0.008,0.004059195818806103,0.015706334530980144,0.0,2.168404344971009e-19,0.0038267584855551234,0.992,0.9842936654690199,0.995940804181194,1.0,0.996173241514445,1.0,False,True,False,False,True,False,fitted_family
Newton,0,test,1,1.3,0.3,,40,fitted_grid,fitted_prior,22,325022001,envelope,covariates_only66,clustered_correlated,1000,1000,6,0,994,994,0,1000,0.0,13.09,14.397,0.006,0.0027526691418763745,0.01302816824185209,0.0,2.168404344971009e-19,0.0038267584855551234,0.994,0.9869718317581478,0.9972473308581237,1.0,0.996173241514445,1.0,False,True,False,False,True,False,fitted_family
Newton,0,test,1,1.3,0.3,,40,fitted_grid,fitted_prior,22,325022001,envelope,covariates_only66,sparse_floor,1000,1000,4,0,996,995,1,999,0.0,13.105,14.41,0.004,0.0015565881404084308,0.010239556277262253,0.0,2.168404344971009e-19,0.0038267584855551234,0.996,0.9897604437227377,0.9984434118595916,0.999,0.9943574414020421,0.9998234536293739,False,True,False,False,True,False,fitted_family
Newton,0,test,1,1.3,0.3,,80,fitted_grid,fitted_prior,23,325023001,baseline,covariates_only66,uniform_white,1000,1000,4,0,996,996,0,1000,0.0,13.181,14.271,0.004,0.0015565881404084308,0.010239556277262253,0.0,2.168404344971009e-19,0.0038267584855551234,0.996,0.9897604437227377,0.9984434118595916,1.0,0.996173241514445,1.0,False,True,False,False,True,False,fitted_family
Newton,0,test,1,1.3,0.3,,80,fitted_grid,fitted_prior,23,325023001,baseline,covariates_only66,clustered_correlated,1000,1000,4,0,996,995,1,999,0.0,13.146,14.168,0.004,0.0015565881404084308,0.010239556277262253,0.0,2.168404344971009e-19,0.0038267584855551234,0.996,0.9897604437227377,0.9984434118595916,0.999,0.9943574414020421,0.9998234536293739,False,True,False,False,True,False,fitted_family
Newton,0,test,1,1.3,0.3,,80,fitted_grid,fitted_prior,23,325023001,baseline,covariates_only66,sparse_floor,1000,1000,10,1,989,989,0,999,0.0,13.18,14.247,0.01,0.005440754445529249,0.018309468870314774,0.001,0.00017654637062607809,0.0056425585979579355,0.989,0.9804106042992137,0.9938468259019134,0.999,0.9943574414020421,0.9998234536293739,False,True,False,False,True,False,fitted_family
Newton,0,test,1,1.3,0.3,,80,fitted_grid,fitted_prior,23,325023001,envelope,covariates_only66,uniform_white,1000,1000,2,0,998,998,0,1000,0.0,13.181,14.271,0.002,0.000548643588120728,0.007262807863492177,0.0,2.168404344971009e-19,0.0038267584855551234,0.998,0.9927371921365079,0.9994513564118793,1.0,0.996173241514445,1.0,False,True,False,False,True,False,fitted_family
Newton,0,test,1,1.3,0.3,,80,fitted_grid,fitted_prior,23,325023001,envelope,covariates_only66,clustered_correlated,1000,1000,1,0,999,999,0,1000,0.0,13.146,14.168,0.001,0.00017654637062607809,0.0056425585979579355,0.0,2.168404344971009e-19,0.0038267584855551234,0.999,0.9943574414020421,0.9998234536293739,1.0,0.996173241514445,1.0,False,True,False,False,True,False,fitted_family
Newton,0,test,1,1.3,0.3,,80,fitted_grid,fitted_prior,23,325023001,envelope,covariates_only66,sparse_floor,1000,1000,4,0,996,996,0,1000,0.0,13.18,14.247,0.004,0.0015565881404084308,0.010239556277262253,0.0,2.168404344971009e-19,0.0038267584855551234,0.996,0.9897604437227377,0.9984434118595916,1.0,0.996173241514445,1.0,False,True,False,False,True,False,fitted_family
Newton,0,test,1,1.3,0.3,,60,fitted_grid,outside_inner_prior,24,325024001,baseline,covariates_only66,uniform_white,1000,1000,8,1,991,991,0,999,0.0,13.121,14.52,0.008,0.004059195818806103,0.015706334530980144,0.001,0.00017654637062607809,0.0056425585979579355,0.991,0.982984183834662,0.9952579393325229,0.999,0.9943574414020421,0.9998234536293739,False,True,False,False,True,False,outside_inner_prior
Newton,0,test,1,1.3,0.3,,60,fitted_grid,outside_inner_prior,24,325024001,baseline,covariates_only66,clustered_correlated,1000,1000,10,2,988,986,2,996,0.0,13.118,14.531,0.01,0.005440754445529249,0.018309468870314774,0.002,0.000548643588120728,0.007262807863492177,0.988,0.9791427315245017,0.9931223521935965,0.996,0.9897604437227377,0.9984434118595916,False,True,False,False,False,False,outside_inner_prior
Newton,0,test,1,1.3,0.3,,60,fitted_grid,outside_inner_prior,24,325024001,baseline,covariates_only66,sparse_floor,1000,1000,10,1,989,989,0,999,0.0,13.097,14.5,0.01,0.005440754445529249,0.018309468870314774,0.001,0.00017654637062607809,0.0056425585979579355,0.989,0.9804106042992137,0.9938468259019134,0.999,0.9943574414020421,0.9998234536293739,False,True,False,False,True,False,outside_inner_prior
Newton,0,test,1,1.3,0.3,,60,fitted_grid,outside_inner_prior,24,325024001,envelope,covariates_only66,uniform_white,1000,1000,7,0,993,993,0,1000,0.0,13.121,14.52,0.007,0.0033948684009907646,0.014378315465766588,0.0,2.168404344971009e-19,0.0038267584855551234,0.993,0.9856216845342334,0.9966051315990092,1.0,0.996173241514445,1.0,False,True,False,False,True,False,outside_inner_prior
Newton,0,test,1,1.3,0.3,,60,fitted_grid,outside_inner_prior,24,325024001,envelope,covariates_only66,clustered_correlated,1000,1000,8,0,992,992,0,1000,0.0,13.118,14.531,0.008,0.004059195818806103,0.015706334530980144,0.0,2.168404344971009e-19,0.0038267584855551234,0.992,0.9842936654690199,0.995940804181194,1.0,0.996173241514445,1.0,False,True,False,False,True,False,outside_inner_prior
Newton,0,test,1,1.3,0.3,,60,fitted_grid,outside_inner_prior,24,325024001,envelope,covariates_only66,sparse_floor,1000,1000,3,0,997,997,0,1000,0.0,13.097,14.5,0.003,0.0010207838811386186,0.008783014053503173,0.0,2.168404344971009e-19,0.0038267584855551234,0.997,0.9912169859464969,0.9989792161188614,1.0,0.996173241514445,1.0,False,True,False,False,True,False,outside_inner_prior
Newton,0,test,1,1.3,0.3,,160,fitted_grid,outside_inner_prior,25,325025001,baseline,full34,uniform_white,1000,1000,961,9,30,26,4,987,0.000624,1.077,1.211,0.961,0.9471306895804986,0.9713410390958196,0.009,0.004742060667477063,0.01701581616533807,0.03,0.0210937388288347,0.042503414147587126,0.987,0.9778855576244203,0.9923871796106489,True,False,False,False,False,False,outside_inner_prior
Newton,0,test,1,1.3,0.3,,160,fitted_grid,outside_inner_prior,25,325025001,baseline,full34,clustered_correlated,1000,1000,959,6,35,30,5,989,0.0006590000000000001,1.061,1.204,0.959,0.9448520067923587,0.9696350289179017,0.006,0.0027526691418763745,0.01302816824185209,0.035,0.02527226301711295,0.04828662237445333,0.989,0.9804106042992137,0.9938468259019134,True,False,False,False,False,False,outside_inner_prior
Newton,0,test,1,1.3,0.3,,160,fitted_grid,outside_inner_prior,25,325025001,baseline,covariates_only66,uniform_white,1000,1000,15,0,985,984,1,999,0.0,13.127,14.515,0.015,0.009110978804081668,0.024600976926906798,0.0,2.168404344971009e-19,0.0038267584855551234,0.985,0.9753990230730932,0.9908890211959184,0.999,0.9943574414020421,0.9998234536293739,False,True,False,False,True,False,outside_inner_prior
Newton,0,test,1,1.3,0.3,,160,fitted_grid,outside_inner_prior,25,325025001,baseline,covariates_only66,clustered_correlated,1000,1000,16,1,983,983,0,999,0.0,13.127,14.47,0.016,0.009872242002277388,0.02583206021173997,0.001,0.00017654637062607809,0.0056425585979579355,0.983,0.9729440411597701,0.9893593101431837,0.999,0.9943574414020421,0.9998234536293739,False,True,False,False,True,False,outside_inner_prior
Newton,0,test,1,1.3,0.3,,160,fitted_grid,outside_inner_prior,25,325025001,baseline,covariates_only66,sparse_floor,1000,1000,22,0,978,978,0,1000,0.0,13.134,14.546,0.022,0.014572707764791058,0.03308567334739963,0.0,2.168404344971009e-19,0.0038267584855551234,0.978,0.9669143266526004,0.985427292235209,1.0,0.996173241514445,1.0,False,True,False,False,True,False,outside_inner_prior
Newton,0,test,1,1.3,0.3,,160,fitted_grid,outside_inner_prior,25,325025001,envelope,covariates_only66,uniform_white,1000,1000,12,0,988,988,0,1000,0.0,13.127,14.515,0.012,0.006877647806403522,0.02085726847549828,0.0,2.168404344971009e-19,0.0038267584855551234,0.988,0.9791427315245017,0.9931223521935965,1.0,0.996173241514445,1.0,False,True,False,False,True,False,outside_inner_prior
Newton,0,test,1,1.3,0.3,,160,fitted_grid,outside_inner_prior,25,325025001,envelope,covariates_only66,clustered_correlated,1000,1000,9,0,991,991,0,1000,0.0,13.127,14.47,0.009,0.004742060667477063,0.01701581616533807,0.0,2.168404344971009e-19,0.0038267584855551234,0.991,0.982984183834662,0.9952579393325229,1.0,0.996173241514445,1.0,False,True,False,False,True,False,outside_inner_prior
Newton,0,test,1,1.3,0.3,,160,fitted_grid,outside_inner_prior,25,325025001,envelope,covariates_only66,sparse_floor,1000,1000,11,0,989,989,0,1000,0.0,13.134,14.546,0.011,0.006153174098086638,0.019589395700786275,0.0,2.168404344971009e-19,0.0038267584855551234,0.989,0.9804106042992137,0.9938468259019134,1.0,0.996173241514445,1.0,False,True,False,False,True,False,outside_inner_prior
Newton,0,test,1,1.6,0.0,,,fitted_grid,pure,26,325026001,baseline,covariates_only66,uniform_white,1000,1000,344,0,656,656,0,1000,0.0,13.0,12.761,0.344,0.3152044922028449,0.37398945644464826,0.0,2.168404344971009e-19,0.0038267584855551234,0.656,0.6260105435553518,0.684795507797155,1.0,0.996173241514445,1.0,False,True,False,False,True,False,fitted_family
Newton,0,test,1,1.6,0.0,,,fitted_grid,pure,26,325026001,baseline,covariates_only66,clustered_correlated,1000,1000,331,0,669,669,0,1000,0.0,13.003,12.76,0.331,0.3025295138380275,0.36076393053009015,0.0,2.168404344971009e-19,0.0038267584855551234,0.669,0.63923606946991,0.6974704861619725,1.0,0.996173241514445,1.0,False,True,False,False,True,False,fitted_family
Newton,0,test,1,1.6,0.0,,,fitted_grid,pure,26,325026001,baseline,covariates_only66,sparse_floor,1000,1000,367,0,633,633,0,1000,0.0,13.002,12.77,0.367,0.33768854423226846,0.3973293735248892,0.0,2.168404344971009e-19,0.0038267584855551234,0.633,0.6026706264751108,0.6623114557677315,1.0,0.996173241514445,1.0,False,True,False,False,True,False,fitted_family
Newton,0,test,1,1.6,0.0,,,fitted_grid,pure,26,325026001,envelope,covariates_only66,uniform_white,1000,1000,322,0,678,678,0,1000,0.0,13.0,12.761,0.322,0.29376911381672366,0.351593212204134,0.0,2.168404344971009e-19,0.0038267584855551234,0.678,0.6484067877958661,0.7062308861832765,1.0,0.996173241514445,1.0,False,True,False,False,True,False,fitted_family
Newton,0,test,1,1.6,0.0,,,fitted_grid,pure,26,325026001,envelope,covariates_only66,clustered_correlated,1000,1000,316,0,684,684,0,1000,0.0,13.003,12.76,0.316,0.28793562210416745,0.34547262501851683,0.0,2.168404344971009e-19,0.0038267584855551234,0.684,0.6545273749814833,0.7120643778958327,1.0,0.996173241514445,1.0,False,True,False,False,True,False,fitted_family
Newton,0,test,1,1.6,0.0,,,fitted_grid,pure,26,325026001,envelope,covariates_only66,sparse_floor,1000,1000,286,0,714,714,0,1000,0.0,13.002,12.77,0.286,0.25885269614280204,0.3147851564890155,0.0,2.168404344971009e-19,0.0038267584855551234,0.714,0.6852148435109845,0.741147303857198,1.0,0.996173241514445,1.0,False,True,False,False,True,False,fitted_family
Newton,0,test,1,1.6,0.075,,40,fitted_grid,fitted_prior,27,325027001,baseline,covariates_only66,uniform_white,1000,1000,309,2,689,689,0,998,0.0,13.085,12.764,0.309,0.28113685771666347,0.33832496402481854,0.002,0.000548643588120728,0.007262807863492177,0.689,0.6596320732865386,0.7169214120059215,0.998,0.9927371921365079,0.9994513564118793,False,True,False,False,True,False,fitted_family
Newton,0,test,1,1.6,0.075,,40,fitted_grid,fitted_prior,27,325027001,baseline,covariates_only66,clustered_correlated,1000,1000,313,2,685,685,0,998,0.0,13.081,12.768,0.313,0.28502093895360764,0.34241026871999,0.002,0.000548643588120728,0.007262807863492177,0.685,0.655548006716873,0.7130360926434717,0.998,0.9927371921365079,0.9994513564118793,False,True,False,False,True,False,fitted_family
Newton,0,test,1,1.6,0.075,,40,fitted_grid,fitted_prior,27,325027001,baseline,covariates_only66,sparse_floor,1000,1000,334,2,664,664,0,998,0.0,13.082,12.775,0.334,0.3054523188740042,0.36381816494320013,0.002,0.000548643588120728,0.007262807863492177,0.664,0.6341464130394475,0.6925984101772905,0.998,0.9927371921365079,0.9994513564118793,False,True,False,False,True,False,fitted_family
Newton,0,test,1,1.6,0.075,,40,fitted_grid,fitted_prior,27,325027001,envelope,covariates_only66,uniform_white,1000,1000,286,0,714,714,0,1000,0.0,13.085,12.764,0.286,0.25885269614280204,0.3147851564890155,0.0,2.168404344971009e-19,0.0038267584855551234,0.714,0.6852148435109845,0.741147303857198,1.0,0.996173241514445,1.0,False,True,False,False,True,False,fitted_family
Newton,0,test,1,1.6,0.075,,40,fitted_grid,fitted_prior,27,325027001,envelope,covariates_only66,clustered_correlated,1000,1000,292,0,708,708,0,1000,0.0,13.081,12.768,0.292,0.2646576946068598,0.3209342369231311,0.0,2.168404344971009e-19,0.0038267584855551234,0.708,0.679065763076869,0.7353423053931402,1.0,0.996173241514445,1.0,False,True,False,False,True,False,fitted_family
Newton,0,test,1,1.6,0.075,,40,fitted_grid,fitted_prior,27,325027001,envelope,covariates_only66,sparse_floor,1000,1000,251,0,749,749,0,1000,0.0,13.082,12.775,0.251,0.22511381079019804,0.27879191493560834,0.0,2.168404344971009e-19,0.0038267584855551234,0.749,0.7212080850643917,0.7748861892098019,1.0,0.996173241514445,1.0,False,True,False,False,True,False,fitted_family
Newton,0,test,1,1.6,0.075,,80,fitted_grid,fitted_prior,28,325028001,baseline,covariates_only66,uniform_white,1000,1000,316,0,684,684,0,1000,0.0,13.058,12.791,0.316,0.28793562210416745,0.34547262501851683,0.0,2.168404344971009e-19,0.0038267584855551234,0.684,0.6545273749814833,0.7120643778958327,1.0,0.996173241514445,1.0,False,True,False,False,True,False,fitted_family
Newton,0,test,1,1.6,0.075,,80,fitted_grid,fitted_prior,28,325028001,baseline,covariates_only66,clustered_correlated,1000,1000,315,0,685,685,0,1000,0.0,13.063,12.789,0.315,0.28696390735652827,0.3444519932831271,0.0,2.168404344971009e-19,0.0038267584855551234,0.685,0.655548006716873,0.7130360926434717,1.0,0.996173241514445,1.0,False,True,False,False,True,False,fitted_family
Newton,0,test,1,1.6,0.075,,80,fitted_grid,fitted_prior,28,325028001,baseline,covariates_only66,sparse_floor,1000,1000,338,0,662,662,0,1000,0.0,13.067,12.794,0.338,0.3093514451469222,0.36788842460239773,0.0,2.168404344971009e-19,0.0038267584855551234,0.662,0.6321115753976023,0.6906485548530779,1.0,0.996173241514445,1.0,False,True,False,False,True,False,fitted_family
Newton,0,test,1,1.6,0.075,,80,fitted_grid,fitted_prior,28,325028001,envelope,covariates_only66,uniform_white,1000,1000,296,0,704,704,0,1000,0.0,13.058,12.791,0.296,0.26853097433797923,0.32503034312412726,0.0,2.168404344971009e-19,0.0038267584855551234,0.704,0.6749696568758727,0.7314690256620207,1.0,0.996173241514445,1.0,False,True,False,False,True,False,fitted_family
Newton,0,test,1,1.6,0.075,,80,fitted_grid,fitted_prior,28,325028001,envelope,covariates_only66,clustered_correlated,1000,1000,296,0,704,704,0,1000,0.0,13.063,12.789,0.296,0.26853097433797923,0.32503034312412726,0.0,2.168404344971009e-19,0.0038267584855551234,0.704,0.6749696568758727,0.7314690256620207,1.0,0.996173241514445,1.0,False,True,False,False,True,False,fitted_family
Newton,0,test,1,1.6,0.075,,80,fitted_grid,fitted_prior,28,325028001,envelope,covariates_only66,sparse_floor,1000,1000,259,0,741,741,0,1000,0.0,13.067,12.794,0.259,0.23280623499082614,0.28703826259921145,0.0,2.168404344971009e-19,0.0038267584855551234,0.741,0.7129617374007885,0.7671937650091739,1.0,0.996173241514445,1.0,False,True,False,False,True,False,fitted_family
Newton,0,test,1,1.6,0.075,,60,fitted_grid,outside_inner_prior,29,325029001,baseline,covariates_only66,uniform_white,1000,1000,337,0,663,663,0,1000,0.0,13.065,12.764,0.337,0.30837644459788477,0.36687107866840624,0.0,2.168404344971009e-19,0.0038267584855551234,0.663,0.6331289213315938,0.6916235554021153,1.0,0.996173241514445,1.0,False,True,False,False,True,False,outside_inner_prior
Newton,0,test,1,1.6,0.075,,60,fitted_grid,outside_inner_prior,29,325029001,baseline,covariates_only66,clustered_correlated,1000,1000,329,0,671,669,2,998,0.0,13.054,12.761,0.329,0.3005817152780353,0.3587270361240246,0.0,2.168404344971009e-19,0.0038267584855551234,0.671,0.6412729638759754,0.6994182847219649,0.998,0.9927371921365079,0.9994513564118793,False,True,False,False,True,False,outside_inner_prior
Newton,0,test,1,1.6,0.075,,60,fitted_grid,outside_inner_prior,29,325029001,baseline,covariates_only66,sparse_floor,1000,1000,361,1,638,637,1,998,0.0,13.046,12.757,0.361,0.3318160018268193,0.391247837032165,0.001,0.00017654637062607809,0.0056425585979579355,0.638,0.6077382275254601,0.6672055871325266,0.998,0.9927371921365079,0.9994513564118793,False,True,False,False,True,False,outside_inner_prior
Newton,0,test,1,1.6,0.075,,60,fitted_grid,outside_inner_prior,29,325029001,envelope,covariates_only66,uniform_white,1000,1000,320,0,680,680,0,1000,0.0,13.065,12.764,0.32,0.29182400898144156,0.3495536240733583,0.0,2.168404344971009e-19,0.0038267584855551234,0.68,0.6504463759266418,0.7081759910185584,1.0,0.996173241514445,1.0,False,True,False,False,True,False,outside_inner_prior
Newton,0,test,1,1.6,0.075,,60,fitted_grid,outside_inner_prior,29,325029001,envelope,covariates_only66,clustered_correlated,1000,1000,308,0,692,692,0,1000,0.0,13.054,12.761,0.308,0.28016622636313016,0.33730324889532304,0.0,2.168404344971009e-19,0.0038267584855551234,0.692,0.662696751104677,0.7198337736368697,1.0,0.996173241514445,1.0,False,True,False,False,True,False,outside_inner_prior
Newton,0,test,1,1.6,0.075,,60,fitted_grid,outside_inner_prior,29,325029001,envelope,covariates_only66,sparse_floor,1000,1000,276,0,724,723,1,999,0.0,13.046,12.757,0.276,0.2491910960732594,0.3045232917282693,0.0,2.168404344971009e-19,0.0038267584855551234,0.724,0.6954767082717307,0.7508089039267406,0.999,0.9943574414020421,0.9998234536293739,False,True,False,False,True,False,outside_inner_prior
Newton,0,test,1,1.6,0.075,,160,fitted_grid,outside_inner_prior,30,325030001,baseline,covariates_only66,uniform_white,1000,1000,322,1,677,677,0,999,0.0,13.001,12.738,0.322,0.29376911381672366,0.351593212204134,0.001,0.00017654637062607809,0.0056425585979579355,0.677,0.6473872202713616,0.705258107224752,0.999,0.9943574414020421,0.9998234536293739,False,True,False,False,True,False,outside_inner_prior
Newton,0,test,1,1.6,0.075,,160,fitted_grid,outside_inner_prior,30,325030001,baseline,covariates_only66,clustered_correlated,1000,1000,315,3,682,681,1,996,0.0,13.0,12.746,0.315,0.28696390735652827,0.3444519932831271,0.003,0.0010207838811386186,0.008783014053503173,0.682,0.6524865706462925,0.7101204892649656,0.996,0.9897604437227377,0.9984434118595916,False,True,False,False,False,False,outside_inner_prior
Newton,0,test,1,1.6,0.075,,160,fitted_grid,outside_inner_prior,30,325030001,baseline,covariates_only66,sparse_floor,1000,1000,346,2,652,652,0,998,0.0,13.001,12.763,0.346,0.3171566601020642,0.3760219815114867,0.002,0.000548643588120728,0.007262807863492177,0.652,0.6219460655735375,0.6808905998468539,0.998,0.9927371921365079,0.9994513564118793,False,True,False,False,True,False,outside_inner_prior
Newton,0,test,1,1.6,0.075,,160,fitted_grid,outside_inner_prior,30,325030001,envelope,covariates_only66,uniform_white,1000,1000,303,0,697,697,0,1000,0.0,13.001,12.738,0.303,0.27531542432193984,0.3321923185213688,0.0,2.168404344971009e-19,0.0038267584855551234,0.697,0.6678076814786311,0.72468457567806,1.0,0.996173241514445,1.0,False,True,False,False,True,False,outside_inner_prior
Newton,0,test,1,1.6,0.075,,160,fitted_grid,outside_inner_prior,30,325030001,envelope,covariates_only66,clustered_correlated,1000,1000,298,1,701,701,0,999,0.0,13.0,12.746,0.298,0.27046858673913043,0.3270774236890338,0.001,0.00017654637062607809,0.0056425585979579355,0.701,0.6718992775111103,0.7285623655776965,0.999,0.9943574414020421,0.9998234536293739,False,True,False,False,True,False,outside_inner_prior
Newton,0,test,1,1.6,0.075,,160,fitted_grid,outside_inner_prior,30,325030001,envelope,covariates_only66,sparse_floor,1000,1000,265,0,735,735,0,1000,0.0,13.001,12.763,0.265,0.23858325625975632,0.2932153202284546,0.0,2.168404344971009e-19,0.0038267584855551234,0.735,0.7067846797715454,0.7614167437402437,1.0,0.996173241514445,1.0,False,True,False,False,True,False,outside_inner_prior
Newton,0,test,1,1.6,0.225,,40,fitted_grid,fitted_prior,31,325031001,baseline,covariates_only66,uniform_white,1000,1000,299,1,700,699,1,998,0.0,13.07,12.749,0.299,0.27143763442230356,0.3281007224888896,0.001,0.00017654637062607809,0.0056425585979579355,0.7,0.6708761390827828,0.7275931575229951,0.998,0.9927371921365079,0.9994513564118793,False,True,False,False,True,False,fitted_family
Newton,0,test,1,1.6,0.225,,40,fitted_grid,fitted_prior,31,325031001,baseline,covariates_only66,clustered_correlated,1000,1000,310,2,688,688,0,998,0.0,13.069,12.764,0.31,0.28210764506522773,0.3393465231592832,0.002,0.000548643588120728,0.007262807863492177,0.688,0.6586108249018996,0.7159503139075316,0.998,0.9927371921365079,0.9994513564118793,False,True,False,False,True,False,fitted_family
Newton,0,test,1,1.6,0.225,,40,fitted_grid,fitted_prior,31,325031001,baseline,covariates_only66,sparse_floor,1000,1000,315,1,684,684,0,999,0.0,13.077,12.757,0.315,0.28696390735652827,0.3444519932831271,0.001,0.00017654637062607809,0.0056425585979579355,0.684,0.6545273749814833,0.7120643778958327,0.999,0.9943574414020421,0.9998234536293739,False,True,False,False,True,False,fitted_family
Newton,0,test,1,1.6,0.225,,40,fitted_grid,fitted_prior,31,325031001,envelope,covariates_only66,uniform_white,1000,1000,285,0,715,714,1,999,0.0,13.07,12.749,0.285,0.25788577698507104,0.3137597291637176,0.0,2.168404344971009e-19,0.0038267584855551234,0.715,0.6862402708362823,0.7421142230149289,0.999,0.9943574414020421,0.9998234536293739,False,True,False,False,True,False,fitted_family
Newton,0,test,1,1.6,0.225,,40,fitted_grid,fitted_prior,31,325031001,envelope,covariates_only66,clustered_correlated,1000,1000,290,0,710,710,0,1000,0.0,13.069,12.764,0.29,0.2627220349939292,0.31888520357000394,0.0,2.168404344971009e-19,0.0038267584855551234,0.71,0.681114796429996,0.7372779650060708,1.0,0.996173241514445,1.0,False,True,False,False,True,False,fitted_family
Newton,0,test,1,1.6,0.225,,40,fitted_grid,fitted_prior,31,325031001,envelope,covariates_only66,sparse_floor,1000,1000,250,0,750,750,0,1000,0.0,13.077,12.757,0.25,0.2241530989836914,0.27776028025908617,0.0,2.168404344971009e-19,0.0038267584855551234,0.75,0.7222397197409139,0.7758469010163086,1.0,0.996173241514445,1.0,False,True,False,False,True,False,fitted_family
Newton,0,test,1,1.6,0.225,,80,fitted_grid,fitted_prior,32,325032001,baseline,covariates_only66,uniform_white,1000,1000,292,0,708,707,1,999,0.0,13.111,12.788,0.292,0.2646576946068598,0.3209342369231311,0.0,2.168404344971009e-19,0.0038267584855551234,0.708,0.679065763076869,0.7353423053931402,0.999,0.9943574414020421,0.9998234536293739,False,True,False,False,True,False,fitted_family
Newton,0,test,1,1.6,0.225,,80,fitted_grid,fitted_prior,32,325032001,baseline,covariates_only66,clustered_correlated,1000,1000,283,1,716,712,4,995,0.0,13.116,12.772,0.283,0.25595244098823255,0.3117083721944983,0.001,0.00017654637062607809,0.0056425585979579355,0.716,0.6872658654245983,0.7430809749096418,0.995,0.9883490446266249,0.9978624644726756,False,True,False,False,False,False,fitted_family
Newton,0,test,1,1.6,0.225,,80,fitted_grid,fitted_prior,32,325032001,baseline,covariates_only66,sparse_floor,1000,1000,327,0,673,672,1,999,0.0,13.107,12.779,0.327,0.2986345103891364,0.35668954804686565,0.0,2.168404344971009e-19,0.0038267584855551234,0.673,0.6433104519531344,0.7013654896108635,0.999,0.9943574414020421,0.9998234536293739,False,True,False,False,True,False,fitted_family
Newton,0,test,1,1.6,0.225,,80,fitted_grid,fitted_prior,32,325032001,envelope,covariates_only66,uniform_white,1000,1000,275,0,725,724,1,999,0.0,13.111,12.788,0.275,0.24822587402252644,0.30349616729597334,0.0,2.168404344971009e-19,0.0038267584855551234,0.725,0.6965038327040266,0.7517741259774736,0.999,0.9943574414020421,0.9998234536293739,False,True,False,False,True,False,fitted_family
Newton,0,test,1,1.6,0.225,,80,fitted_grid,fitted_prior,32,325032001,envelope,covariates_only66,clustered_correlated,1000,1000,272,0,728,725,3,997,0.0,13.116,12.772,0.272,0.24533124703883705,0.3004137548305761,0.0,2.168404344971009e-19,0.0038267584855551234,0.728,0.6995862451694239,0.7546687529611629,0.997,0.9912169859464969,0.9989792161188614,False,True,False,False,True,False,fitted_family
Newton,0,test,1,1.6,0.225,,80,fitted_grid,fitted_prior,32,325032001,envelope,covariates_only66,sparse_floor,1000,1000,232,0,768,767,1,999,0.0,13.107,12.779,0.232,0.20689343939858929,0.2591577031496683,0.0,2.168404344971009e-19,0.0038267584855551234,0.768,0.7408422968503318,0.7931065606014108,0.999,0.9943574414020421,0.9998234536293739,False,True,False,False,True,False,fitted_family
Newton,0,test,1,1.6,0.225,,60,fitted_grid,outside_inner_prior,33,325033001,baseline,covariates_only66,uniform_white,1000,1000,293,2,705,705,0,998,0.0,13.05,12.754,0.293,0.26562577020883094,0.3219585078041889,0.002,0.000548643588120728,0.007262807863492177,0.705,0.6759934395775895,0.7324375894433328,0.998,0.9927371921365079,0.9994513564118793,False,True,False,False,True,False,outside_inner_prior
Newton,0,test,1,1.6,0.225,,60,fitted_grid,outside_inner_prior,33,325033001,baseline,covariates_only66,clustered_correlated,1000,1000,282,1,717,716,1,998,0.0,13.04,12.782,0.282,0.25498602521354063,0.3106824414861613,0.001,0.00017654637062607809,0.0056425585979579355,0.717,0.6882916278055017,0.7440475590117673,0.998,0.9927371921365079,0.9994513564118793,False,True,False,False,True,False,outside_inner_prior
Newton,0,test,1,1.6,0.225,,60,fitted_grid,outside_inner_prior,33,325033001,baseline,covariates_only66,sparse_floor,1000,1000,306,4,690,690,0,996,0.0,13.038,12.747,0.306,0.2782254333203639,0.3352593489720314,0.004,0.0015565881404084308,0.010239556277262253,0.69,0.6606534768407168,0.7178923549347722,0.996,0.9897604437227377,0.9984434118595916,False,True,False,False,False,False,outside_inner_prior
Newton,0,test,1,1.6,0.225,,60,fitted_grid,outside_inner_prior,33,325033001,envelope,covariates_only66,uniform_white,1000,1000,272,1,727,727,0,999,0.0,13.05,12.754,0.272,0.24533124703883705,0.3004137548305761,0.001,0.00017654637062607809,0.0056425585979579355,0.727,0.6985586005647291,0.7537040510828288,0.999,0.9943574414020421,0.9998234536293739,False,True,False,False,True,False,outside_inner_prior
Newton,0,test,1,1.6,0.225,,60,fitted_grid,outside_inner_prior,33,325033001,envelope,covariates_only66,clustered_correlated,1000,1000,265,1,734,734,0,999,0.0,13.04,12.782,0.265,0.23858325625975632,0.2932153202284546,0.001,0.00017654637062607809,0.0056425585979579355,0.734,0.7057558002431918,0.7604532767855683,0.999,0.9943574414020421,0.9998234536293739,False,True,False,False,True,False,outside_inner_prior
Newton,0,test,1,1.6,0.225,,60,fitted_grid,outside_inner_prior,33,325033001,envelope,covariates_only66,sparse_floor,1000,1000,223,1,776,776,0,999,0.0,13.038,12.747,0.223,0.19828813022889644,0.24983189397210112,0.001,0.00017654637062607809,0.0056425585979579355,0.776,0.7491310659769607,0.8007565633390129,0.999,0.9943574414020421,0.9998234536293739,False,True,False,False,True,False,outside_inner_prior
Newton,0,test,1,1.6,0.225,,160,fitted_grid,outside_inner_prior,34,325034001,baseline,covariates_only66,uniform_white,1000,1000,348,0,652,652,0,1000,0.0,13.019,12.68,0.348,0.3191094001531461,0.37805393442646257,0.0,2.168404344971009e-19,0.0038267584855551234,0.652,0.6219460655735375,0.6808905998468539,1.0,0.996173241514445,1.0,False,True,False,False,True,False,outside_inner_prior
Newton,0,test,1,1.6,0.225,,160,fitted_grid,outside_inner_prior,34,325034001,baseline,covariates_only66,clustered_correlated,1000,1000,346,0,654,653,1,999,0.0,13.016,12.7,0.346,0.3171566601020642,0.3760219815114867,0.0,2.168404344971009e-19,0.0038267584855551234,0.654,0.6239780184885133,0.6828433398979359,0.999,0.9943574414020421,0.9998234536293739,False,True,False,False,True,False,outside_inner_prior
Newton,0,test,1,1.6,0.225,,160,fitted_grid,outside_inner_prior,34,325034001,baseline,covariates_only66,sparse_floor,1000,1000,377,0,623,623,0,1000,0.0,13.008,12.693,0.377,0.347487093401629,0.4074542891858176,0.0,2.168404344971009e-19,0.0038267584855551234,0.623,0.5925457108141824,0.6525129065983711,1.0,0.996173241514445,1.0,False,True,False,False,True,False,outside_inner_prior
Newton,0,test,1,1.6,0.225,,160,fitted_grid,outside_inner_prior,34,325034001,envelope,covariates_only66,uniform_white,1000,1000,330,0,670,670,0,1000,0.0,13.019,12.68,0.33,0.3015555405204304,0.35974555736465835,0.0,2.168404344971009e-19,0.0038267584855551234,0.67,0.6402544426353417,0.6984444594795697,1.0,0.996173241514445,1.0,False,True,False,False,True,False,outside_inner_prior
Newton,0,test,1,1.6,0.225,,160,fitted_grid,outside_inner_prior,34,325034001,envelope,covariates_only66,clustered_correlated,1000,1000,320,0,680,680,0,1000,0.0,13.016,12.7,0.32,0.29182400898144156,0.3495536240733583,0.0,2.168404344971009e-19,0.0038267584855551234,0.68,0.6504463759266418,0.7081759910185584,1.0,0.996173241514445,1.0,False,True,False,False,True,False,outside_inner_prior
Newton,0,test,1,1.6,0.225,,160,fitted_grid,outside_inner_prior,34,325034001,envelope,covariates_only66,sparse_floor,1000,1000,279,0,721,721,0,1000,0.0,13.008,12.693,0.279,0.2520877932829655,0.3076036339676499,0.0,2.168404344971009e-19,0.0038267584855551234,0.721,0.6923963660323501,0.7479122067170344,1.0,0.996173241514445,1.0,False,True,False,False,True,False,outside_inner_prior
Newton,0,test,1,1.6,0.3,,40,fitted_grid,fitted_prior,35,325035001,baseline,covariates_only66,uniform_white,1000,1000,284,2,714,714,0,998,0.0,13.081,12.77,0.284,0.2569190250903582,0.3127341345754016,0.002,0.000548643588120728,0.007262807863492177,0.714,0.6852148435109845,0.741147303857198,0.998,0.9927371921365079,0.9994513564118793,False,True,False,False,True,False,fitted_family
Newton,0,test,1,1.6,0.3,,40,fitted_grid,fitted_prior,35,325035001,baseline,covariates_only66,clustered_correlated,1000,1000,287,2,711,710,1,997,0.0,13.089,12.795,0.287,0.2598197820391999,0.31581041707564655,0.002,0.000548643588120728,0.007262807863492177,0.711,0.6821395598954265,0.7382455480236692,0.997,0.9912169859464969,0.9989792161188614,False,True,False,False,True,False,fitted_family
Newton,0,test,1,1.6,0.3,,40,fitted_grid,fitted_prior,35,325035001,baseline,covariates_only66,sparse_floor,1000,1000,306,3,691,691,0,997,0.0,13.061,12.781,0.306,0.2782254333203639,0.3352593489720314,0.003,0.0010207838811386186,0.008783014053503173,0.691,0.6616750359751813,0.7188631422833365,0.997,0.9912169859464969,0.9989792161188614,False,True,False,False,True,False,fitted_family
Newton,0,test,1,1.6,0.3,,40,fitted_grid,fitted_prior,35,325035001,envelope,covariates_only66,uniform_white,1000,1000,269,0,731,731,0,1000,0.0,13.081,12.77,0.269,0.24243819128491245,0.297329771135414,0.0,2.168404344971009e-19,0.0038267584855551234,0.731,0.7026702288645861,0.7575618087150875,1.0,0.996173241514445,1.0,False,True,False,False,True,False,fitted_family
Newton,0,test,1,1.6,0.3,,40,fitted_grid,fitted_prior,35,325035001,envelope,covariates_only66,clustered_correlated,1000,1000,267,0,733,733,0,1000,0.0,13.089,12.795,0.267,0.24051036845887877,0.29527290099538994,0.0,2.168404344971009e-19,0.0038267584855551234,0.733,0.7047270990046101,0.7594896315411211,1.0,0.996173241514445,1.0,False,True,False,False,True,False,fitted_family
Newton,0,test,1,1.6,0.3,,40,fitted_grid,fitted_prior,35,325035001,envelope,covariates_only66,sparse_floor,1000,1000,224,0,776,776,0,1000,0.0,13.061,12.781,0.224,0.1992434366609871,0.2508689340230394,0.0,2.168404344971009e-19,0.0038267584855551234,0.776,0.7491310659769607,0.8007565633390129,1.0,0.996173241514445,1.0,False,True,False,False,True,False,fitted_family
Newton,0,test,1,1.6,0.3,,80,fitted_grid,fitted_prior,36,325036001,baseline,full34,uniform_white,1000,1000,955,9,36,31,5,986,0.00054,1.054,1.119,0.955,0.9403171620637766,0.9662004877143683,0.009,0.004742060667477063,0.01701581616533807,0.036,0.02611557140738732,0.049435660467207834,0.986,0.9766379658824644,0.9916424248695761,True,False,False,False,False,False,fitted_family
Newton,0,test,1,1.6,0.3,,80,fitted_grid,fitted_prior,36,325036001,baseline,covariates_only66,uniform_white,1000,1000,293,1,706,706,0,999,0.0,13.022,12.761,0.293,0.26562577020883094,0.3219585078041889,0.001,0.00017654637062607809,0.0056425585979579355,0.706,0.677017384524264,0.7334059909796873,0.999,0.9943574414020421,0.9998234536293739,False,True,False,False,True,False,fitted_family
Newton,0,test,1,1.6,0.3,,80,fitted_grid,fitted_prior,36,325036001,baseline,covariates_only66,clustered_correlated,1000,1000,283,2,715,715,0,998,0.0,13.025,12.749,0.283,0.25595244098823255,0.3117083721944983,0.002,0.000548643588120728,0.007262807863492177,0.715,0.6862402708362823,0.7421142230149289,0.998,0.9927371921365079,0.9994513564118793,False,True,False,False,True,False,fitted_family
Newton,0,test,1,1.6,0.3,,80,fitted_grid,fitted_prior,36,325036001,baseline,covariates_only66,sparse_floor,1000,1000,303,2,695,694,1,997,0.0,13.025,12.759,0.303,0.27531542432193984,0.3321923185213688,0.002,0.000548643588120728,0.007262807863492177,0.695,0.6657628366716069,0.7227447275190266,0.997,0.9912169859464969,0.9989792161188614,False,True,False,False,True,False,fitted_family
Newton,0,test,1,1.6,0.3,,80,fitted_grid,fitted_prior,36,325036001,envelope,covariates_only66,uniform_white,1000,1000,275,0,725,725,0,1000,0.0,13.022,12.761,0.275,0.24822587402252644,0.30349616729597334,0.0,2.168404344971009e-19,0.0038267584855551234,0.725,0.6965038327040266,0.7517741259774736,1.0,0.996173241514445,1.0,False,True,False,False,True,False,fitted_family
Newton,0,test,1,1.6,0.3,,80,fitted_grid,fitted_prior,36,325036001,envelope,covariates_only66,clustered_correlated,1000,1000,264,1,735,735,0,999,0.0,13.025,12.749,0.264,0.23761996823603918,0.29218626176914286,0.001,0.00017654637062607809,0.0056425585979579355,0.735,0.7067846797715454,0.7614167437402437,0.999,0.9943574414020421,0.9998234536293739,False,True,False,False,True,False,fitted_family
Newton,0,test,1,1.6,0.3,,80,fitted_grid,fitted_prior,36,325036001,envelope,covariates_only66,sparse_floor,1000,1000,231,1,768,767,1,998,0.0,13.025,12.759,0.231,0.20593646391387108,0.2581223321513576,0.001,0.00017654637062607809,0.0056425585979579355,0.768,0.7408422968503318,0.7931065606014108,0.998,0.9927371921365079,0.9994513564118793,False,True,False,False,True,False,fitted_family
Newton,0,test,1,1.6,0.3,,60,fitted_grid,outside_inner_prior,37,325037001,baseline,covariates_only66,uniform_white,1000,1000,237,1,762,762,0,999,0.0,13.082,12.787,0.237,0.21168136426041648,0.2643315107029855,0.001,0.00017654637062607809,0.0056425585979579355,0.762,0.7346343310291412,0.787360447524428,0.999,0.9943574414020421,0.9998234536293739,False,True,False,False,True,False,outside_inner_prior
Newton,0,test,1,1.6,0.3,,60,fitted_grid,outside_inner_prior,37,325037001,baseline,covariates_only66,clustered_correlated,1000,1000,242,1,757,757,0,999,0.0,13.089,12.806,0.242,0.2164742872986182,0.26950032007992825,0.001,0.00017654637062607809,0.0056425585979579355,0.757,0.7294665084355112,0.7825665377029134,0.999,0.9943574414020421,0.9998234536293739,False,True,False,False,True,False,outside_inner_prior
Newton,0,test,1,1.6,0.3,,60,fitted_grid,outside_inner_prior,37,325037001,baseline,covariates_only66,sparse_floor,1000,1000,253,5,742,741,1,994,0.0,13.079,12.803,0.253,0.22703579958556788,0.28085461910629633,0.005,0.0021375355273244596,0.011650955373375113,0.742,0.7139918832868724,0.768155965606119,0.994,0.9869718317581478,0.9972473308581237,False,True,False,False,False,False,outside_inner_prior
Newton,0,test,1,1.6,0.3,,60,fitted_grid,outside_inner_prior,37,325037001,envelope,covariates_only66,uniform_white,1000,1000,229,0,771,771,0,1000,0.0,13.082,12.787,0.229,0.20402312975052514,0.25605097334864574,0.0,2.168404344971009e-19,0.0038267584855551234,0.771,0.7439490266513543,0.7959768702494748,1.0,0.996173241514445,1.0,False,True,False,False,True,False,outside_inner_prior
Newton,0,test,1,1.6,0.3,,60,fitted_grid,outside_inner_prior,37,325037001,envelope,covariates_only66,clustered_correlated,1000,1000,234,0,766,766,0,1000,0.0,13.089,12.806,0.234,0.20880800256185078,0.2612278329524646,0.0,2.168404344971009e-19,0.0038267584855551234,0.766,0.7387721670475355,0.7911919974381493,1.0,0.996173241514445,1.0,False,True,False,False,True,False,outside_inner_prior
Newton,0,test,1,1.6,0.3,,60,fitted_grid,outside_inner_prior,37,325037001,envelope,covariates_only66,sparse_floor,1000,1000,189,0,811,810,1,999,0.0,13.079,12.803,0.189,0.1659418620747839,0.21443838170323143,0.0,2.168404344971009e-19,0.0038267584855551234,0.811,0.7855616182967687,0.8340581379252162,0.999,0.9943574414020421,0.9998234536293739,False,True,False,False,True,False,outside_inner_prior
Newton,0,test,1,1.6,0.3,,160,fitted_grid,outside_inner_prior,38,325038001,baseline,full34,uniform_white,1000,1000,965,6,29,23,6,988,0.000773,1.062,1.118,0.965,0.9517133776255466,0.9747277369828871,0.006,0.0027526691418763745,0.01302816824185209,0.029,0.02026644815669875,0.04133835833669418,0.988,0.9791427315245017,0.9931223521935965,True,False,False,False,False,False,outside_inner_prior
Newton,0,test,1,1.6,0.3,,160,fitted_grid,outside_inner_prior,38,325038001,baseline,covariates_only66,uniform_white,1000,1000,349,0,651,650,1,999,0.0,13.012,12.673,0.349,0.3200859840139804,0.3790696970486572,0.0,2.168404344971009e-19,0.0038267584855551234,0.651,0.6209303029513429,0.6799140159860195,0.999,0.9943574414020421,0.9998234536293739,False,True,False,False,True,False,outside_inner_prior
Newton,0,test,1,1.6,0.3,,160,fitted_grid,outside_inner_prior,38,325038001,baseline,covariates_only66,clustered_correlated,1000,1000,343,1,656,655,1,998,0.0,13.002,12.672,0.343,0.3142286235426158,0.3729729786218485,0.001,0.00017654637062607809,0.0056425585979579355,0.656,0.6260105435553518,0.684795507797155,0.998,0.9927371921365079,0.9994513564118793,False,True,False,False,True,False,outside_inner_prior
Newton,0,test,1,1.6,0.3,,160,fitted_grid,outside_inner_prior,38,325038001,baseline,covariates_only66,sparse_floor,1000,1000,391,0,609,608,1,999,0.0,13.009,12.683,0.391,0.36122774950463854,0.4216064838452125,0.0,2.168404344971009e-19,0.0038267584855551234,0.609,0.5783935161547875,0.6387722504953615,0.999,0.9943574414020421,0.9998234536293739,False,True,False,False,True,False,outside_inner_prior
Newton,0,test,1,1.6,0.3,,160,fitted_grid,outside_inner_prior,38,325038001,envelope,covariates_only66,uniform_white,1000,1000,332,0,668,667,1,999,0.0,13.012,12.673,0.332,0.30350363489239063,0.36178215595875596,0.0,2.168404344971009e-19,0.0038267584855551234,0.668,0.6382178440412442,0.6964963651076094,0.999,0.9943574414020421,0.9998234536293739,False,True,False,False,True,False,outside_inner_prior
Newton,0,test,1,1.6,0.3,,160,fitted_grid,outside_inner_prior,38,325038001,envelope,covariates_only66,clustered_correlated,1000,1000,323,0,677,676,1,999,0.0,13.002,12.672,0.323,0.2947418927752481,0.35261277972863847,0.0,2.168404344971009e-19,0.0038267584855551234,0.677,0.6473872202713616,0.705258107224752,0.999,0.9943574414020421,0.9998234536293739,False,True,False,False,True,False,outside_inner_prior
Newton,0,test,1,1.6,0.3,,160,fitted_grid,outside_inner_prior,38,325038001,envelope,covariates_only66,sparse_floor,1000,1000,297,0,703,703,0,1000,0.0,13.009,12.683,0.297,0.26949969988900685,0.32605396405612846,0.0,2.168404344971009e-19,0.0038267584855551234,0.703,0.6739460359438715,0.730500300110993,1.0,0.996173241514445,1.0,False,True,False,False,True,False,outside_inner_prior
Newton,0,test,1,1.15,0.0,,,outside_beta_grid,pure,39,325039001,baseline,covariates_only66,uniform_white,1000,1000,2,0,998,997,1,999,0.0,14.365,13.136,0.002,0.000548643588120728,0.007262807863492177,0.0,2.168404344971009e-19,0.0038267584855551234,0.998,0.9927371921365079,0.9994513564118793,0.999,0.9943574414020421,0.9998234536293739,False,True,False,False,True,False,outside_beta_grid
Newton,0,test,1,1.15,0.0,,,outside_beta_grid,pure,39,325039001,baseline,covariates_only66,clustered_correlated,1000,1000,3,3,994,993,1,996,0.0,14.27,13.13,0.003,0.0010207838811386186,0.008783014053503173,0.003,0.0010207838811386186,0.008783014053503173,0.994,0.9869718317581478,0.9972473308581237,0.996,0.9897604437227377,0.9984434118595916,False,True,False,False,False,False,outside_beta_grid
Newton,0,test,1,1.15,0.0,,,outside_beta_grid,pure,39,325039001,baseline,covariates_only66,sparse_floor,1000,1000,4,4,992,991,1,995,0.0,14.358,13.146,0.004,0.0015565881404084308,0.010239556277262253,0.004,0.0015565881404084308,0.010239556277262253,0.992,0.9842936654690199,0.995940804181194,0.995,0.9883490446266249,0.9978624644726756,False,True,False,False,False,False,outside_beta_grid
Newton,0,test,1,1.15,0.0,,,outside_beta_grid,pure,39,325039001,envelope,covariates_only66,uniform_white,1000,1000,2,0,998,997,1,999,0.0,14.365,13.136,0.002,0.000548643588120728,0.007262807863492177,0.0,2.168404344971009e-19,0.0038267584855551234,0.998,0.9927371921365079,0.9994513564118793,0.999,0.9943574414020421,0.9998234536293739,False,True,False,False,True,False,outside_beta_grid
Newton,0,test,1,1.15,0.0,,,outside_beta_grid,pure,39,325039001,envelope,covariates_only66,clustered_correlated,1000,1000,3,1,996,995,1,998,0.0,14.27,13.13,0.003,0.0010207838811386186,0.008783014053503173,0.001,0.00017654637062607809,0.0056425585979579355,0.996,0.9897604437227377,0.9984434118595916,0.998,0.9927371921365079,0.9994513564118793,False,True,False,False,True,False,outside_beta_grid
Newton,0,test,1,1.15,0.0,,,outside_beta_grid,pure,39,325039001,envelope,covariates_only66,sparse_floor,1000,1000,3,0,997,996,1,999,0.0,14.358,13.146,0.003,0.0010207838811386186,0.008783014053503173,0.0,2.168404344971009e-19,0.0038267584855551234,0.997,0.9912169859464969,0.9989792161188614,0.999,0.9943574414020421,0.9998234536293739,False,True,False,False,True,False,outside_beta_grid
Newton,0,test,1,1.15,0.3,,60,outside_beta_grid,outside_inner_prior,40,325040001,baseline,covariates_only66,uniform_white,1000,1000,2,3,995,994,1,996,0.0,14.262,13.168,0.002,0.000548643588120728,0.007262807863492177,0.003,0.0010207838811386186,0.008783014053503173,0.995,0.9883490446266249,0.9978624644726756,0.996,0.9897604437227377,0.9984434118595916,False,True,False,False,False,False,outside_beta_grid
Newton,0,test,1,1.15,0.3,,60,outside_beta_grid,outside_inner_prior,40,325040001,baseline,covariates_only66,clustered_correlated,1000,1000,2,3,995,994,1,996,0.0,14.222,13.153,0.002,0.000548643588120728,0.007262807863492177,0.003,0.0010207838811386186,0.008783014053503173,0.995,0.9883490446266249,0.9978624644726756,0.996,0.9897604437227377,0.9984434118595916,False,True,False,False,False,False,outside_beta_grid
Newton,0,test,1,1.15,0.3,,60,outside_beta_grid,outside_inner_prior,40,325040001,baseline,covariates_only66,sparse_floor,1000,1000,2,6,992,990,2,992,0.0,14.279,13.163,0.002,0.000548643588120728,0.007262807863492177,0.006,0.0027526691418763745,0.01302816824185209,0.992,0.9842936654690199,0.995940804181194,0.992,0.9842936654690199,0.995940804181194,False,True,False,False,False,False,outside_beta_grid
Newton,0,test,1,1.15,0.3,,60,outside_beta_grid,outside_inner_prior,40,325040001,envelope,covariates_only66,uniform_white,1000,1000,2,0,998,997,1,999,0.0,14.262,13.168,0.002,0.000548643588120728,0.007262807863492177,0.0,2.168404344971009e-19,0.0038267584855551234,0.998,0.9927371921365079,0.9994513564118793,0.999,0.9943574414020421,0.9998234536293739,False,True,False,False,True,False,outside_beta_grid
Newton,0,test,1,1.15,0.3,,60,outside_beta_grid,outside_inner_prior,40,325040001,envelope,covariates_only66,clustered_correlated,1000,1000,1,1,998,997,1,998,0.0,14.222,13.153,0.001,0.00017654637062607809,0.0056425585979579355,0.001,0.00017654637062607809,0.0056425585979579355,0.998,0.9927371921365079,0.9994513564118793,0.998,0.9927371921365079,0.9994513564118793,False,True,False,False,True,False,outside_beta_grid
Newton,0,test,1,1.15,0.3,,60,outside_beta_grid,outside_inner_prior,40,325040001,envelope,covariates_only66,sparse_floor,1000,1000,1,0,999,997,2,998,0.0,14.279,13.163,0.001,0.00017654637062607809,0.0056425585979579355,0.0,2.168404344971009e-19,0.0038267584855551234,0.999,0.9943574414020421,0.9998234536293739,0.998,0.9927371921365079,0.9994513564118793,False,True,False,False,True,False,outside_beta_grid
Newton,0,test,1,1.15,0.3,,160,outside_beta_grid,outside_inner_prior,41,325041001,baseline,full66,uniform_white,1000,1000,988,0,12,1,11,989,0.000374,1.213,1.242,0.988,0.9791427315245017,0.9931223521935965,0.0,2.168404344971009e-19,0.0038267584855551234,0.012,0.006877647806403522,0.02085726847549828,0.989,0.9804106042992137,0.9938468259019134,True,False,False,True,False,False,outside_beta_grid
Newton,0,test,1,1.15,0.3,,160,outside_beta_grid,outside_inner_prior,41,325041001,baseline,no_diagnostics66,sparse_floor,1000,1000,989,0,11,0,11,989,8.1e-05,1.786,2.143,0.989,0.9804106042992137,0.9938468259019134,0.0,2.168404344971009e-19,0.0038267584855551234,0.011,0.006153174098086638,0.019589395700786275,0.989,0.9804106042992137,0.9938468259019134,True,False,False,True,False,False,outside_beta_grid
Newton,0,test,1,1.15,0.3,,160,outside_beta_grid,outside_inner_prior,41,325041001,baseline,covariates_only66,uniform_white,1000,1000,2,7,991,990,1,992,0.0,14.203,13.145,0.002,0.000548643588120728,0.007262807863492177,0.007,0.0033948684009907646,0.014378315465766588,0.991,0.982984183834662,0.9952579393325229,0.992,0.9842936654690199,0.995940804181194,False,True,False,False,False,False,outside_beta_grid
Newton,0,test,1,1.15,0.3,,160,outside_beta_grid,outside_inner_prior,41,325041001,baseline,covariates_only66,clustered_correlated,1000,1000,3,7,990,987,3,990,0.0,14.209,13.15,0.003,0.0010207838811386186,0.008783014053503173,0.007,0.0033948684009907646,0.014378315465766588,0.99,0.9816905311296853,0.9945592455544707,0.99,0.9816905311296853,0.9945592455544707,False,True,False,False,False,False,outside_beta_grid
Newton,0,test,1,1.15,0.3,,160,outside_beta_grid,outside_inner_prior,41,325041001,baseline,covariates_only66,sparse_floor,1000,1000,6,8,986,985,1,991,0.0,14.214,13.155,0.006,0.0027526691418763745,0.01302816824185209,0.008,0.004059195818806103,0.015706334530980144,0.986,0.9766379658824644,0.9916424248695761,0.991,0.982984183834662,0.9952579393325229,False,True,False,False,False,False,outside_beta_grid
Newton,0,test,1,1.15,0.3,,160,outside_beta_grid,outside_inner_prior,41,325041001,envelope,covariates_only66,uniform_white,1000,1000,1,2,997,996,1,997,0.0,14.203,13.145,0.001,0.00017654637062607809,0.0056425585979579355,0.002,0.000548643588120728,0.007262807863492177,0.997,0.9912169859464969,0.9989792161188614,0.997,0.9912169859464969,0.9989792161188614,False,True,False,False,True,False,outside_beta_grid
Newton,0,test,1,1.15,0.3,,160,outside_beta_grid,outside_inner_prior,41,325041001,envelope,covariates_only66,clustered_correlated,1000,1000,4,1,995,994,1,998,0.0,14.209,13.15,0.004,0.0015565881404084308,0.010239556277262253,0.001,0.00017654637062607809,0.0056425585979579355,0.995,0.9883490446266249,0.9978624644726756,0.998,0.9927371921365079,0.9994513564118793,False,True,False,False,True,False,outside_beta_grid
Newton,0,test,1,1.15,0.3,,160,outside_beta_grid,outside_inner_prior,41,325041001,envelope,covariates_only66,sparse_floor,1000,1000,4,1,995,994,1,998,0.0,14.214,13.155,0.004,0.0015565881404084308,0.010239556277262253,0.001,0.00017654637062607809,0.0056425585979579355,0.995,0.9883490446266249,0.9978624644726756,0.998,0.9927371921365079,0.9994513564118793,False,True,False,False,True,False,outside_beta_grid
Newton,0,test,1,1.45,0.0,,,outside_beta_grid,pure,42,325042001,baseline,covariates_only66,uniform_white,1000,1000,4,6,990,990,0,994,0.0,14.294,13.046,0.004,0.0015565881404084308,0.010239556277262253,0.006,0.0027526691418763745,0.01302816824185209,0.99,0.9816905311296853,0.9945592455544707,0.994,0.9869718317581478,0.9972473308581237,False,True,False,False,False,False,outside_beta_grid
Newton,0,test,1,1.45,0.0,,,outside_beta_grid,pure,42,325042001,baseline,covariates_only66,clustered_correlated,1000,1000,3,9,988,988,0,991,0.0,14.255,13.049,0.003,0.0010207838811386186,0.008783014053503173,0.009,0.004742060667477063,0.01701581616533807,0.988,0.9791427315245017,0.9931223521935965,0.991,0.982984183834662,0.9952579393325229,False,True,False,False,False,False,outside_beta_grid
Newton,0,test,1,1.45,0.0,,,outside_beta_grid,pure,42,325042001,baseline,covariates_only66,sparse_floor,1000,1000,6,15,979,979,0,985,0.0,14.26,13.042,0.006,0.0027526691418763745,0.01302816824185209,0.015,0.009110978804081668,0.024600976926906798,0.979,0.9681097049387625,0.9862242604320758,0.985,0.9753990230730932,0.9908890211959184,False,False,False,False,False,False,outside_beta_grid
Newton,0,test,1,1.45,0.0,,,outside_beta_grid,pure,42,325042001,envelope,covariates_only66,uniform_white,1000,1000,4,0,996,996,0,1000,0.0,14.294,13.046,0.004,0.0015565881404084308,0.010239556277262253,0.0,2.168404344971009e-19,0.0038267584855551234,0.996,0.9897604437227377,0.9984434118595916,1.0,0.996173241514445,1.0,False,True,False,False,True,False,outside_beta_grid
Newton,0,test,1,1.45,0.0,,,outside_beta_grid,pure,42,325042001,envelope,covariates_only66,clustered_correlated,1000,1000,2,0,998,998,0,1000,0.0,14.255,13.049,0.002,0.000548643588120728,0.007262807863492177,0.0,2.168404344971009e-19,0.0038267584855551234,0.998,0.9927371921365079,0.9994513564118793,1.0,0.996173241514445,1.0,False,True,False,False,True,False,outside_beta_grid
Newton,0,test,1,1.45,0.0,,,outside_beta_grid,pure,42,325042001,envelope,covariates_only66,sparse_floor,1000,1000,3,2,995,995,0,998,0.0,14.26,13.042,0.003,0.0010207838811386186,0.008783014053503173,0.002,0.000548643588120728,0.007262807863492177,0.995,0.9883490446266249,0.9978624644726756,0.998,0.9927371921365079,0.9994513564118793,False,True,False,False,True,False,outside_beta_grid
Newton,0,test,1,1.45,0.3,,60,outside_beta_grid,outside_inner_prior,43,325043001,baseline,no_diagnostics66,sparse_floor,1000,1000,987,0,13,0,13,987,5.2e-05,1.842,2.037,0.987,0.9778855576244203,0.9923871796106489,0.0,2.168404344971009e-19,0.0038267584855551234,0.013,0.0076128203893510256,0.022114442375579666,0.987,0.9778855576244203,0.9923871796106489,True,False,False,True,False,False,outside_beta_grid
Newton,0,test,1,1.45,0.3,,60,outside_beta_grid,outside_inner_prior,43,325043001,baseline,covariates_only66,uniform_white,1000,1000,3,13,984,984,0,987,0.0,14.11,13.037,0.003,0.0010207838811386186,0.008783014053503173,0.013,0.0076128203893510256,0.022114442375579666,0.984,0.97416793978826,0.9901277579977227,0.987,0.9778855576244203,0.9923871796106489,False,False,False,False,False,False,outside_beta_grid
Newton,0,test,1,1.45,0.3,,60,outside_beta_grid,outside_inner_prior,43,325043001,baseline,covariates_only66,clustered_correlated,1000,1000,3,15,982,981,1,984,0.0,14.105,13.05,0.003,0.0010207838811386186,0.008783014053503173,0.015,0.009110978804081668,0.024600976926906798,0.982,0.9717267448294926,0.9885842599904322,0.984,0.97416793978826,0.9901277579977227,False,False,False,False,False,False,outside_beta_grid
Newton,0,test,1,1.45,0.3,,60,outside_beta_grid,outside_inner_prior,43,325043001,baseline,covariates_only66,sparse_floor,1000,1000,5,19,976,976,0,981,0.0,14.061,13.041,0.005,0.0021375355273244596,0.011650955373375113,0.019,0.012196885750790904,0.02948445591231312,0.976,0.9645370943883885,0.9838198315333629,0.981,0.9705155440876868,0.9878031142492091,False,False,False,False,False,False,outside_beta_grid
Newton,0,test,1,1.45,0.3,,60,outside_beta_grid,outside_inner_prior,43,325043001,envelope,covariates_only66,uniform_white,1000,1000,2,1,997,997,0,999,0.0,14.11,13.037,0.002,0.000548643588120728,0.007262807863492177,0.001,0.00017654637062607809,0.0056425585979579355,0.997,0.9912169859464969,0.9989792161188614,0.999,0.9943574414020421,0.9998234536293739,False,True,False,False,True,False,outside_beta_grid
Newton,0,test,1,1.45,0.3,,60,outside_beta_grid,outside_inner_prior,43,325043001,envelope,covariates_only66,clustered_correlated,1000,1000,3,1,996,996,0,999,0.0,14.105,13.05,0.003,0.0010207838811386186,0.008783014053503173,0.001,0.00017654637062607809,0.0056425585979579355,0.996,0.9897604437227377,0.9984434118595916,0.999,0.9943574414020421,0.9998234536293739,False,True,False,False,True,False,outside_beta_grid
Newton,0,test,1,1.45,0.3,,60,outside_beta_grid,outside_inner_prior,43,325043001,envelope,covariates_only66,sparse_floor,1000,1000,1,3,996,996,0,997,0.0,14.061,13.041,0.001,0.00017654637062607809,0.0056425585979579355,0.003,0.0010207838811386186,0.008783014053503173,0.996,0.9897604437227377,0.9984434118595916,0.997,0.9912169859464969,0.9989792161188614,False,True,False,False,True,False,outside_beta_grid
Newton,0,test,1,1.45,0.3,,160,outside_beta_grid,outside_inner_prior,44,325044001,baseline,no_diagnostics66,sparse_floor,1000,1000,988,0,12,0,12,988,0.000106,1.771,1.967,0.988,0.9791427315245017,0.9931223521935965,0.0,2.168404344971009e-19,0.0038267584855551234,0.012,0.006877647806403522,0.02085726847549828,0.988,0.9791427315245017,0.9931223521935965,True,False,False,True,False,False,outside_beta_grid
Newton,0,test,1,1.45,0.3,,160,outside_beta_grid,outside_inner_prior,44,325044001,baseline,full34,uniform_white,1000,1000,947,6,47,44,3,991,0.000712,1.221,1.122,0.947,0.9313253831625082,0.9592534947514054,0.006,0.0027526691418763745,0.01302816824185209,0.047,0.0355271051063845,0.06193993808152845,0.991,0.982984183834662,0.9952579393325229,False,True,False,False,False,False,outside_beta_grid
Newton,0,test,1,1.45,0.3,,160,outside_beta_grid,outside_inner_prior,44,325044001,baseline,full34,sparse_floor,1000,1000,926,0,74,73,1,999,0.000769,1.198,1.115,0.926,0.9080945943544141,0.940645007415893,0.0,2.168404344971009e-19,0.0038267584855551234,0.074,0.05935499258410698,0.09190540564558597,0.999,0.9943574414020421,0.9998234536293739,False,True,False,False,True,False,outside_beta_grid
Newton,0,test,1,1.45,0.3,,160,outside_beta_grid,outside_inner_prior,44,325044001,baseline,covariates_only66,uniform_white,1000,1000,5,6,989,989,0,994,0.0,14.103,13.011,0.005,0.0021375355273244596,0.011650955373375113,0.006,0.0027526691418763745,0.01302816824185209,0.989,0.9804106042992137,0.9938468259019134,0.994,0.9869718317581478,0.9972473308581237,False,True,False,False,False,False,outside_beta_grid
Newton,0,test,1,1.45,0.3,,160,outside_beta_grid,outside_inner_prior,44,325044001,baseline,covariates_only66,clustered_correlated,1000,1000,5,9,986,985,1,990,0.0,14.076,13.016,0.005,0.0021375355273244596,0.011650955373375113,0.009,0.004742060667477063,0.01701581616533807,0.986,0.9766379658824644,0.9916424248695761,0.99,0.9816905311296853,0.9945592455544707,False,True,False,False,False,False,outside_beta_grid
Newton,0,test,1,1.45,0.3,,160,outside_beta_grid,outside_inner_prior,44,325044001,baseline,covariates_only66,sparse_floor,1000,1000,7,8,985,983,2,990,0.0,14.046,13.008,0.007,0.0033948684009907646,0.014378315465766588,0.008,0.004059195818806103,0.015706334530980144,0.985,0.9753990230730932,0.9908890211959184,0.99,0.9816905311296853,0.9945592455544707,False,True,False,False,False,False,outside_beta_grid
Newton,0,test,1,1.45,0.3,,160,outside_beta_grid,outside_inner_prior,44,325044001,envelope,full34,uniform_white,1000,1000,938,5,57,55,2,993,0.000712,1.221,1.122,0.938,0.9213119396866343,0.9513358198800193,0.005,0.0021375355273244596,0.011650955373375113,0.057,0.04425344035871594,0.07313706765948591,0.993,0.9856216845342334,0.9966051315990092,False,True,False,False,False,False,outside_beta_grid
Newton,0,test,1,1.45,0.3,,160,outside_beta_grid,outside_inner_prior,44,325044001,envelope,full34,sparse_floor,1000,1000,927,0,73,73,0,1000,0.000769,1.198,1.115,0.927,0.9091909744657494,0.9415409737875866,0.0,2.168404344971009e-19,0.0038267584855551234,0.073,0.05845902621241335,0.0908090255342507,1.0,0.996173241514445,1.0,False,True,False,False,True,False,outside_beta_grid
Newton,0,test,1,1.45,0.3,,160,outside_beta_grid,outside_inner_prior,44,325044001,envelope,covariates_only66,uniform_white,1000,1000,5,2,993,993,0,998,0.0,14.103,13.011,0.005,0.0021375355273244596,0.011650955373375113,0.002,0.000548643588120728,0.007262807863492177,0.993,0.9856216845342334,0.9966051315990092,0.998,0.9927371921365079,0.9994513564118793,False,True,False,False,True,False,outside_beta_grid
Newton,0,test,1,1.45,0.3,,160,outside_beta_grid,outside_inner_prior,44,325044001,envelope,covariates_only66,clustered_correlated,1000,1000,4,2,994,994,0,998,0.0,14.076,13.016,0.004,0.0015565881404084308,0.010239556277262253,0.002,0.000548643588120728,0.007262807863492177,0.994,0.9869718317581478,0.9972473308581237,0.998,0.9927371921365079,0.9994513564118793,False,True,False,False,True,False,outside_beta_grid
Newton,0,test,1,1.45,0.3,,160,outside_beta_grid,outside_inner_prior,44,325044001,envelope,covariates_only66,sparse_floor,1000,1000,2,1,997,995,2,997,0.0,14.046,13.008,0.002,0.000548643588120728,0.007262807863492177,0.001,0.00017654637062607809,0.0056425585979579355,0.997,0.9912169859464969,0.9989792161188614,0.997,0.9912169859464969,0.9989792161188614,False,True,False,False,True,False,outside_beta_grid
QUMOND,1,test,1,1.0,0.0,,,fitted_grid,pure,0,325100001,baseline,covariates_only66,uniform_white,1000,1000,308,2,690,689,1,997,0.0,13.08,12.086,0.308,0.28016622636313016,0.33730324889532304,0.002,0.000548643588120728,0.007262807863492177,0.69,0.6606534768407168,0.7178923549347722,0.997,0.9912169859464969,0.9989792161188614,False,True,False,False,True,False,fitted_family
QUMOND,1,test,1,1.0,0.0,,,fitted_grid,pure,0,325100001,baseline,covariates_only66,clustered_correlated,1000,1000,296,4,700,696,4,992,0.0,13.088,12.012,0.296,0.26853097433797923,0.32503034312412726,0.004,0.0015565881404084308,0.010239556277262253,0.7,0.6708761390827828,0.7275931575229951,0.992,0.9842936654690199,0.995940804181194,False,True,False,False,False,False,fitted_family
QUMOND,1,test,1,1.0,0.0,,,fitted_grid,pure,0,325100001,baseline,covariates_only66,sparse_floor,1000,1000,348,2,650,646,4,994,0.0,13.094,12.052,0.348,0.3191094001531461,0.37805393442646257,0.002,0.000548643588120728,0.007262807863492177,0.65,0.6199146825068091,0.6789372899475243,0.994,0.9869718317581478,0.9972473308581237,False,True,False,False,False,False,fitted_family
QUMOND,1,test,1,1.0,0.0,,,fitted_grid,pure,0,325100001,envelope,covariates_only66,uniform_white,1000,1000,165,2,833,832,1,997,0.0,13.08,12.086,0.165,0.14328467985555532,0.18927924832976667,0.002,0.000548643588120728,0.007262807863492177,0.833,0.8086179403533302,0.85483343849529,0.997,0.9912169859464969,0.9989792161188614,False,True,False,False,True,False,fitted_family
QUMOND,1,test,1,1.0,0.0,,,fitted_grid,pure,0,325100001,envelope,covariates_only66,clustered_correlated,1000,1000,161,1,838,836,2,997,0.0,13.088,12.012,0.161,0.13952453255948705,0.18507000969371934,0.001,0.00017654637062607809,0.0056425585979579355,0.838,0.8138772231121078,0.8595358881516569,0.997,0.9912169859464969,0.9989792161188614,False,True,False,False,True,False,fitted_family
QUMOND,1,test,1,1.0,0.0,,,fitted_grid,pure,0,325100001,envelope,covariates_only66,sparse_floor,1000,1000,185,1,814,810,4,995,0.0,13.094,12.052,0.185,0.16215480378454947,0.2102560540613503,0.001,0.00017654637062607809,0.0056425585979579355,0.814,0.7886979748203968,0.8368988208506745,0.995,0.9883490446266249,0.9978624644726756,False,True,False,False,False,False,fitted_family
QUMOND,1,test,1,1.0,0.075,,40,fitted_grid,fitted_prior,1,325101001,baseline,covariates_only66,uniform_white,1000,1000,312,5,683,681,2,993,0.0,13.084,12.053,0.312,0.2840496860924683,0.3413891750981004,0.005,0.0021375355273244596,0.011650955373375113,0.683,0.6535068964204829,0.7110925099738041,0.993,0.9856216845342334,0.9966051315990092,False,True,False,False,False,False,fitted_family
QUMOND,1,test,1,1.0,0.075,,40,fitted_grid,fitted_prior,1,325101001,baseline,covariates_only66,clustered_correlated,1000,1000,316,5,679,678,1,994,0.0,13.079,11.95,0.316,0.28793562210416745,0.34547262501851683,0.005,0.0021375355273244596,0.011650955373375113,0.679,0.6494265062245327,0.7072035142376386,0.994,0.9869718317581478,0.9972473308581237,False,True,False,False,False,False,fitted_family
QUMOND,1,test,1,1.0,0.075,,40,fitted_grid,fitted_prior,1,325101001,baseline,covariates_only66,sparse_floor,1000,1000,371,5,624,622,2,993,0.0,13.087,12.022,0.371,0.341606326344111,0.40138097734516226,0.005,0.0021375355273244596,0.011650955373375113,0.624,0.5935575899582508,0.6534933739373314,0.993,0.9856216845342334,0.9966051315990092,False,True,False,False,False,False,fitted_family
QUMOND,1,test,1,1.0,0.075,,40,fitted_grid,fitted_prior,1,325101001,envelope,covariates_only66,uniform_white,1000,1000,166,5,829,827,2,993,0.0,13.084,12.053,0.166,0.1442254718306115,0.19033080283773937,0.005,0.0021375355273244596,0.011650955373375113,0.829,0.8044158480970535,0.8510661448194513,0.993,0.9856216845342334,0.9966051315990092,False,True,False,False,False,False,fitted_family
QUMOND,1,test,1,1.0,0.075,,40,fitted_grid,fitted_prior,1,325101001,envelope,covariates_only66,clustered_correlated,1000,1000,155,5,840,839,1,994,0.0,13.079,11.95,0.155,0.13389362461519208,0.17874683873984096,0.005,0.0021375355273244596,0.011650955373375113,0.84,0.8159830663133126,0.8614147379165099,0.994,0.9869718317581478,0.9972473308581237,False,True,False,False,False,False,fitted_family
QUMOND,1,test,1,1.0,0.075,,40,fitted_grid,fitted_prior,1,325101001,envelope,covariates_only66,sparse_floor,1000,1000,194,4,802,800,2,994,0.0,13.087,12.022,0.194,0.17068142956732762,0.21966054662583218,0.004,0.0015565881404084308,0.010239556277262253,0.802,0.776166200305855,0.8255224375688698,0.994,0.9869718317581478,0.9972473308581237,False,True,False,False,False,False,fitted_family
QUMOND,1,test,1,1.0,0.075,,80,fitted_grid,fitted_prior,2,325102001,baseline,covariates_only66,uniform_white,1000,1000,321,1,678,678,0,999,0.0,13.122,12.051,0.321,0.2927964857623614,0.3505734937754673,0.001,0.00017654637062607809,0.0056425585979579355,0.678,0.6484067877958661,0.7062308861832765,0.999,0.9943574414020421,0.9998234536293739,False,True,False,False,True,False,fitted_family
QUMOND,1,test,1,1.0,0.075,,80,fitted_grid,fitted_prior,2,325102001,baseline,covariates_only66,clustered_correlated,1000,1000,320,2,678,678,0,998,0.0,13.113,11.963,0.32,0.29182400898144156,0.3495536240733583,0.002,0.000548643588120728,0.007262807863492177,0.678,0.6484067877958661,0.7062308861832765,0.998,0.9927371921365079,0.9994513564118793,False,True,False,False,True,False,fitted_family
QUMOND,1,test,1,1.0,0.075,,80,fitted_grid,fitted_prior,2,325102001,baseline,covariates_only66,sparse_floor,1000,1000,380,1,619,617,2,997,0.0,13.125,12.029,0.38,0.3504293063571445,0.4104891156793888,0.001,0.00017654637062607809,0.0056425585979579355,0.619,0.5884995451079357,0.6485896863725021,0.997,0.9912169859464969,0.9989792161188614,False,True,False,False,True,False,fitted_family
QUMOND,1,test,1,1.0,0.075,,80,fitted_grid,fitted_prior,2,325102001,envelope,covariates_only66,uniform_white,1000,1000,175,0,825,825,0,1000,0.0,13.122,12.051,0.175,0.1527057476303958,0.19978164538521503,0.0,2.168404344971009e-19,0.0038267584855551234,0.825,0.800218354614785,0.8472942523696041,1.0,0.996173241514445,1.0,False,True,False,False,True,False,fitted_family
QUMOND,1,test,1,1.0,0.075,,80,fitted_grid,fitted_prior,2,325102001,envelope,covariates_only66,clustered_correlated,1000,1000,163,0,837,837,0,1000,0.0,13.113,11.963,0.163,0.14140399765906392,0.18717523756020027,0.0,2.168404344971009e-19,0.0038267584855551234,0.837,0.8128247624397997,0.858596002340936,1.0,0.996173241514445,1.0,False,True,False,False,True,False,fitted_family
QUMOND,1,test,1,1.0,0.075,,80,fitted_grid,fitted_prior,2,325102001,envelope,covariates_only66,sparse_floor,1000,1000,205,0,795,793,2,998,0.0,13.125,12.029,0.205,0.18113008647590156,0.23112770103057595,0.0,2.168404344971009e-19,0.0038267584855551234,0.795,0.7688722989694241,0.8188699135240984,0.998,0.9927371921365079,0.9994513564118793,False,True,False,False,True,False,fitted_family
QUMOND,1,test,1,1.0,0.075,,60,fitted_grid,outside_inner_prior,3,325103001,baseline,covariates_only66,uniform_white,1000,1000,369,0,631,630,1,999,0.0,13.123,11.965,0.369,0.33964716115877136,0.399355449564444,0.0,2.168404344971009e-19,0.0038267584855551234,0.631,0.600644550435556,0.6603528388412285,0.999,0.9943574414020421,0.9998234536293739,False,True,False,False,True,False,outside_inner_prior
QUMOND,1,test,1,1.0,0.075,,60,fitted_grid,outside_inner_prior,3,325103001,baseline,covariates_only66,clustered_correlated,1000,1000,366,0,634,634,0,1000,0.0,13.13,11.872,0.366,0.3367094419466035,0.3963161293275252,0.0,2.168404344971009e-19,0.0038267584855551234,0.634,0.6036838706724748,0.6632905580533965,1.0,0.996173241514445,1.0,False,True,False,False,True,False,outside_inner_prior
QUMOND,1,test,1,1.0,0.075,,60,fitted_grid,outside_inner_prior,3,325103001,baseline,covariates_only66,sparse_floor,1000,1000,426,2,572,571,1,997,0.0,13.134,11.906,0.426,0.39569209510456627,0.4568742651512959,0.002,0.000548643588120728,0.007262807863492177,0.572,0.5411151999524977,0.6023337468255823,0.997,0.9912169859464969,0.9989792161188614,False,True,False,False,True,False,outside_inner_prior
QUMOND,1,test,1,1.0,0.075,,60,fitted_grid,outside_inner_prior,3,325103001,envelope,covariates_only66,uniform_white,1000,1000,186,0,814,813,1,999,0.0,13.123,11.965,0.186,0.1631011791493255,0.21130202517960314,0.0,2.168404344971009e-19,0.0038267584855551234,0.814,0.7886979748203968,0.8368988208506745,0.999,0.9943574414020421,0.9998234536293739,False,True,False,False,True,False,outside_inner_prior
QUMOND,1,test,1,1.0,0.075,,60,fitted_grid,outside_inner_prior,3,325103001,envelope,covariates_only66,clustered_correlated,1000,1000,167,0,833,833,0,1000,0.0,13.13,11.872,0.167,0.14516656150470994,0.1913820596466698,0.0,2.168404344971009e-19,0.0038267584855551234,0.833,0.8086179403533302,0.85483343849529,1.0,0.996173241514445,1.0,False,True,False,False,True,False,outside_inner_prior
QUMOND,1,test,1,1.0,0.075,,60,fitted_grid,outside_inner_prior,3,325103001,envelope,covariates_only66,sparse_floor,1000,1000,220,2,778,777,1,997,0.0,13.134,11.906,0.22,0.1954234933890366,0.24671949136287427,0.002,0.000548643588120728,0.007262807863492177,0.778,0.7512053591381822,0.8026669631438492,0.997,0.9912169859464969,0.9989792161188614,False,True,False,False,True,False,outside_inner_prior
QUMOND,1,test,1,1.0,0.075,,160,fitted_grid,outside_inner_prior,4,325104001,baseline,covariates_only66,uniform_white,1000,1000,364,1,635,632,3,996,0.0,13.112,11.949,0.364,0.33475165091277503,0.3942892273952959,0.001,0.00017654637062607809,0.0056425585979579355,0.635,0.6046972526360328,0.6642695225728674,0.996,0.9897604437227377,0.9984434118595916,False,True,False,False,False,False,outside_inner_prior
QUMOND,1,test,1,1.0,0.075,,160,fitted_grid,outside_inner_prior,4,325104001,baseline,covariates_only66,clustered_correlated,1000,1000,355,1,644,640,4,995,0.0,13.102,11.904,0.355,0.3259484631755532,0.38516129678525773,0.001,0.00017654637062607809,0.0056425585979579355,0.644,0.6138239300340224,0.6730739635221378,0.995,0.9883490446266249,0.9978624644726756,False,True,False,False,False,False,outside_inner_prior
QUMOND,1,test,1,1.0,0.075,,160,fitted_grid,outside_inner_prior,4,325104001,baseline,covariates_only66,sparse_floor,1000,1000,406,2,592,590,2,996,0.0,13.13,11.929,0.406,0.37597870513494724,0.43674072546033715,0.002,0.000548643588120728,0.007262807863492177,0.592,0.5612435983142355,0.6220522781244223,0.996,0.9897604437227377,0.9984434118595916,False,True,False,False,False,False,outside_inner_prior
QUMOND,1,test,1,1.0,0.075,,160,fitted_grid,outside_inner_prior,4,325104001,envelope,covariates_only66,uniform_white,1000,1000,198,1,801,798,3,996,0.0,13.112,11.949,0.198,0.1744775624311303,0.22383379969414505,0.001,0.00017654637062607809,0.0056425585979579355,0.801,0.7751234971811168,0.824572794210579,0.996,0.9897604437227377,0.9984434118595916,False,True,False,False,False,False,outside_inner_prior
QUMOND,1,test,1,1.0,0.075,,160,fitted_grid,outside_inner_prior,4,325104001,envelope,covariates_only66,clustered_correlated,1000,1000,185,1,814,810,4,995,0.0,13.102,11.904,0.185,0.16215480378454947,0.2102560540613503,0.001,0.00017654637062607809,0.0056425585979579355,0.814,0.7886979748203968,0.8368988208506745,0.995,0.9883490446266249,0.9978624644726756,False,True,False,False,False,False,outside_inner_prior
QUMOND,1,test,1,1.0,0.075,,160,fitted_grid,outside_inner_prior,4,325104001,envelope,covariates_only66,sparse_floor,1000,1000,230,2,768,766,2,996,0.0,13.13,11.929,0.23,0.20497969372023053,0.2570867558619693,0.002,0.000548643588120728,0.007262807863492177,0.768,0.7408422968503318,0.7931065606014108,0.996,0.9897604437227377,0.9984434118595916,False,True,False,False,False,False,outside_inner_prior
QUMOND,1,test,1,1.0,0.225,,40,fitted_grid,fitted_prior,5,325105001,baseline,covariates_only66,uniform_white,1000,1000,397,1,602,602,0,999,0.0,13.035,11.837,0.397,0.36712458560070244,0.42766372664732194,0.001,0.00017654637062607809,0.0056425585979579355,0.602,0.5713271941320692,0.6318921471368775,0.999,0.9943574414020421,0.9998234536293739,False,True,False,False,True,False,fitted_family
QUMOND,1,test,1,1.0,0.225,,40,fitted_grid,fitted_prior,5,325105001,baseline,covariates_only66,clustered_correlated,1000,1000,389,1,610,610,0,999,0.0,13.041,11.731,0.389,0.35926319596566997,0.4195863444181233,0.001,0.00017654637062607809,0.0056425585979579355,0.61,0.5794035195028067,0.6397545936303712,0.999,0.9943574414020421,0.9998234536293739,False,True,False,False,True,False,fitted_family
QUMOND,1,test,1,1.0,0.225,,40,fitted_grid,fitted_prior,5,325105001,baseline,covariates_only66,sparse_floor,1000,1000,456,1,543,542,1,998,0.0,13.053,11.783,0.456,0.42535751292751345,0.4869792418192155,0.001,0.00017654637062607809,0.0056425585979579355,0.543,0.5120192033150067,0.5736516954552356,0.998,0.9927371921365079,0.9994513564118793,False,True,False,False,True,False,fitted_family
QUMOND,1,test,1,1.0,0.225,,40,fitted_grid,fitted_prior,5,325105001,envelope,covariates_only66,uniform_white,1000,1000,215,0,785,785,0,1000,0.0,13.035,11.837,0.215,0.19065343629137976,0.2415278160453867,0.0,2.168404344971009e-19,0.0038267584855551234,0.785,0.7584721839546134,0.8093465637086203,1.0,0.996173241514445,1.0,False,True,False,False,True,False,fitted_family
QUMOND,1,test,1,1.0,0.225,,40,fitted_grid,fitted_prior,5,325105001,envelope,covariates_only66,clustered_correlated,1000,1000,205,1,794,794,0,999,0.0,13.041,11.731,0.205,0.18113008647590156,0.23112770103057595,0.001,0.00017654637062607809,0.0056425585979579355,0.794,0.7678312571433845,0.8179186088671091,0.999,0.9943574414020421,0.9998234536293739,False,True,False,False,True,False,fitted_family
QUMOND,1,test,1,1.0,0.225,,40,fitted_grid,fitted_prior,5,325105001,envelope,covariates_only66,sparse_floor,1000,1000,248,0,752,751,1,999,0.0,13.053,11.783,0.248,0.2222322443017442,0.2756964419749756,0.0,2.168404344971009e-19,0.0038267584855551234,0.752,0.7243035580250244,0.7777677556982557,0.999,0.9943574414020421,0.9998234536293739,False,True,False,False,True,False,fitted_family
QUMOND,1,test,1,1.0,0.225,,80,fitted_grid,fitted_prior,6,325106001,baseline,covariates_only66,uniform_white,1000,1000,362,1,637,637,0,999,0.0,13.137,11.998,0.362,0.33279441286747335,0.39226177247453986,0.001,0.00017654637062607809,0.0056425585979579355,0.637,0.6067244308198836,0.6662270373550743,0.999,0.9943574414020421,0.9998234536293739,False,True,False,False,True,False,fitted_family
QUMOND,1,test,1,1.0,0.225,,80,fitted_grid,fitted_prior,6,325106001,baseline,covariates_only66,clustered_correlated,1000,1000,355,1,644,643,1,998,0.0,13.154,11.945,0.355,0.3259484631755532,0.38516129678525773,0.001,0.00017654637062607809,0.0056425585979579355,0.644,0.6138239300340224,0.6730739635221378,0.998,0.9927371921365079,0.9994513564118793,False,True,False,False,True,False,fitted_family
QUMOND,1,test,1,1.0,0.225,,80,fitted_grid,fitted_prior,6,325106001,baseline,covariates_only66,sparse_floor,1000,1000,409,2,589,587,2,996,0.0,13.141,11.938,0.409,0.37893242495569907,0.4397640450886719,0.002,0.000548643588120728,0.007262807863492177,0.589,0.5582210567913957,0.6190977801981754,0.996,0.9897604437227377,0.9984434118595916,False,True,False,False,False,False,fitted_family
QUMOND,1,test,1,1.0,0.225,,80,fitted_grid,fitted_prior,6,325106001,envelope,covariates_only66,uniform_white,1000,1000,194,1,805,805,0,999,0.0,13.137,11.998,0.194,0.17068142956732762,0.21966054662583218,0.001,0.00017654637062607809,0.0056425585979579355,0.805,0.77929577121571,0.8283699061081016,0.999,0.9943574414020421,0.9998234536293739,False,True,False,False,True,False,fitted_family
QUMOND,1,test,1,1.0,0.225,,80,fitted_grid,fitted_prior,6,325106001,envelope,covariates_only66,clustered_correlated,1000,1000,169,1,830,830,0,999,0.0,13.154,11.945,0.169,0.14704962548581355,0.193483688631624,0.001,0.00017654637062607809,0.0056425585979579355,0.83,0.805465935038086,0.8520084043614475,0.999,0.9943574414020421,0.9998234536293739,False,True,False,False,True,False,fitted_family
QUMOND,1,test,1,1.0,0.225,,80,fitted_grid,fitted_prior,6,325106001,envelope,covariates_only66,sparse_floor,1000,1000,212,1,787,785,2,997,0.0,13.141,11.938,0.212,0.1877940523073313,0.2384101605803485,0.001,0.00017654637062607809,0.0056425585979579355,0.787,0.7605503974702781,0.8112530431590133,0.997,0.9912169859464969,0.9989792161188614,False,True,False,False,True,False,fitted_family
QUMOND,1,test,1,1.0,0.225,,60,fitted_grid,outside_inner_prior,7,325107001,baseline,covariates_only66,uniform_white,1000,1000,350,1,649,646,3,996,0.0,13.109,11.894,0.35,0.32106271005247566,0.38008531749319086,0.001,0.00017654637062607809,0.0056425585979579355,0.649,0.6188992039590456,0.6779604220122589,0.996,0.9897604437227377,0.9984434118595916,False,True,False,False,False,False,outside_inner_prior
QUMOND,1,test,1,1.0,0.225,,60,fitted_grid,outside_inner_prior,7,325107001,baseline,covariates_only66,clustered_correlated,1000,1000,354,2,644,639,5,993,0.0,13.109,11.813,0.354,0.32497103040683056,0.38414638307095145,0.002,0.000548643588120728,0.007262807863492177,0.644,0.6138239300340224,0.6730739635221378,0.993,0.9856216845342334,0.9966051315990092,False,True,False,False,False,False,outside_inner_prior
QUMOND,1,test,1,1.0,0.225,,60,fitted_grid,outside_inner_prior,7,325107001,baseline,covariates_only66,sparse_floor,1000,1000,402,1,597,595,2,997,0.0,13.117,11.886,0.402,0.3720422335603109,0.4327078111028579,0.001,0.00017654637062607809,0.0056425585979579355,0.597,0.5662837646847674,0.6269738441690349,0.997,0.9912169859464969,0.9989792161188614,False,True,False,False,True,False,outside_inner_prior
QUMOND,1,test,1,1.0,0.225,,60,fitted_grid,outside_inner_prior,7,325107001,envelope,covariates_only66,uniform_white,1000,1000,207,1,792,789,3,996,0.0,13.109,11.894,0.207,0.18303292798076143,0.23320955249177389,0.001,0.00017654637062607809,0.0056425585979579355,0.792,0.7657498688268167,0.8160153042176193,0.996,0.9897604437227377,0.9984434118595916,False,True,False,False,False,False,outside_inner_prior
QUMOND,1,test,1,1.0,0.225,,60,fitted_grid,outside_inner_prior,7,325107001,envelope,covariates_only66,clustered_correlated,1000,1000,196,1,803,802,1,998,0.0,13.109,11.813,0.196,0.17257900508840987,0.22174766407080768,0.001,0.00017654637062607809,0.0056425585979579355,0.803,0.7772091460935389,0.8264718382642149,0.998,0.9927371921365079,0.9994513564118793,False,True,False,False,True,False,outside_inner_prior
QUMOND,1,test,1,1.0,0.225,,60,fitted_grid,outside_inner_prior,7,325107001,envelope,covariates_only66,sparse_floor,1000,1000,236,1,763,761,2,997,0.0,13.117,11.886,0.236,0.2107233759531616,0.26329715252721153,0.001,0.00017654637062607809,0.0056425585979579355,0.763,0.7356684892970144,0.7883186357395835,0.997,0.9912169859464969,0.9989792161188614,False,True,False,False,True,False,outside_inner_prior
QUMOND,1,test,1,1.0,0.225,,160,fitted_grid,outside_inner_prior,8,325108001,baseline,covariates_only66,uniform_white,1000,1000,363,3,634,631,3,994,0.0,13.052,11.935,0.363,0.3337729626449257,0.39327556918011636,0.003,0.0010207838811386186,0.008783014053503173,0.634,0.6036838706724748,0.6632905580533965,0.994,0.9869718317581478,0.9972473308581237,False,True,False,False,False,False,outside_inner_prior
QUMOND,1,test,1,1.0,0.225,,160,fitted_grid,outside_inner_prior,8,325108001,baseline,covariates_only66,clustered_correlated,1000,1000,361,3,636,634,2,995,0.0,13.05,11.857,0.361,0.3318160018268193,0.391247837032165,0.003,0.0010207838811386186,0.008783014053503173,0.636,0.605710772604704,0.665248349087225,0.995,0.9883490446266249,0.9978624644726756,False,True,False,False,False,False,outside_inner_prior
QUMOND,1,test,1,1.0,0.225,,160,fitted_grid,outside_inner_prior,8,325108001,baseline,covariates_only66,sparse_floor,1000,1000,428,2,570,566,4,994,0.0,13.059,11.907,0.428,0.3976662531744177,0.4588848000475022,0.002,0.000548643588120728,0.007262807863492177,0.57,0.539105173730678,0.6003590800813441,0.994,0.9869718317581478,0.9972473308581237,False,True,False,False,False,False,outside_inner_prior
QUMOND,1,test,1,1.0,0.225,,160,fitted_grid,outside_inner_prior,8,325108001,envelope,covariates_only66,uniform_white,1000,1000,197,3,800,797,3,994,0.0,13.052,11.935,0.197,0.17352816173578522,0.22279085390646125,0.003,0.0010207838811386186,0.008783014053503173,0.8,0.7740810353518655,0.8236229095568015,0.994,0.9869718317581478,0.9972473308581237,False,True,False,False,False,False,outside_inner_prior
QUMOND,1,test,1,1.0,0.225,,160,fitted_grid,outside_inner_prior,8,325108001,envelope,covariates_only66,clustered_correlated,1000,1000,184,3,813,812,1,996,0.0,13.05,11.857,0.184,0.16120869057645773,0.20920982078641312,0.003,0.0010207838811386186,0.008783014053503173,0.813,0.7876522642371055,0.8359521849509368,0.996,0.9897604437227377,0.9984434118595916,False,True,False,False,False,False,outside_inner_prior
QUMOND,1,test,1,1.0,0.225,,160,fitted_grid,outside_inner_prior,8,325108001,envelope,covariates_only66,sparse_floor,1000,1000,223,1,776,772,4,995,0.0,13.059,11.907,0.223,0.19828813022889644,0.24983189397210112,0.001,0.00017654637062607809,0.0056425585979579355,0.776,0.7491310659769607,0.8007565633390129,0.995,0.9883490446266249,0.9978624644726756,False,True,False,False,False,False,outside_inner_prior
QUMOND,1,test,1,1.0,0.3,,40,fitted_grid,fitted_prior,9,325109001,baseline,covariates_only66,uniform_white,1000,1000,412,0,588,586,2,998,0.0,13.037,11.813,0.412,0.3818873112799578,0.44278619821349985,0.0,2.168404344971009e-19,0.0038267584855551234,0.588,0.5572138017865,0.6181126887200421,0.998,0.9927371921365079,0.9994513564118793,False,True,False,False,True,False,fitted_family
QUMOND,1,test,1,1.0,0.3,,40,fitted_grid,fitted_prior,9,325109001,baseline,covariates_only66,clustered_correlated,1000,1000,417,0,583,582,1,999,0.0,13.039,11.682,0.417,0.38681470363066783,0.4478205382779342,0.0,2.168404344971009e-19,0.0038267584855551234,0.583,0.5521794617220657,0.6131852963693321,0.999,0.9943574414020421,0.9998234536293739,False,True,False,False,True,False,fitted_family
QUMOND,1,test,1,1.0,0.3,,40,fitted_grid,fitted_prior,9,325109001,baseline,covariates_only66,sparse_floor,1000,1000,474,2,524,524,0,998,0.0,13.051,11.73,0.474,0.4432107820528304,0.5049882093884185,0.002,0.000548643588120728,0.007262807863492177,0.524,0.49301327402101147,0.5548030415716819,0.998,0.9927371921365079,0.9994513564118793,False,True,False,False,True,False,fitted_family
QUMOND,1,test,1,1.0,0.3,,40,fitted_grid,fitted_prior,9,325109001,envelope,covariates_only66,uniform_white,1000,1000,246,0,754,752,2,998,0.0,13.037,11.813,0.246,0.22031215328683612,0.2736318400238259,0.0,2.168404344971009e-19,0.0038267584855551234,0.754,0.7263681599761741,0.7796878467131639,0.998,0.9927371921365079,0.9994513564118793,False,True,False,False,True,False,fitted_family
QUMOND,1,test,1,1.0,0.3,,40,fitted_grid,fitted_prior,9,325109001,envelope,covariates_only66,clustered_correlated,1000,1000,241,0,759,758,1,999,0.0,13.039,11.682,0.241,0.215515307986809,0.26846695290870853,0.0,2.168404344971009e-19,0.0038267584855551234,0.759,0.7315330470912914,0.784484692013191,0.999,0.9943574414020421,0.9998234536293739,False,True,False,False,True,False,fitted_family
QUMOND,1,test,1,1.0,0.3,,40,fitted_grid,fitted_prior,9,325109001,envelope,covariates_only66,sparse_floor,1000,1000,281,1,718,718,0,999,0.0,13.051,11.73,0.281,0.25401977830646655,0.3096563419102067,0.001,0.00017654637062607809,0.0056425585979579355,0.718,0.6893175585138386,0.7450139747864594,0.999,0.9943574414020421,0.9998234536293739,False,True,False,False,True,False,fitted_family
QUMOND,1,test,1,1.0,0.3,,80,fitted_grid,fitted_prior,10,325110001,baseline,covariates_only66,uniform_white,1000,1000,355,0,645,643,2,998,0.0,13.087,11.948,0.355,0.3259484631755532,0.38516129678525773,0.0,2.168404344971009e-19,0.0038267584855551234,0.645,0.6148387032147422,0.6740515368244469,0.998,0.9927371921365079,0.9994513564118793,False,True,False,False,True,False,fitted_family
QUMOND,1,test,1,1.0,0.3,,80,fitted_grid,fitted_prior,10,325110001,baseline,covariates_only66,clustered_correlated,1000,1000,353,0,647,646,1,999,0.0,13.078,11.905,0.353,0.32399373843890167,0.3831313285558515,0.0,2.168404344971009e-19,0.0038267584855551234,0.647,0.6168686714441486,0.6760062615610983,0.999,0.9943574414020421,0.9998234536293739,False,True,False,False,True,False,fitted_family
QUMOND,1,test,1,1.0,0.3,,80,fitted_grid,fitted_prior,10,325110001,baseline,covariates_only66,sparse_floor,1000,1000,403,0,597,595,2,998,0.0,13.107,11.887,0.403,0.37302615583096504,0.4337162353152327,0.0,2.168404344971009e-19,0.0038267584855551234,0.597,0.5662837646847674,0.6269738441690349,0.998,0.9927371921365079,0.9994513564118793,False,True,False,False,True,False,fitted_family
QUMOND,1,test,1,1.0,0.3,,80,fitted_grid,fitted_prior,10,325110001,envelope,covariates_only66,uniform_white,1000,1000,199,0,801,799,2,998,0.0,13.087,11.948,0.199,0.175427205789421,0.22487650281888322,0.0,2.168404344971009e-19,0.0038267584855551234,0.801,0.7751234971811168,0.824572794210579,0.998,0.9927371921365079,0.9994513564118793,False,True,False,False,True,False,fitted_family
QUMOND,1,test,1,1.0,0.3,,80,fitted_grid,fitted_prior,10,325110001,envelope,covariates_only66,clustered_correlated,1000,1000,185,0,815,815,0,1000,0.0,13.078,11.905,0.185,0.16215480378454947,0.2102560540613503,0.0,2.168404344971009e-19,0.0038267584855551234,0.815,0.7897439459386497,0.8378451962154505,1.0,0.996173241514445,1.0,False,True,False,False,True,False,fitted_family
QUMOND,1,test,1,1.0,0.3,,80,fitted_grid,fitted_prior,10,325110001,envelope,covariates_only66,sparse_floor,1000,1000,232,0,768,766,2,998,0.0,13.107,11.887,0.232,0.20689343939858929,0.2591577031496683,0.0,2.168404344971009e-19,0.0038267584855551234,0.768,0.7408422968503318,0.7931065606014108,0.998,0.9927371921365079,0.9994513564118793,False,True,False,False,True,False,fitted_family
QUMOND,1,test,1,1.0,0.3,,60,fitted_grid,outside_inner_prior,11,325111001,baseline,covariates_only66,uniform_white,1000,1000,396,0,604,603,1,999,0.0,13.082,11.899,0.396,0.36614144983616576,0.4266545159288297,0.0,2.168404344971009e-19,0.0038267584855551234,0.604,0.5733454840711704,0.6338585501638342,0.999,0.9943574414020421,0.9998234536293739,False,True,False,False,True,False,outside_inner_prior
QUMOND,1,test,1,1.0,0.3,,60,fitted_grid,outside_inner_prior,11,325111001,baseline,covariates_only66,clustered_correlated,1000,1000,408,2,590,588,2,996,0.0,13.072,11.844,0.408,0.3779477218755777,0.43875640168576435,0.002,0.000548643588120728,0.007262807863492177,0.59,0.5592284411186709,0.6200827423539291,0.996,0.9897604437227377,0.9984434118595916,False,True,False,False,False,False,outside_inner_prior
QUMOND,1,test,1,1.0,0.3,,60,fitted_grid,outside_inner_prior,11,325111001,baseline,covariates_only66,sparse_floor,1000,1000,462,1,537,536,1,998,0.0,13.084,11.85,0.462,0.43130413072430196,0.4929867029206003,0.001,0.00017654637062607809,0.0056425585979579355,0.537,0.5060124890263216,0.5677043308457475,0.998,0.9927371921365079,0.9994513564118793,False,True,False,False,True,False,outside_inner_prior
QUMOND,1,test,1,1.0,0.3,,60,fitted_grid,outside_inner_prior,11,325111001,envelope,covariates_only66,uniform_white,1000,1000,235,0,765,764,1,999,0.0,13.082,11.899,0.235,0.20976558842625362,0.2622625935710906,0.0,2.168404344971009e-19,0.0038267584855551234,0.765,0.7377374064289094,0.7902344115737464,0.999,0.9943574414020421,0.9998234536293739,False,True,False,False,True,False,outside_inner_prior
QUMOND,1,test,1,1.0,0.3,,60,fitted_grid,outside_inner_prior,11,325111001,envelope,covariates_only66,clustered_correlated,1000,1000,210,1,789,788,1,998,0.0,13.072,11.844,0.21,0.18588891937362567,0.23633060054799632,0.001,0.00017654637062607809,0.0056425585979579355,0.789,0.7626295063588951,0.813158627236454,0.998,0.9927371921365079,0.9994513564118793,False,True,False,False,True,False,outside_inner_prior
QUMOND,1,test,1,1.0,0.3,,60,fitted_grid,outside_inner_prior,11,325111001,envelope,covariates_only66,sparse_floor,1000,1000,256,1,743,742,1,998,0.0,13.084,11.85,0.256,0.22992018472379963,0.2839472734171513,0.001,0.00017654637062607809,0.0056425585979579355,0.743,0.7150222127820682,0.769117982593952,0.998,0.9927371921365079,0.9994513564118793,False,True,False,False,True,False,outside_inner_prior
QUMOND,1,test,1,1.0,0.3,,160,fitted_grid,outside_inner_prior,12,325112001,baseline,covariates_only66,uniform_white,1000,1000,425,0,575,574,1,999,0.0,13.123,11.723,0.425,0.39470520710516793,0.4558688066676653,0.0,2.168404344971009e-19,0.0038267584855551234,0.575,0.5441311933323346,0.6052947928948321,0.999,0.9943574414020421,0.9998234536293739,False,True,False,False,True,False,outside_inner_prior
QUMOND,1,test,1,1.0,0.3,,160,fitted_grid,outside_inner_prior,12,325112001,baseline,covariates_only66,clustered_correlated,1000,1000,408,1,591,590,1,998,0.0,13.121,11.651,0.408,0.3779477218755777,0.43875640168576435,0.001,0.00017654637062607809,0.0056425585979579355,0.591,0.560235954911328,0.6210675750443009,0.998,0.9927371921365079,0.9994513564118793,False,True,False,False,True,False,outside_inner_prior
QUMOND,1,test,1,1.0,0.3,,160,fitted_grid,outside_inner_prior,12,325112001,baseline,covariates_only66,sparse_floor,1000,1000,474,1,525,524,1,998,0.0,13.121,11.688,0.474,0.4432107820528304,0.5049882093884185,0.001,0.00017654637062607809,0.0056425585979579355,0.525,0.49401247046123636,0.555796191614486,0.998,0.9927371921365079,0.9994513564118793,False,True,False,False,True,False,outside_inner_prior
QUMOND,1,test,1,1.0,0.3,,160,fitted_grid,outside_inner_prior,12,325112001,envelope,covariates_only66,uniform_white,1000,1000,260,0,740,739,1,999,0.0,13.123,11.723,0.26,0.23376861850763092,0.2880682255654355,0.0,2.168404344971009e-19,0.0038267584855551234,0.74,0.7119317744345645,0.766231381492369,0.999,0.9943574414020421,0.9998234536293739,False,True,False,False,True,False,outside_inner_prior
QUMOND,1,test,1,1.0,0.3,,160,fitted_grid,outside_inner_prior,12,325112001,envelope,covariates_only66,clustered_correlated,1000,1000,237,0,763,763,0,1000,0.0,13.121,11.651,0.237,0.21168136426041648,0.2643315107029855,0.0,2.168404344971009e-19,0.0038267584855551234,0.763,0.7356684892970144,0.7883186357395835,1.0,0.996173241514445,1.0,False,True,False,False,True,False,outside_inner_prior
QUMOND,1,test,1,1.0,0.3,,160,fitted_grid,outside_inner_prior,12,325112001,envelope,covariates_only66,sparse_floor,1000,1000,285,1,714,713,1,998,0.0,13.121,11.688,0.285,0.25788577698507104,0.3137597291637176,0.001,0.00017654637062607809,0.0056425585979579355,0.714,0.6852148435109845,0.741147303857198,0.998,0.9927371921365079,0.9994513564118793,False,True,False,False,True,False,outside_inner_prior
QUMOND,1,test,1,1.3,0.0,,,fitted_grid,pure,13,325113001,baseline,covariates_only66,uniform_white,1000,1000,3,1,996,995,1,998,0.0,13.126,14.303,0.003,0.0010207838811386186,0.008783014053503173,0.001,0.00017654637062607809,0.0056425585979579355,0.996,0.9897604437227377,0.9984434118595916,0.998,0.9927371921365079,0.9994513564118793,False,True,False,False,True,False,fitted_family
QUMOND,1,test,1,1.3,0.0,,,fitted_grid,pure,13,325113001,baseline,covariates_only66,clustered_correlated,1000,1000,2,1,997,995,2,997,0.0,13.112,14.28,0.002,0.000548643588120728,0.007262807863492177,0.001,0.00017654637062607809,0.0056425585979579355,0.997,0.9912169859464969,0.9989792161188614,0.997,0.9912169859464969,0.9989792161188614,False,True,False,False,True,False,fitted_family
QUMOND,1,test,1,1.3,0.0,,,fitted_grid,pure,13,325113001,baseline,covariates_only66,sparse_floor,1000,1000,7,1,992,990,2,997,0.0,13.135,14.282,0.007,0.0033948684009907646,0.014378315465766588,0.001,0.00017654637062607809,0.0056425585979579355,0.992,0.9842936654690199,0.995940804181194,0.997,0.9912169859464969,0.9989792161188614,False,True,False,False,True,False,fitted_family
QUMOND,1,test,1,1.3,0.0,,,fitted_grid,pure,13,325113001,envelope,covariates_only66,uniform_white,1000,1000,0,2,998,998,0,998,0.0,13.126,14.303,0.0,2.168404344971009e-19,0.0038267584855551234,0.002,0.000548643588120728,0.007262807863492177,0.998,0.9927371921365079,0.9994513564118793,0.998,0.9927371921365079,0.9994513564118793,False,True,False,False,True,False,fitted_family
QUMOND,1,test,1,1.3,0.0,,,fitted_grid,pure,13,325113001,envelope,covariates_only66,clustered_correlated,1000,1000,1,1,998,997,1,998,0.0,13.112,14.28,0.001,0.00017654637062607809,0.0056425585979579355,0.001,0.00017654637062607809,0.0056425585979579355,0.998,0.9927371921365079,0.9994513564118793,0.998,0.9927371921365079,0.9994513564118793,False,True,False,False,True,False,fitted_family
QUMOND,1,test,1,1.3,0.0,,,fitted_grid,pure,13,325113001,envelope,covariates_only66,sparse_floor,1000,1000,2,0,998,996,2,998,0.0,13.135,14.282,0.002,0.000548643588120728,0.007262807863492177,0.0,2.168404344971009e-19,0.0038267584855551234,0.998,0.9927371921365079,0.9994513564118793,0.998,0.9927371921365079,0.9994513564118793,False,True,False,False,True,False,fitted_family
QUMOND,1,test,1,1.3,0.075,,40,fitted_grid,fitted_prior,14,325114001,baseline,covariates_only66,uniform_white,1000,1000,2,2,996,996,0,998,0.0,13.151,14.351,0.002,0.000548643588120728,0.007262807863492177,0.002,0.000548643588120728,0.007262807863492177,0.996,0.9897604437227377,0.9984434118595916,0.998,0.9927371921365079,0.9994513564118793,False,True,False,False,True,False,fitted_family
QUMOND,1,test,1,1.3,0.075,,40,fitted_grid,fitted_prior,14,325114001,baseline,covariates_only66,clustered_correlated,1000,1000,7,3,990,989,1,996,0.0,13.167,14.303,0.007,0.0033948684009907646,0.014378315465766588,0.003,0.0010207838811386186,0.008783014053503173,0.99,0.9816905311296853,0.9945592455544707,0.996,0.9897604437227377,0.9984434118595916,False,True,False,False,False,False,fitted_family
QUMOND,1,test,1,1.3,0.075,,40,fitted_grid,fitted_prior,14,325114001,baseline,covariates_only66,sparse_floor,1000,1000,9,0,991,991,0,1000,0.0,13.162,14.349,0.009,0.004742060667477063,0.01701581616533807,0.0,2.168404344971009e-19,0.0038267584855551234,0.991,0.982984183834662,0.9952579393325229,1.0,0.996173241514445,1.0,False,True,False,False,True,False,fitted_family
QUMOND,1,test,1,1.3,0.075,,40,fitted_grid,fitted_prior,14,325114001,envelope,covariates_only66,uniform_white,1000,1000,0,1,999,999,0,999,0.0,13.151,14.351,0.0,2.168404344971009e-19,0.0038267584855551234,0.001,0.00017654637062607809,0.0056425585979579355,0.999,0.9943574414020421,0.9998234536293739,0.999,0.9943574414020421,0.9998234536293739,False,True,False,False,True,False,fitted_family
QUMOND,1,test,1,1.3,0.075,,40,fitted_grid,fitted_prior,14,325114001,envelope,covariates_only66,clustered_correlated,1000,1000,0,2,998,997,1,997,0.0,13.167,14.303,0.0,2.168404344971009e-19,0.0038267584855551234,0.002,0.000548643588120728,0.007262807863492177,0.998,0.9927371921365079,0.9994513564118793,0.997,0.9912169859464969,0.9989792161188614,False,True,False,False,True,False,fitted_family
QUMOND,1,test,1,1.3,0.075,,40,fitted_grid,fitted_prior,14,325114001,envelope,covariates_only66,sparse_floor,1000,1000,0,0,1000,1000,0,1000,0.0,13.162,14.349,0.0,2.168404344971009e-19,0.0038267584855551234,0.0,2.168404344971009e-19,0.0038267584855551234,1.0,0.996173241514445,1.0,1.0,0.996173241514445,1.0,False,True,False,False,True,False,fitted_family
QUMOND,1,test,1,1.3,0.075,,80,fitted_grid,fitted_prior,15,325115001,baseline,covariates_only66,uniform_white,1000,1000,2,2,996,996,0,998,0.0,13.17,14.268,0.002,0.000548643588120728,0.007262807863492177,0.002,0.000548643588120728,0.007262807863492177,0.996,0.9897604437227377,0.9984434118595916,0.998,0.9927371921365079,0.9994513564118793,False,True,False,False,True,False,fitted_family
QUMOND,1,test,1,1.3,0.075,,80,fitted_grid,fitted_prior,15,325115001,baseline,covariates_only66,clustered_correlated,1000,1000,6,5,989,989,0,995,0.0,13.174,14.225,0.006,0.0027526691418763745,0.01302816824185209,0.005,0.0021375355273244596,0.011650955373375113,0.989,0.9804106042992137,0.9938468259019134,0.995,0.9883490446266249,0.9978624644726756,False,True,False,False,False,False,fitted_family
QUMOND,1,test,1,1.3,0.075,,80,fitted_grid,fitted_prior,15,325115001,baseline,covariates_only66,sparse_floor,1000,1000,5,2,993,992,1,997,0.0,13.176,14.27,0.005,0.0021375355273244596,0.011650955373375113,0.002,0.000548643588120728,0.007262807863492177,0.993,0.9856216845342334,0.9966051315990092,0.997,0.9912169859464969,0.9989792161188614,False,True,False,False,True,False,fitted_family
QUMOND,1,test,1,1.3,0.075,,80,fitted_grid,fitted_prior,15,325115001,envelope,covariates_only66,uniform_white,1000,1000,1,2,997,997,0,998,0.0,13.17,14.268,0.001,0.00017654637062607809,0.0056425585979579355,0.002,0.000548643588120728,0.007262807863492177,0.997,0.9912169859464969,0.9989792161188614,0.998,0.9927371921365079,0.9994513564118793,False,True,False,False,True,False,fitted_family
QUMOND,1,test,1,1.3,0.075,,80,fitted_grid,fitted_prior,15,325115001,envelope,covariates_only66,clustered_correlated,1000,1000,1,3,996,996,0,997,0.0,13.174,14.225,0.001,0.00017654637062607809,0.0056425585979579355,0.003,0.0010207838811386186,0.008783014053503173,0.996,0.9897604437227377,0.9984434118595916,0.997,0.9912169859464969,0.9989792161188614,False,True,False,False,True,False,fitted_family
QUMOND,1,test,1,1.3,0.075,,80,fitted_grid,fitted_prior,15,325115001,envelope,covariates_only66,sparse_floor,1000,1000,1,1,998,997,1,998,0.0,13.176,14.27,0.001,0.00017654637062607809,0.0056425585979579355,0.001,0.00017654637062607809,0.0056425585979579355,0.998,0.9927371921365079,0.9994513564118793,0.998,0.9927371921365079,0.9994513564118793,False,True,False,False,True,False,fitted_family
QUMOND,1,test,1,1.3,0.075,,60,fitted_grid,outside_inner_prior,16,325116001,baseline,covariates_only66,uniform_white,1000,1000,3,1,996,995,1,998,0.0,13.113,14.269,0.003,0.0010207838811386186,0.008783014053503173,0.001,0.00017654637062607809,0.0056425585979579355,0.996,0.9897604437227377,0.9984434118595916,0.998,0.9927371921365079,0.9994513564118793,False,True,False,False,True,False,outside_inner_prior
QUMOND,1,test,1,1.3,0.075,,60,fitted_grid,outside_inner_prior,16,325116001,baseline,covariates_only66,clustered_correlated,1000,1000,6,1,993,991,2,997,0.0,13.121,14.198,0.006,0.0027526691418763745,0.01302816824185209,0.001,0.00017654637062607809,0.0056425585979579355,0.993,0.9856216845342334,0.9966051315990092,0.997,0.9912169859464969,0.9989792161188614,False,True,False,False,True,False,outside_inner_prior
QUMOND,1,test,1,1.3,0.075,,60,fitted_grid,outside_inner_prior,16,325116001,baseline,covariates_only66,sparse_floor,1000,1000,8,2,990,988,2,996,0.0,13.123,14.236,0.008,0.004059195818806103,0.015706334530980144,0.002,0.000548643588120728,0.007262807863492177,0.99,0.9816905311296853,0.9945592455544707,0.996,0.9897604437227377,0.9984434118595916,False,True,False,False,False,False,outside_inner_prior
QUMOND,1,test,1,1.3,0.075,,60,fitted_grid,outside_inner_prior,16,325116001,envelope,covariates_only66,uniform_white,1000,1000,0,1,999,998,1,998,0.0,13.113,14.269,0.0,2.168404344971009e-19,0.0038267584855551234,0.001,0.00017654637062607809,0.0056425585979579355,0.999,0.9943574414020421,0.9998234536293739,0.998,0.9927371921365079,0.9994513564118793,False,True,False,False,True,False,outside_inner_prior
QUMOND,1,test,1,1.3,0.075,,60,fitted_grid,outside_inner_prior,16,325116001,envelope,covariates_only66,clustered_correlated,1000,1000,1,0,999,997,2,998,0.0,13.121,14.198,0.001,0.00017654637062607809,0.0056425585979579355,0.0,2.168404344971009e-19,0.0038267584855551234,0.999,0.9943574414020421,0.9998234536293739,0.998,0.9927371921365079,0.9994513564118793,False,True,False,False,True,False,outside_inner_prior
QUMOND,1,test,1,1.3,0.075,,60,fitted_grid,outside_inner_prior,16,325116001,envelope,covariates_only66,sparse_floor,1000,1000,1,2,997,995,2,996,0.0,13.123,14.236,0.001,0.00017654637062607809,0.0056425585979579355,0.002,0.000548643588120728,0.007262807863492177,0.997,0.9912169859464969,0.9989792161188614,0.996,0.9897604437227377,0.9984434118595916,False,True,False,False,False,False,outside_inner_prior
QUMOND,1,test,1,1.3,0.075,,160,fitted_grid,outside_inner_prior,17,325117001,baseline,covariates_only66,uniform_white,1000,1000,4,2,994,993,1,997,0.0,13.163,14.081,0.004,0.0015565881404084308,0.010239556277262253,0.002,0.000548643588120728,0.007262807863492177,0.994,0.9869718317581478,0.9972473308581237,0.997,0.9912169859464969,0.9989792161188614,False,True,False,False,True,False,outside_inner_prior
QUMOND,1,test,1,1.3,0.075,,160,fitted_grid,outside_inner_prior,17,325117001,baseline,covariates_only66,clustered_correlated,1000,1000,4,1,995,992,3,996,0.0,13.164,14.079,0.004,0.0015565881404084308,0.010239556277262253,0.001,0.00017654637062607809,0.0056425585979579355,0.995,0.9883490446266249,0.9978624644726756,0.996,0.9897604437227377,0.9984434118595916,False,True,False,False,False,False,outside_inner_prior
QUMOND,1,test,1,1.3,0.075,,160,fitted_grid,outside_inner_prior,17,325117001,baseline,covariates_only66,sparse_floor,1000,1000,4,1,995,993,2,997,0.0,13.17,14.064,0.004,0.0015565881404084308,0.010239556277262253,0.001,0.00017654637062607809,0.0056425585979579355,0.995,0.9883490446266249,0.9978624644726756,0.997,0.9912169859464969,0.9989792161188614,False,True,False,False,True,False,outside_inner_prior
QUMOND,1,test,1,1.3,0.075,,160,fitted_grid,outside_inner_prior,17,325117001,envelope,covariates_only66,uniform_white,1000,1000,1,2,997,996,1,997,0.0,13.163,14.081,0.001,0.00017654637062607809,0.0056425585979579355,0.002,0.000548643588120728,0.007262807863492177,0.997,0.9912169859464969,0.9989792161188614,0.997,0.9912169859464969,0.9989792161188614,False,True,False,False,True,False,outside_inner_prior
QUMOND,1,test,1,1.3,0.075,,160,fitted_grid,outside_inner_prior,17,325117001,envelope,covariates_only66,clustered_correlated,1000,1000,2,2,996,996,0,998,0.0,13.164,14.079,0.002,0.000548643588120728,0.007262807863492177,0.002,0.000548643588120728,0.007262807863492177,0.996,0.9897604437227377,0.9984434118595916,0.998,0.9927371921365079,0.9994513564118793,False,True,False,False,True,False,outside_inner_prior
QUMOND,1,test,1,1.3,0.075,,160,fitted_grid,outside_inner_prior,17,325117001,envelope,covariates_only66,sparse_floor,1000,1000,1,1,998,996,2,997,0.0,13.17,14.064,0.001,0.00017654637062607809,0.0056425585979579355,0.001,0.00017654637062607809,0.0056425585979579355,0.998,0.9927371921365079,0.9994513564118793,0.997,0.9912169859464969,0.9989792161188614,False,True,False,False,True,False,outside_inner_prior
QUMOND,1,test,1,1.3,0.225,,40,fitted_grid,fitted_prior,18,325118001,baseline,covariates_only66,uniform_white,1000,1000,8,0,992,992,0,1000,0.0,13.196,14.306,0.008,0.004059195818806103,0.015706334530980144,0.0,2.168404344971009e-19,0.0038267584855551234,0.992,0.9842936654690199,0.995940804181194,1.0,0.996173241514445,1.0,False,True,False,False,True,False,fitted_family
QUMOND,1,test,1,1.3,0.225,,40,fitted_grid,fitted_prior,18,325118001,baseline,covariates_only66,clustered_correlated,1000,1000,8,0,992,992,0,1000,0.0,13.198,14.329,0.008,0.004059195818806103,0.015706334530980144,0.0,2.168404344971009e-19,0.0038267584855551234,0.992,0.9842936654690199,0.995940804181194,1.0,0.996173241514445,1.0,False,True,False,False,True,False,fitted_family
QUMOND,1,test,1,1.3,0.225,,40,fitted_grid,fitted_prior,18,325118001,baseline,covariates_only66,sparse_floor,1000,1000,13,0,987,987,0,1000,0.0,13.208,14.267,0.013,0.0076128203893510256,0.022114442375579666,0.0,2.168404344971009e-19,0.0038267584855551234,0.987,0.9778855576244203,0.9923871796106489,1.0,0.996173241514445,1.0,False,True,False,False,True,False,fitted_family
QUMOND,1,test,1,1.3,0.225,,40,fitted_grid,fitted_prior,18,325118001,envelope,covariates_only66,uniform_white,1000,1000,0,0,1000,1000,0,1000,0.0,13.196,14.306,0.0,2.168404344971009e-19,0.0038267584855551234,0.0,2.168404344971009e-19,0.0038267584855551234,1.0,0.996173241514445,1.0,1.0,0.996173241514445,1.0,False,True,False,False,True,False,fitted_family
QUMOND,1,test,1,1.3,0.225,,40,fitted_grid,fitted_prior,18,325118001,envelope,covariates_only66,clustered_correlated,1000,1000,1,0,999,999,0,1000,0.0,13.198,14.329,0.001,0.00017654637062607809,0.0056425585979579355,0.0,2.168404344971009e-19,0.0038267584855551234,0.999,0.9943574414020421,0.9998234536293739,1.0,0.996173241514445,1.0,False,True,False,False,True,False,fitted_family
QUMOND,1,test,1,1.3,0.225,,40,fitted_grid,fitted_prior,18,325118001,envelope,covariates_only66,sparse_floor,1000,1000,2,0,998,998,0,1000,0.0,13.208,14.267,0.002,0.000548643588120728,0.007262807863492177,0.0,2.168404344971009e-19,0.0038267584855551234,0.998,0.9927371921365079,0.9994513564118793,1.0,0.996173241514445,1.0,False,True,False,False,True,False,fitted_family
QUMOND,1,test,1,1.3,0.225,,80,fitted_grid,fitted_prior,19,325119001,baseline,covariates_only66,uniform_white,1000,1000,3,2,995,995,0,998,0.0,13.149,14.299,0.003,0.0010207838811386186,0.008783014053503173,0.002,0.000548643588120728,0.007262807863492177,0.995,0.9883490446266249,0.9978624644726756,0.998,0.9927371921365079,0.9994513564118793,False,True,False,False,True,False,fitted_family
QUMOND,1,test,1,1.3,0.225,,80,fitted_grid,fitted_prior,19,325119001,baseline,covariates_only66,clustered_correlated,1000,1000,2,3,995,995,0,997,0.0,13.135,14.3,0.002,0.000548643588120728,0.007262807863492177,0.003,0.0010207838811386186,0.008783014053503173,0.995,0.9883490446266249,0.9978624644726756,0.997,0.9912169859464969,0.9989792161188614,False,True,False,False,True,False,fitted_family
QUMOND,1,test,1,1.3,0.225,,80,fitted_grid,fitted_prior,19,325119001,baseline,covariates_only66,sparse_floor,1000,1000,6,6,988,988,0,994,0.0,13.163,14.309,0.006,0.0027526691418763745,0.01302816824185209,0.006,0.0027526691418763745,0.01302816824185209,0.988,0.9791427315245017,0.9931223521935965,0.994,0.9869718317581478,0.9972473308581237,False,True,False,False,False,False,fitted_family
QUMOND,1,test,1,1.3,0.225,,80,fitted_grid,fitted_prior,19,325119001,envelope,covariates_only66,uniform_white,1000,1000,0,2,998,998,0,998,0.0,13.149,14.299,0.0,2.168404344971009e-19,0.0038267584855551234,0.002,0.000548643588120728,0.007262807863492177,0.998,0.9927371921365079,0.9994513564118793,0.998,0.9927371921365079,0.9994513564118793,False,True,False,False,True,False,fitted_family
QUMOND,1,test,1,1.3,0.225,,80,fitted_grid,fitted_prior,19,325119001,envelope,covariates_only66,clustered_correlated,1000,1000,0,1,999,999,0,999,0.0,13.135,14.3,0.0,2.168404344971009e-19,0.0038267584855551234,0.001,0.00017654637062607809,0.0056425585979579355,0.999,0.9943574414020421,0.9998234536293739,0.999,0.9943574414020421,0.9998234536293739,False,True,False,False,True,False,fitted_family
QUMOND,1,test,1,1.3,0.225,,80,fitted_grid,fitted_prior,19,325119001,envelope,covariates_only66,sparse_floor,1000,1000,0,5,995,995,0,995,0.0,13.163,14.309,0.0,2.168404344971009e-19,0.0038267584855551234,0.005,0.0021375355273244596,0.011650955373375113,0.995,0.9883490446266249,0.9978624644726756,0.995,0.9883490446266249,0.9978624644726756,False,True,False,False,False,False,fitted_family
QUMOND,1,test,1,1.3,0.225,,60,fitted_grid,outside_inner_prior,20,325120001,baseline,covariates_only66,uniform_white,1000,1000,0,0,1000,1000,0,1000,0.0,13.104,14.223,0.0,2.168404344971009e-19,0.0038267584855551234,0.0,2.168404344971009e-19,0.0038267584855551234,1.0,0.996173241514445,1.0,1.0,0.996173241514445,1.0,False,True,False,False,True,False,outside_inner_prior
QUMOND,1,test,1,1.3,0.225,,60,fitted_grid,outside_inner_prior,20,325120001,baseline,covariates_only66,clustered_correlated,1000,1000,1,2,997,996,1,997,0.0,13.104,14.25,0.001,0.00017654637062607809,0.0056425585979579355,0.002,0.000548643588120728,0.007262807863492177,0.997,0.9912169859464969,0.9989792161188614,0.997,0.9912169859464969,0.9989792161188614,False,True,False,False,True,False,outside_inner_prior
QUMOND,1,test,1,1.3,0.225,,60,fitted_grid,outside_inner_prior,20,325120001,baseline,covariates_only66,sparse_floor,1000,1000,5,3,992,992,0,997,0.0,13.113,14.217,0.005,0.0021375355273244596,0.011650955373375113,0.003,0.0010207838811386186,0.008783014053503173,0.992,0.9842936654690199,0.995940804181194,0.997,0.9912169859464969,0.9989792161188614,False,True,False,False,True,False,outside_inner_prior
QUMOND,1,test,1,1.3,0.225,,60,fitted_grid,outside_inner_prior,20,325120001,envelope,covariates_only66,uniform_white,1000,1000,0,0,1000,1000,0,1000,0.0,13.104,14.223,0.0,2.168404344971009e-19,0.0038267584855551234,0.0,2.168404344971009e-19,0.0038267584855551234,1.0,0.996173241514445,1.0,1.0,0.996173241514445,1.0,False,True,False,False,True,False,outside_inner_prior
QUMOND,1,test,1,1.3,0.225,,60,fitted_grid,outside_inner_prior,20,325120001,envelope,covariates_only66,clustered_correlated,1000,1000,0,1,999,998,1,998,0.0,13.104,14.25,0.0,2.168404344971009e-19,0.0038267584855551234,0.001,0.00017654637062607809,0.0056425585979579355,0.999,0.9943574414020421,0.9998234536293739,0.998,0.9927371921365079,0.9994513564118793,False,True,False,False,True,False,outside_inner_prior
QUMOND,1,test,1,1.3,0.225,,60,fitted_grid,outside_inner_prior,20,325120001,envelope,covariates_only66,sparse_floor,1000,1000,0,3,997,997,0,997,0.0,13.113,14.217,0.0,2.168404344971009e-19,0.0038267584855551234,0.003,0.0010207838811386186,0.008783014053503173,0.997,0.9912169859464969,0.9989792161188614,0.997,0.9912169859464969,0.9989792161188614,False,True,False,False,True,False,outside_inner_prior
QUMOND,1,test,1,1.3,0.225,,160,fitted_grid,outside_inner_prior,21,325121001,baseline,covariates_only66,uniform_white,1000,1000,3,1,996,995,1,998,0.0,13.163,14.189,0.003,0.0010207838811386186,0.008783014053503173,0.001,0.00017654637062607809,0.0056425585979579355,0.996,0.9897604437227377,0.9984434118595916,0.998,0.9927371921365079,0.9994513564118793,False,True,False,False,True,False,outside_inner_prior
QUMOND,1,test,1,1.3,0.225,,160,fitted_grid,outside_inner_prior,21,325121001,baseline,covariates_only66,clustered_correlated,1000,1000,4,2,994,993,1,997,0.0,13.167,14.185,0.004,0.0015565881404084308,0.010239556277262253,0.002,0.000548643588120728,0.007262807863492177,0.994,0.9869718317581478,0.9972473308581237,0.997,0.9912169859464969,0.9989792161188614,False,True,False,False,True,False,outside_inner_prior
QUMOND,1,test,1,1.3,0.225,,160,fitted_grid,outside_inner_prior,21,325121001,baseline,covariates_only66,sparse_floor,1000,1000,7,1,992,991,1,998,0.0,13.166,14.18,0.007,0.0033948684009907646,0.014378315465766588,0.001,0.00017654637062607809,0.0056425585979579355,0.992,0.9842936654690199,0.995940804181194,0.998,0.9927371921365079,0.9994513564118793,False,True,False,False,True,False,outside_inner_prior
QUMOND,1,test,1,1.3,0.225,,160,fitted_grid,outside_inner_prior,21,325121001,envelope,covariates_only66,uniform_white,1000,1000,1,1,998,997,1,998,0.0,13.163,14.189,0.001,0.00017654637062607809,0.0056425585979579355,0.001,0.00017654637062607809,0.0056425585979579355,0.998,0.9927371921365079,0.9994513564118793,0.998,0.9927371921365079,0.9994513564118793,False,True,False,False,True,False,outside_inner_prior
QUMOND,1,test,1,1.3,0.225,,160,fitted_grid,outside_inner_prior,21,325121001,envelope,covariates_only66,clustered_correlated,1000,1000,0,0,1000,999,1,999,0.0,13.167,14.185,0.0,2.168404344971009e-19,0.0038267584855551234,0.0,2.168404344971009e-19,0.0038267584855551234,1.0,0.996173241514445,1.0,0.999,0.9943574414020421,0.9998234536293739,False,True,False,False,True,False,outside_inner_prior
QUMOND,1,test,1,1.3,0.225,,160,fitted_grid,outside_inner_prior,21,325121001,envelope,covariates_only66,sparse_floor,1000,1000,1,1,998,997,1,998,0.0,13.166,14.18,0.001,0.00017654637062607809,0.0056425585979579355,0.001,0.00017654637062607809,0.0056425585979579355,0.998,0.9927371921365079,0.9994513564118793,0.998,0.9927371921365079,0.9994513564118793,False,True,False,False,True,False,outside_inner_prior
QUMOND,1,test,1,1.3,0.3,,40,fitted_grid,fitted_prior,22,325122001,baseline,covariates_only66,uniform_white,1000,1000,2,1,997,995,2,997,0.0,13.059,14.185,0.002,0.000548643588120728,0.007262807863492177,0.001,0.00017654637062607809,0.0056425585979579355,0.997,0.9912169859464969,0.9989792161188614,0.997,0.9912169859464969,0.9989792161188614,False,True,False,False,True,False,fitted_family
QUMOND,1,test,1,1.3,0.3,,40,fitted_grid,fitted_prior,22,325122001,baseline,covariates_only66,clustered_correlated,1000,1000,4,6,990,987,3,991,0.0,13.057,14.147,0.004,0.0015565881404084308,0.010239556277262253,0.006,0.0027526691418763745,0.01302816824185209,0.99,0.9816905311296853,0.9945592455544707,0.991,0.982984183834662,0.9952579393325229,False,True,False,False,False,False,fitted_family
QUMOND,1,test,1,1.3,0.3,,40,fitted_grid,fitted_prior,22,325122001,baseline,covariates_only66,sparse_floor,1000,1000,3,2,995,993,2,996,0.0,13.067,14.163,0.003,0.0010207838811386186,0.008783014053503173,0.002,0.000548643588120728,0.007262807863492177,0.995,0.9883490446266249,0.9978624644726756,0.996,0.9897604437227377,0.9984434118595916,False,True,False,False,False,False,fitted_family
QUMOND,1,test,1,1.3,0.3,,40,fitted_grid,fitted_prior,22,325122001,envelope,covariates_only66,uniform_white,1000,1000,1,1,998,996,2,997,0.0,13.059,14.185,0.001,0.00017654637062607809,0.0056425585979579355,0.001,0.00017654637062607809,0.0056425585979579355,0.998,0.9927371921365079,0.9994513564118793,0.997,0.9912169859464969,0.9989792161188614,False,True,False,False,True,False,fitted_family
QUMOND,1,test,1,1.3,0.3,,40,fitted_grid,fitted_prior,22,325122001,envelope,covariates_only66,clustered_correlated,1000,1000,1,4,995,992,3,993,0.0,13.057,14.147,0.001,0.00017654637062607809,0.0056425585979579355,0.004,0.0015565881404084308,0.010239556277262253,0.995,0.9883490446266249,0.9978624644726756,0.993,0.9856216845342334,0.9966051315990092,False,True,False,False,False,False,fitted_family
QUMOND,1,test,1,1.3,0.3,,40,fitted_grid,fitted_prior,22,325122001,envelope,covariates_only66,sparse_floor,1000,1000,1,2,997,995,2,996,0.0,13.067,14.163,0.001,0.00017654637062607809,0.0056425585979579355,0.002,0.000548643588120728,0.007262807863492177,0.997,0.9912169859464969,0.9989792161188614,0.996,0.9897604437227377,0.9984434118595916,False,True,False,False,False,False,fitted_family
QUMOND,1,test,1,1.3,0.3,,80,fitted_grid,fitted_prior,23,325123001,baseline,covariates_only66,uniform_white,1000,1000,5,2,993,993,0,998,0.0,13.131,14.215,0.005,0.0021375355273244596,0.011650955373375113,0.002,0.000548643588120728,0.007262807863492177,0.993,0.9856216845342334,0.9966051315990092,0.998,0.9927371921365079,0.9994513564118793,False,True,False,False,True,False,fitted_family
QUMOND,1,test,1,1.3,0.3,,80,fitted_grid,fitted_prior,23,325123001,baseline,covariates_only66,clustered_correlated,1000,1000,4,3,993,993,0,997,0.0,13.146,14.208,0.004,0.0015565881404084308,0.010239556277262253,0.003,0.0010207838811386186,0.008783014053503173,0.993,0.9856216845342334,0.9966051315990092,0.997,0.9912169859464969,0.9989792161188614,False,True,False,False,True,False,fitted_family
QUMOND,1,test,1,1.3,0.3,,80,fitted_grid,fitted_prior,23,325123001,baseline,covariates_only66,sparse_floor,1000,1000,11,2,987,987,0,998,0.0,13.179,14.254,0.011,0.006153174098086638,0.019589395700786275,0.002,0.000548643588120728,0.007262807863492177,0.987,0.9778855576244203,0.9923871796106489,0.998,0.9927371921365079,0.9994513564118793,False,True,False,False,True,False,fitted_family
QUMOND,1,test,1,1.3,0.3,,80,fitted_grid,fitted_prior,23,325123001,envelope,covariates_only66,uniform_white,1000,1000,1,2,997,997,0,998,0.0,13.131,14.215,0.001,0.00017654637062607809,0.0056425585979579355,0.002,0.000548643588120728,0.007262807863492177,0.997,0.9912169859464969,0.9989792161188614,0.998,0.9927371921365079,0.9994513564118793,False,True,False,False,True,False,fitted_family
QUMOND,1,test,1,1.3,0.3,,80,fitted_grid,fitted_prior,23,325123001,envelope,covariates_only66,clustered_correlated,1000,1000,2,1,997,997,0,999,0.0,13.146,14.208,0.002,0.000548643588120728,0.007262807863492177,0.001,0.00017654637062607809,0.0056425585979579355,0.997,0.9912169859464969,0.9989792161188614,0.999,0.9943574414020421,0.9998234536293739,False,True,False,False,True,False,fitted_family
QUMOND,1,test,1,1.3,0.3,,80,fitted_grid,fitted_prior,23,325123001,envelope,covariates_only66,sparse_floor,1000,1000,3,1,996,996,0,999,0.0,13.179,14.254,0.003,0.0010207838811386186,0.008783014053503173,0.001,0.00017654637062607809,0.0056425585979579355,0.996,0.9897604437227377,0.9984434118595916,0.999,0.9943574414020421,0.9998234536293739,False,True,False,False,True,False,fitted_family
QUMOND,1,test,1,1.3,0.3,,60,fitted_grid,outside_inner_prior,24,325124001,baseline,covariates_only66,uniform_white,1000,1000,4,0,996,996,0,1000,0.0,13.094,14.134,0.004,0.0015565881404084308,0.010239556277262253,0.0,2.168404344971009e-19,0.0038267584855551234,0.996,0.9897604437227377,0.9984434118595916,1.0,0.996173241514445,1.0,False,True,False,False,True,False,outside_inner_prior
QUMOND,1,test,1,1.3,0.3,,60,fitted_grid,outside_inner_prior,24,325124001,baseline,covariates_only66,clustered_correlated,1000,1000,4,0,996,994,2,998,0.0,13.092,14.093,0.004,0.0015565881404084308,0.010239556277262253,0.0,2.168404344971009e-19,0.0038267584855551234,0.996,0.9897604437227377,0.9984434118595916,0.998,0.9927371921365079,0.9994513564118793,False,True,False,False,True,False,outside_inner_prior
QUMOND,1,test,1,1.3,0.3,,60,fitted_grid,outside_inner_prior,24,325124001,baseline,covariates_only66,sparse_floor,1000,1000,9,2,989,989,0,998,0.0,13.089,14.086,0.009,0.004742060667477063,0.01701581616533807,0.002,0.000548643588120728,0.007262807863492177,0.989,0.9804106042992137,0.9938468259019134,0.998,0.9927371921365079,0.9994513564118793,False,True,False,False,True,False,outside_inner_prior
QUMOND,1,test,1,1.3,0.3,,60,fitted_grid,outside_inner_prior,24,325124001,envelope,covariates_only66,uniform_white,1000,1000,2,0,998,998,0,1000,0.0,13.094,14.134,0.002,0.000548643588120728,0.007262807863492177,0.0,2.168404344971009e-19,0.0038267584855551234,0.998,0.9927371921365079,0.9994513564118793,1.0,0.996173241514445,1.0,False,True,False,False,True,False,outside_inner_prior
QUMOND,1,test,1,1.3,0.3,,60,fitted_grid,outside_inner_prior,24,325124001,envelope,covariates_only66,clustered_correlated,1000,1000,1,0,999,999,0,1000,0.0,13.092,14.093,0.001,0.00017654637062607809,0.0056425585979579355,0.0,2.168404344971009e-19,0.0038267584855551234,0.999,0.9943574414020421,0.9998234536293739,1.0,0.996173241514445,1.0,False,True,False,False,True,False,outside_inner_prior
QUMOND,1,test,1,1.3,0.3,,60,fitted_grid,outside_inner_prior,24,325124001,envelope,covariates_only66,sparse_floor,1000,1000,2,2,996,996,0,998,0.0,13.089,14.086,0.002,0.000548643588120728,0.007262807863492177,0.002,0.000548643588120728,0.007262807863492177,0.996,0.9897604437227377,0.9984434118595916,0.998,0.9927371921365079,0.9994513564118793,False,True,False,False,True,False,outside_inner_prior
QUMOND,1,test,1,1.3,0.3,,160,fitted_grid,outside_inner_prior,25,325125001,baseline,covariates_only66,uniform_white,1000,1000,6,4,990,990,0,996,0.0,13.16,14.213,0.006,0.0027526691418763745,0.01302816824185209,0.004,0.0015565881404084308,0.010239556277262253,0.99,0.9816905311296853,0.9945592455544707,0.996,0.9897604437227377,0.9984434118595916,False,True,False,False,False,False,outside_inner_prior
QUMOND,1,test,1,1.3,0.3,,160,fitted_grid,outside_inner_prior,25,325125001,baseline,covariates_only66,clustered_correlated,1000,1000,6,3,991,991,0,997,0.0,13.162,14.206,0.006,0.0027526691418763745,0.01302816824185209,0.003,0.0010207838811386186,0.008783014053503173,0.991,0.982984183834662,0.9952579393325229,0.997,0.9912169859464969,0.9989792161188614,False,True,False,False,True,False,outside_inner_prior
QUMOND,1,test,1,1.3,0.3,,160,fitted_grid,outside_inner_prior,25,325125001,baseline,covariates_only66,sparse_floor,1000,1000,8,3,989,988,1,996,0.0,13.167,14.212,0.008,0.004059195818806103,0.015706334530980144,0.003,0.0010207838811386186,0.008783014053503173,0.989,0.9804106042992137,0.9938468259019134,0.996,0.9897604437227377,0.9984434118595916,False,True,False,False,False,False,outside_inner_prior
QUMOND,1,test,1,1.3,0.3,,160,fitted_grid,outside_inner_prior,25,325125001,envelope,covariates_only66,uniform_white,1000,1000,1,3,996,996,0,997,0.0,13.16,14.213,0.001,0.00017654637062607809,0.0056425585979579355,0.003,0.0010207838811386186,0.008783014053503173,0.996,0.9897604437227377,0.9984434118595916,0.997,0.9912169859464969,0.9989792161188614,False,True,False,False,True,False,outside_inner_prior
QUMOND,1,test,1,1.3,0.3,,160,fitted_grid,outside_inner_prior,25,325125001,envelope,covariates_only66,clustered_correlated,1000,1000,1,1,998,998,0,999,0.0,13.162,14.206,0.001,0.00017654637062607809,0.0056425585979579355,0.001,0.00017654637062607809,0.0056425585979579355,0.998,0.9927371921365079,0.9994513564118793,0.999,0.9943574414020421,0.9998234536293739,False,True,False,False,True,False,outside_inner_prior
QUMOND,1,test,1,1.3,0.3,,160,fitted_grid,outside_inner_prior,25,325125001,envelope,covariates_only66,sparse_floor,1000,1000,1,2,997,997,0,998,0.0,13.167,14.212,0.001,0.00017654637062607809,0.0056425585979579355,0.002,0.000548643588120728,0.007262807863492177,0.997,0.9912169859464969,0.9989792161188614,0.998,0.9927371921365079,0.9994513564118793,False,True,False,False,True,False,outside_inner_prior
QUMOND,1,test,1,1.6,0.0,,,fitted_grid,pure,26,325126001,baseline,covariates_only66,uniform_white,1000,1000,3,12,985,984,1,987,0.0,13.019,14.022,0.003,0.0010207838811386186,0.008783014053503173,0.012,0.006877647806403522,0.02085726847549828,0.985,0.9753990230730932,0.9908890211959184,0.987,0.9778855576244203,0.9923871796106489,False,False,False,False,False,False,fitted_family
QUMOND,1,test,1,1.6,0.0,,,fitted_grid,pure,26,325126001,baseline,covariates_only66,clustered_correlated,1000,1000,8,12,980,978,2,986,0.0,13.033,13.977,0.008,0.004059195818806103,0.015706334530980144,0.012,0.006877647806403522,0.02085726847549828,0.98,0.9693099947702822,0.987016317083585,0.986,0.9766379658824644,0.9916424248695761,False,False,False,False,False,False,fitted_family
QUMOND,1,test,1,1.6,0.0,,,fitted_grid,pure,26,325126001,baseline,covariates_only66,sparse_floor,1000,1000,7,12,981,979,2,986,0.0,13.031,13.968,0.007,0.0033948684009907646,0.014378315465766588,0.012,0.006877647806403522,0.02085726847549828,0.981,0.9705155440876868,0.9878031142492091,0.986,0.9766379658824644,0.9916424248695761,False,False,False,False,False,False,fitted_family
QUMOND,1,test,1,1.6,0.0,,,fitted_grid,pure,26,325126001,envelope,covariates_only66,uniform_white,1000,1000,1,12,987,986,1,987,0.0,13.019,14.022,0.001,0.00017654637062607809,0.0056425585979579355,0.012,0.006877647806403522,0.02085726847549828,0.987,0.9778855576244203,0.9923871796106489,0.987,0.9778855576244203,0.9923871796106489,False,False,False,False,False,False,fitted_family
QUMOND,1,test,1,1.6,0.0,,,fitted_grid,pure,26,325126001,envelope,covariates_only66,clustered_correlated,1000,1000,1,10,989,987,2,988,0.0,13.033,13.977,0.001,0.00017654637062607809,0.0056425585979579355,0.01,0.005440754445529249,0.018309468870314774,0.989,0.9804106042992137,0.9938468259019134,0.988,0.9791427315245017,0.9931223521935965,False,False,False,False,False,False,fitted_family
QUMOND,1,test,1,1.6,0.0,,,fitted_grid,pure,26,325126001,envelope,covariates_only66,sparse_floor,1000,1000,2,9,989,987,2,989,0.0,13.031,13.968,0.002,0.000548643588120728,0.007262807863492177,0.009,0.004742060667477063,0.01701581616533807,0.989,0.9804106042992137,0.9938468259019134,0.989,0.9804106042992137,0.9938468259019134,False,False,False,False,False,False,fitted_family
QUMOND,1,test,1,1.6,0.075,,40,fitted_grid,fitted_prior,27,325127001,baseline,covariates_only66,uniform_white,1000,1000,3,5,992,992,0,995,0.0,13.074,14.092,0.003,0.0010207838811386186,0.008783014053503173,0.005,0.0021375355273244596,0.011650955373375113,0.992,0.9842936654690199,0.995940804181194,0.995,0.9883490446266249,0.9978624644726756,False,True,False,False,False,False,fitted_family
QUMOND,1,test,1,1.6,0.075,,40,fitted_grid,fitted_prior,27,325127001,baseline,covariates_only66,clustered_correlated,1000,1000,3,9,988,988,0,991,0.0,13.091,14.091,0.003,0.0010207838811386186,0.008783014053503173,0.009,0.004742060667477063,0.01701581616533807,0.988,0.9791427315245017,0.9931223521935965,0.991,0.982984183834662,0.9952579393325229,False,True,False,False,False,False,fitted_family
QUMOND,1,test,1,1.6,0.075,,40,fitted_grid,fitted_prior,27,325127001,baseline,covariates_only66,sparse_floor,1000,1000,9,7,984,984,0,993,0.0,13.067,14.058,0.009,0.004742060667477063,0.01701581616533807,0.007,0.0033948684009907646,0.014378315465766588,0.984,0.97416793978826,0.9901277579977227,0.993,0.9856216845342334,0.9966051315990092,False,True,False,False,False,False,fitted_family
QUMOND,1,test,1,1.6,0.075,,40,fitted_grid,fitted_prior,27,325127001,envelope,covariates_only66,uniform_white,1000,1000,0,5,995,995,0,995,0.0,13.074,14.092,0.0,2.168404344971009e-19,0.0038267584855551234,0.005,0.0021375355273244596,0.011650955373375113,0.995,0.9883490446266249,0.9978624644726756,0.995,0.9883490446266249,0.9978624644726756,False,True,False,False,False,False,fitted_family
QUMOND,1,test,1,1.6,0.075,,40,fitted_grid,fitted_prior,27,325127001,envelope,covariates_only66,clustered_correlated,1000,1000,0,6,994,994,0,994,0.0,13.091,14.091,0.0,2.168404344971009e-19,0.0038267584855551234,0.006,0.0027526691418763745,0.01302816824185209,0.994,0.9869718317581478,0.9972473308581237,0.994,0.9869718317581478,0.9972473308581237,False,True,False,False,False,False,fitted_family
QUMOND,1,test,1,1.6,0.075,,40,fitted_grid,fitted_prior,27,325127001,envelope,covariates_only66,sparse_floor,1000,1000,1,5,994,994,0,995,0.0,13.067,14.058,0.001,0.00017654637062607809,0.0056425585979579355,0.005,0.0021375355273244596,0.011650955373375113,0.994,0.9869718317581478,0.9972473308581237,0.995,0.9883490446266249,0.9978624644726756,False,True,False,False,False,False,fitted_family
QUMOND,1,test,1,1.6,0.075,,80,fitted_grid,fitted_prior,28,325128001,baseline,covariates_only66,uniform_white,1000,1000,5,5,990,990,0,995,0.0,13.017,14.134,0.005,0.0021375355273244596,0.011650955373375113,0.005,0.0021375355273244596,0.011650955373375113,0.99,0.9816905311296853,0.9945592455544707,0.995,0.9883490446266249,0.9978624644726756,False,True,False,False,False,False,fitted_family
QUMOND,1,test,1,1.6,0.075,,80,fitted_grid,fitted_prior,28,325128001,baseline,covariates_only66,clustered_correlated,1000,1000,9,7,984,984,0,993,0.0,13.017,14.083,0.009,0.004742060667477063,0.01701581616533807,0.007,0.0033948684009907646,0.014378315465766588,0.984,0.97416793978826,0.9901277579977227,0.993,0.9856216845342334,0.9966051315990092,False,True,False,False,False,False,fitted_family
QUMOND,1,test,1,1.6,0.075,,80,fitted_grid,fitted_prior,28,325128001,baseline,covariates_only66,sparse_floor,1000,1000,9,6,985,984,1,993,0.0,13.016,14.07,0.009,0.004742060667477063,0.01701581616533807,0.006,0.0027526691418763745,0.01302816824185209,0.985,0.9753990230730932,0.9908890211959184,0.993,0.9856216845342334,0.9966051315990092,False,True,False,False,False,False,fitted_family
QUMOND,1,test,1,1.6,0.075,,80,fitted_grid,fitted_prior,28,325128001,envelope,covariates_only66,uniform_white,1000,1000,0,3,997,997,0,997,0.0,13.017,14.134,0.0,2.168404344971009e-19,0.0038267584855551234,0.003,0.0010207838811386186,0.008783014053503173,0.997,0.9912169859464969,0.9989792161188614,0.997,0.9912169859464969,0.9989792161188614,False,True,False,False,True,False,fitted_family
QUMOND,1,test,1,1.6,0.075,,80,fitted_grid,fitted_prior,28,325128001,envelope,covariates_only66,clustered_correlated,1000,1000,0,5,995,995,0,995,0.0,13.017,14.083,0.0,2.168404344971009e-19,0.0038267584855551234,0.005,0.0021375355273244596,0.011650955373375113,0.995,0.9883490446266249,0.9978624644726756,0.995,0.9883490446266249,0.9978624644726756,False,True,False,False,False,False,fitted_family
QUMOND,1,test,1,1.6,0.075,,80,fitted_grid,fitted_prior,28,325128001,envelope,covariates_only66,sparse_floor,1000,1000,0,6,994,994,0,994,0.0,13.016,14.07,0.0,2.168404344971009e-19,0.0038267584855551234,0.006,0.0027526691418763745,0.01302816824185209,0.994,0.9869718317581478,0.9972473308581237,0.994,0.9869718317581478,0.9972473308581237,False,True,False,False,False,False,fitted_family
QUMOND,1,test,1,1.6,0.075,,60,fitted_grid,outside_inner_prior,29,325129001,baseline,covariates_only66,uniform_white,1000,1000,0,12,988,988,0,988,0.0,13.007,14.156,0.0,2.168404344971009e-19,0.0038267584855551234,0.012,0.006877647806403522,0.02085726847549828,0.988,0.9791427315245017,0.9931223521935965,0.988,0.9791427315245017,0.9931223521935965,False,False,False,False,False,False,outside_inner_prior
QUMOND,1,test,1,1.6,0.075,,60,fitted_grid,outside_inner_prior,29,325129001,baseline,covariates_only66,clustered_correlated,1000,1000,2,16,982,980,2,982,0.0,13.011,14.144,0.002,0.000548643588120728,0.007262807863492177,0.016,0.009872242002277388,0.02583206021173997,0.982,0.9717267448294926,0.9885842599904322,0.982,0.9717267448294926,0.9885842599904322,False,False,False,False,False,False,outside_inner_prior
QUMOND,1,test,1,1.6,0.075,,60,fitted_grid,outside_inner_prior,29,325129001,baseline,covariates_only66,sparse_floor,1000,1000,9,11,980,979,1,988,0.0,13.012,14.09,0.009,0.004742060667477063,0.01701581616533807,0.011,0.006153174098086638,0.019589395700786275,0.98,0.9693099947702822,0.987016317083585,0.988,0.9791427315245017,0.9931223521935965,False,False,False,False,False,False,outside_inner_prior
QUMOND,1,test,1,1.6,0.075,,60,fitted_grid,outside_inner_prior,29,325129001,envelope,covariates_only66,uniform_white,1000,1000,0,10,990,990,0,990,0.0,13.007,14.156,0.0,2.168404344971009e-19,0.0038267584855551234,0.01,0.005440754445529249,0.018309468870314774,0.99,0.9816905311296853,0.9945592455544707,0.99,0.9816905311296853,0.9945592455544707,False,True,False,False,False,False,outside_inner_prior
QUMOND,1,test,1,1.6,0.075,,60,fitted_grid,outside_inner_prior,29,325129001,envelope,covariates_only66,clustered_correlated,1000,1000,0,14,986,984,2,984,0.0,13.011,14.144,0.0,2.168404344971009e-19,0.0038267584855551234,0.014,0.00835757513042392,0.02336203411753566,0.986,0.9766379658824644,0.9916424248695761,0.984,0.97416793978826,0.9901277579977227,False,False,False,False,False,False,outside_inner_prior
QUMOND,1,test,1,1.6,0.075,,60,fitted_grid,outside_inner_prior,29,325129001,envelope,covariates_only66,sparse_floor,1000,1000,1,8,991,990,1,991,0.0,13.012,14.09,0.001,0.00017654637062607809,0.0056425585979579355,0.008,0.004059195818806103,0.015706334530980144,0.991,0.982984183834662,0.9952579393325229,0.991,0.982984183834662,0.9952579393325229,False,True,False,False,False,False,outside_inner_prior
QUMOND,1,test,1,1.6,0.075,,160,fitted_grid,outside_inner_prior,30,325130001,baseline,covariates_only66,uniform_white,1000,1000,1,9,990,990,0,991,0.0,13.046,14.075,0.001,0.00017654637062607809,0.0056425585979579355,0.009,0.004742060667477063,0.01701581616533807,0.99,0.9816905311296853,0.9945592455544707,0.991,0.982984183834662,0.9952579393325229,False,True,False,False,False,False,outside_inner_prior
QUMOND,1,test,1,1.6,0.075,,160,fitted_grid,outside_inner_prior,30,325130001,baseline,covariates_only66,clustered_correlated,1000,1000,3,9,988,988,0,991,0.0,13.04,14.08,0.003,0.0010207838811386186,0.008783014053503173,0.009,0.004742060667477063,0.01701581616533807,0.988,0.9791427315245017,0.9931223521935965,0.991,0.982984183834662,0.9952579393325229,False,True,False,False,False,False,outside_inner_prior
QUMOND,1,test,1,1.6,0.075,,160,fitted_grid,outside_inner_prior,30,325130001,baseline,covariates_only66,sparse_floor,1000,1000,7,7,986,985,1,992,0.0,13.037,14.054,0.007,0.0033948684009907646,0.014378315465766588,0.007,0.0033948684009907646,0.014378315465766588,0.986,0.9766379658824644,0.9916424248695761,0.992,0.9842936654690199,0.995940804181194,False,True,False,False,False,False,outside_inner_prior
QUMOND,1,test,1,1.6,0.075,,160,fitted_grid,outside_inner_prior,30,325130001,envelope,covariates_only66,uniform_white,1000,1000,0,8,992,992,0,992,0.0,13.046,14.075,0.0,2.168404344971009e-19,0.0038267584855551234,0.008,0.004059195818806103,0.015706334530980144,0.992,0.9842936654690199,0.995940804181194,0.992,0.9842936654690199,0.995940804181194,False,True,False,False,False,False,outside_inner_prior
QUMOND,1,test,1,1.6,0.075,,160,fitted_grid,outside_inner_prior,30,325130001,envelope,covariates_only66,clustered_correlated,1000,1000,0,7,993,993,0,993,0.0,13.04,14.08,0.0,2.168404344971009e-19,0.0038267584855551234,0.007,0.0033948684009907646,0.014378315465766588,0.993,0.9856216845342334,0.9966051315990092,0.993,0.9856216845342334,0.9966051315990092,False,True,False,False,False,False,outside_inner_prior
QUMOND,1,test,1,1.6,0.075,,160,fitted_grid,outside_inner_prior,30,325130001,envelope,covariates_only66,sparse_floor,1000,1000,1,7,992,991,1,992,0.0,13.037,14.054,0.001,0.00017654637062607809,0.0056425585979579355,0.007,0.0033948684009907646,0.014378315465766588,0.992,0.9842936654690199,0.995940804181194,0.992,0.9842936654690199,0.995940804181194,False,True,False,False,False,False,outside_inner_prior
QUMOND,1,test,1,1.6,0.225,,40,fitted_grid,fitted_prior,31,325131001,baseline,covariates_only66,uniform_white,1000,1000,5,4,991,990,1,995,0.0,13.058,14.02,0.005,0.0021375355273244596,0.011650955373375113,0.004,0.0015565881404084308,0.010239556277262253,0.991,0.982984183834662,0.9952579393325229,0.995,0.9883490446266249,0.9978624644726756,False,True,False,False,False,False,fitted_family
QUMOND,1,test,1,1.6,0.225,,40,fitted_grid,fitted_prior,31,325131001,baseline,covariates_only66,clustered_correlated,1000,1000,9,9,982,979,3,988,0.0,13.06,14.072,0.009,0.004742060667477063,0.01701581616533807,0.009,0.004742060667477063,0.01701581616533807,0.982,0.9717267448294926,0.9885842599904322,0.988,0.9791427315245017,0.9931223521935965,False,False,False,False,False,False,fitted_family
QUMOND,1,test,1,1.6,0.225,,40,fitted_grid,fitted_prior,31,325131001,baseline,covariates_only66,sparse_floor,1000,1000,11,7,982,980,2,991,0.0,13.06,13.95,0.011,0.006153174098086638,0.019589395700786275,0.007,0.0033948684009907646,0.014378315465766588,0.982,0.9717267448294926,0.9885842599904322,0.991,0.982984183834662,0.9952579393325229,False,True,False,False,False,False,fitted_family
QUMOND,1,test,1,1.6,0.225,,40,fitted_grid,fitted_prior,31,325131001,baseline,conditional66,clustered_correlated,1000,1000,947,2,51,51,0,998,0.000333,1.87,1.207,0.947,0.9313253831625082,0.9592534947514054,0.002,0.000548643588120728,0.007262807863492177,0.051,0.03900094277526684,0.06643548634476165,0.998,0.9927371921365079,0.9994513564118793,False,True,False,False,True,False,fitted_family
QUMOND,1,test,1,1.6,0.225,,40,fitted_grid,fitted_prior,31,325131001,envelope,covariates_only66,uniform_white,1000,1000,0,3,997,996,1,996,0.0,13.058,14.02,0.0,2.168404344971009e-19,0.0038267584855551234,0.003,0.0010207838811386186,0.008783014053503173,0.997,0.9912169859464969,0.9989792161188614,0.996,0.9897604437227377,0.9984434118595916,False,True,False,False,False,False,fitted_family
QUMOND,1,test,1,1.6,0.225,,40,fitted_grid,fitted_prior,31,325131001,envelope,covariates_only66,clustered_correlated,1000,1000,1,7,992,990,2,991,0.0,13.06,14.072,0.001,0.00017654637062607809,0.0056425585979579355,0.007,0.0033948684009907646,0.014378315465766588,0.992,0.9842936654690199,0.995940804181194,0.991,0.982984183834662,0.9952579393325229,False,True,False,False,False,False,fitted_family
QUMOND,1,test,1,1.6,0.225,,40,fitted_grid,fitted_prior,31,325131001,envelope,covariates_only66,sparse_floor,1000,1000,1,4,995,993,2,994,0.0,13.06,13.95,0.001,0.00017654637062607809,0.0056425585979579355,0.004,0.0015565881404084308,0.010239556277262253,0.995,0.9883490446266249,0.9978624644726756,0.994,0.9869718317581478,0.9972473308581237,False,True,False,False,False,False,fitted_family
QUMOND,1,test,1,1.6,0.225,,40,fitted_grid,fitted_prior,31,325131001,envelope,conditional66,clustered_correlated,1000,1000,947,2,51,51,0,998,0.000333,1.87,1.207,0.947,0.9313253831625082,0.9592534947514054,0.002,0.000548643588120728,0.007262807863492177,0.051,0.03900094277526684,0.06643548634476165,0.998,0.9927371921365079,0.9994513564118793,False,True,False,False,True,False,fitted_family
QUMOND,1,test,1,1.6,0.225,,80,fitted_grid,fitted_prior,32,325132001,baseline,no_diagnostics66,clustered_correlated,1000,1000,989,0,11,0,11,989,0.0,2.094,1.533,0.989,0.9804106042992137,0.9938468259019134,0.0,2.168404344971009e-19,0.0038267584855551234,0.011,0.006153174098086638,0.019589395700786275,0.989,0.9804106042992137,0.9938468259019134,True,False,False,True,False,False,fitted_family
QUMOND,1,test,1,1.6,0.225,,80,fitted_grid,fitted_prior,32,325132001,baseline,covariates_only66,uniform_white,1000,1000,8,10,982,980,2,988,0.0,13.083,14.027,0.008,0.004059195818806103,0.015706334530980144,0.01,0.005440754445529249,0.018309468870314774,0.982,0.9717267448294926,0.9885842599904322,0.988,0.9791427315245017,0.9931223521935965,False,False,False,False,False,False,fitted_family
QUMOND,1,test,1,1.6,0.225,,80,fitted_grid,fitted_prior,32,325132001,baseline,covariates_only66,clustered_correlated,1000,1000,6,11,983,980,3,986,0.0,13.092,14.022,0.006,0.0027526691418763745,0.01302816824185209,0.011,0.006153174098086638,0.019589395700786275,0.983,0.9729440411597701,0.9893593101431837,0.986,0.9766379658824644,0.9916424248695761,False,False,False,False,False,False,fitted_family
QUMOND,1,test,1,1.6,0.225,,80,fitted_grid,fitted_prior,32,325132001,baseline,covariates_only66,sparse_floor,1000,1000,15,11,974,970,4,985,0.0,13.088,14.014,0.015,0.009110978804081668,0.024600976926906798,0.011,0.006153174098086638,0.019589395700786275,0.974,0.9621761711573101,0.9821960617983837,0.985,0.9753990230730932,0.9908890211959184,False,False,False,False,False,False,fitted_family
QUMOND,1,test,1,1.6,0.225,,80,fitted_grid,fitted_prior,32,325132001,envelope,covariates_only66,uniform_white,1000,1000,2,11,987,986,1,988,0.0,13.083,14.027,0.002,0.000548643588120728,0.007262807863492177,0.011,0.006153174098086638,0.019589395700786275,0.987,0.9778855576244203,0.9923871796106489,0.988,0.9791427315245017,0.9931223521935965,False,False,False,False,False,False,fitted_family
QUMOND,1,test,1,1.6,0.225,,80,fitted_grid,fitted_prior,32,325132001,envelope,covariates_only66,clustered_correlated,1000,1000,0,9,991,989,2,989,0.0,13.092,14.022,0.0,2.168404344971009e-19,0.0038267584855551234,0.009,0.004742060667477063,0.01701581616533807,0.991,0.982984183834662,0.9952579393325229,0.989,0.9804106042992137,0.9938468259019134,False,False,False,False,False,False,fitted_family
QUMOND,1,test,1,1.6,0.225,,80,fitted_grid,fitted_prior,32,325132001,envelope,covariates_only66,sparse_floor,1000,1000,1,7,992,988,4,989,0.0,13.088,14.014,0.001,0.00017654637062607809,0.0056425585979579355,0.007,0.0033948684009907646,0.014378315465766588,0.992,0.9842936654690199,0.995940804181194,0.989,0.9804106042992137,0.9938468259019134,False,False,False,False,False,False,fitted_family
QUMOND,1,test,1,1.6,0.225,,60,fitted_grid,outside_inner_prior,33,325133001,baseline,covariates_only66,uniform_white,1000,1000,5,8,987,987,0,992,0.0,13.072,14.298,0.005,0.0021375355273244596,0.011650955373375113,0.008,0.004059195818806103,0.015706334530980144,0.987,0.9778855576244203,0.9923871796106489,0.992,0.9842936654690199,0.995940804181194,False,True,False,False,False,False,outside_inner_prior
QUMOND,1,test,1,1.6,0.225,,60,fitted_grid,outside_inner_prior,33,325133001,baseline,covariates_only66,clustered_correlated,1000,1000,3,9,988,985,3,988,0.0,13.073,14.293,0.003,0.0010207838811386186,0.008783014053503173,0.009,0.004742060667477063,0.01701581616533807,0.988,0.9791427315245017,0.9931223521935965,0.988,0.9791427315245017,0.9931223521935965,False,False,False,False,False,False,outside_inner_prior
QUMOND,1,test,1,1.6,0.225,,60,fitted_grid,outside_inner_prior,33,325133001,baseline,covariates_only66,sparse_floor,1000,1000,11,7,982,982,0,993,0.0,13.085,14.215,0.011,0.006153174098086638,0.019589395700786275,0.007,0.0033948684009907646,0.014378315465766588,0.982,0.9717267448294926,0.9885842599904322,0.993,0.9856216845342334,0.9966051315990092,False,True,False,False,False,False,outside_inner_prior
QUMOND,1,test,1,1.6,0.225,,60,fitted_grid,outside_inner_prior,33,325133001,baseline,conditional66,clustered_correlated,1000,1000,941,3,56,56,0,997,0.000606,1.919,1.211,0.941,0.9246390972285408,0.9539857017871995,0.003,0.0010207838811386186,0.008783014053503173,0.056,0.043374813385442,0.07202334814973096,0.997,0.9912169859464969,0.9989792161188614,False,True,False,False,True,False,outside_inner_prior
QUMOND,1,test,1,1.6,0.225,,60,fitted_grid,outside_inner_prior,33,325133001,envelope,covariates_only66,uniform_white,1000,1000,0,7,993,993,0,993,0.0,13.072,14.298,0.0,2.168404344971009e-19,0.0038267584855551234,0.007,0.0033948684009907646,0.014378315465766588,0.993,0.9856216845342334,0.9966051315990092,0.993,0.9856216845342334,0.9966051315990092,False,True,False,False,False,False,outside_inner_prior
QUMOND,1,test,1,1.6,0.225,,60,fitted_grid,outside_inner_prior,33,325133001,envelope,covariates_only66,clustered_correlated,1000,1000,1,8,991,991,0,992,0.0,13.073,14.293,0.001,0.00017654637062607809,0.0056425585979579355,0.008,0.004059195818806103,0.015706334530980144,0.991,0.982984183834662,0.9952579393325229,0.992,0.9842936654690199,0.995940804181194,False,True,False,False,False,False,outside_inner_prior
QUMOND,1,test,1,1.6,0.225,,60,fitted_grid,outside_inner_prior,33,325133001,envelope,covariates_only66,sparse_floor,1000,1000,0,5,995,995,0,995,0.0,13.085,14.215,0.0,2.168404344971009e-19,0.0038267584855551234,0.005,0.0021375355273244596,0.011650955373375113,0.995,0.9883490446266249,0.9978624644726756,0.995,0.9883490446266249,0.9978624644726756,False,True,False,False,False,False,outside_inner_prior
QUMOND,1,test,1,1.6,0.225,,60,fitted_grid,outside_inner_prior,33,325133001,envelope,conditional66,clustered_correlated,1000,1000,941,3,56,56,0,997,0.000606,1.919,1.211,0.941,0.9246390972285408,0.9539857017871995,0.003,0.0010207838811386186,0.008783014053503173,0.056,0.043374813385442,0.07202334814973096,0.997,0.9912169859464969,0.9989792161188614,False,True,False,False,True,False,outside_inner_prior
QUMOND,1,test,1,1.6,0.225,,160,fitted_grid,outside_inner_prior,34,325134001,baseline,covariates_only66,uniform_white,1000,1000,8,5,987,985,2,993,0.0,13.068,14.198,0.008,0.004059195818806103,0.015706334530980144,0.005,0.0021375355273244596,0.011650955373375113,0.987,0.9778855576244203,0.9923871796106489,0.993,0.9856216845342334,0.9966051315990092,False,True,False,False,False,False,outside_inner_prior
QUMOND,1,test,1,1.6,0.225,,160,fitted_grid,outside_inner_prior,34,325134001,baseline,covariates_only66,clustered_correlated,1000,1000,7,7,986,985,1,992,0.0,13.062,14.161,0.007,0.0033948684009907646,0.014378315465766588,0.007,0.0033948684009907646,0.014378315465766588,0.986,0.9766379658824644,0.9916424248695761,0.992,0.9842936654690199,0.995940804181194,False,True,False,False,False,False,outside_inner_prior
QUMOND,1,test,1,1.6,0.225,,160,fitted_grid,outside_inner_prior,34,325134001,baseline,covariates_only66,sparse_floor,1000,1000,16,10,974,972,2,988,0.0,13.068,14.096,0.016,0.009872242002277388,0.02583206021173997,0.01,0.005440754445529249,0.018309468870314774,0.974,0.9621761711573101,0.9821960617983837,0.988,0.9791427315245017,0.9931223521935965,False,False,False,False,False,False,outside_inner_prior
QUMOND,1,test,1,1.6,0.225,,160,fitted_grid,outside_inner_prior,34,325134001,envelope,covariates_only66,uniform_white,1000,1000,1,5,994,992,2,993,0.0,13.068,14.198,0.001,0.00017654637062607809,0.0056425585979579355,0.005,0.0021375355273244596,0.011650955373375113,0.994,0.9869718317581478,0.9972473308581237,0.993,0.9856216845342334,0.9966051315990092,False,True,False,False,False,False,outside_inner_prior
QUMOND,1,test,1,1.6,0.225,,160,fitted_grid,outside_inner_prior,34,325134001,envelope,covariates_only66,clustered_correlated,1000,1000,1,3,996,995,1,996,0.0,13.062,14.161,0.001,0.00017654637062607809,0.0056425585979579355,0.003,0.0010207838811386186,0.008783014053503173,0.996,0.9897604437227377,0.9984434118595916,0.996,0.9897604437227377,0.9984434118595916,False,True,False,False,False,False,outside_inner_prior
QUMOND,1,test,1,1.6,0.225,,160,fitted_grid,outside_inner_prior,34,325134001,envelope,covariates_only66,sparse_floor,1000,1000,1,7,992,991,1,992,0.0,13.068,14.096,0.001,0.00017654637062607809,0.0056425585979579355,0.007,0.0033948684009907646,0.014378315465766588,0.992,0.9842936654690199,0.995940804181194,0.992,0.9842936654690199,0.995940804181194,False,True,False,False,False,False,outside_inner_prior
QUMOND,1,test,1,1.6,0.3,,40,fitted_grid,fitted_prior,35,325135001,baseline,covariates_only66,uniform_white,1000,1000,5,4,991,991,0,996,0.0,13.075,14.106,0.005,0.0021375355273244596,0.011650955373375113,0.004,0.0015565881404084308,0.010239556277262253,0.991,0.982984183834662,0.9952579393325229,0.996,0.9897604437227377,0.9984434118595916,False,True,False,False,False,False,fitted_family
QUMOND,1,test,1,1.6,0.3,,40,fitted_grid,fitted_prior,35,325135001,baseline,covariates_only66,clustered_correlated,1000,1000,4,6,990,990,0,994,0.0,13.056,14.133,0.004,0.0015565881404084308,0.010239556277262253,0.006,0.0027526691418763745,0.01302816824185209,0.99,0.9816905311296853,0.9945592455544707,0.994,0.9869718317581478,0.9972473308581237,False,True,False,False,False,False,fitted_family
QUMOND,1,test,1,1.6,0.3,,40,fitted_grid,fitted_prior,35,325135001,baseline,covariates_only66,sparse_floor,1000,1000,14,5,981,980,1,994,0.0,13.077,14.028,0.014,0.00835757513042392,0.02336203411753566,0.005,0.0021375355273244596,0.011650955373375113,0.981,0.9705155440876868,0.9878031142492091,0.994,0.9869718317581478,0.9972473308581237,False,True,False,False,False,False,fitted_family
QUMOND,1,test,1,1.6,0.3,,40,fitted_grid,fitted_prior,35,325135001,baseline,conditional66,clustered_correlated,1000,1000,901,4,95,94,1,995,0.000433,1.837,1.026,0.901,0.8809263810632503,0.9180045586313347,0.004,0.0015565881404084308,0.010239556277262253,0.095,0.07834523457904741,0.11475443979425223,0.995,0.9883490446266249,0.9978624644726756,False,True,False,False,False,False,fitted_family
QUMOND,1,test,1,1.6,0.3,,40,fitted_grid,fitted_prior,35,325135001,envelope,full34,clustered_correlated,1000,1000,943,2,55,53,2,996,0.000661,1.088,1.087,0.943,0.9268629323405141,0.9557465596412841,0.002,0.000548643588120728,0.007262807863492177,0.055,0.04249742737476844,0.07090838767737563,0.996,0.9897604437227377,0.9984434118595916,False,True,False,False,False,False,fitted_family
QUMOND,1,test,1,1.6,0.3,,40,fitted_grid,fitted_prior,35,325135001,envelope,covariates_only66,uniform_white,1000,1000,0,4,996,996,0,996,0.0,13.075,14.106,0.0,2.168404344971009e-19,0.0038267584855551234,0.004,0.0015565881404084308,0.010239556277262253,0.996,0.9897604437227377,0.9984434118595916,0.996,0.9897604437227377,0.9984434118595916,False,True,False,False,False,False,fitted_family
QUMOND,1,test,1,1.6,0.3,,40,fitted_grid,fitted_prior,35,325135001,envelope,covariates_only66,clustered_correlated,1000,1000,0,4,996,996,0,996,0.0,13.056,14.133,0.0,2.168404344971009e-19,0.0038267584855551234,0.004,0.0015565881404084308,0.010239556277262253,0.996,0.9897604437227377,0.9984434118595916,0.996,0.9897604437227377,0.9984434118595916,False,True,False,False,False,False,fitted_family
QUMOND,1,test,1,1.6,0.3,,40,fitted_grid,fitted_prior,35,325135001,envelope,covariates_only66,sparse_floor,1000,1000,2,4,994,993,1,995,0.0,13.077,14.028,0.002,0.000548643588120728,0.007262807863492177,0.004,0.0015565881404084308,0.010239556277262253,0.994,0.9869718317581478,0.9972473308581237,0.995,0.9883490446266249,0.9978624644726756,False,True,False,False,False,False,fitted_family
QUMOND,1,test,1,1.6,0.3,,40,fitted_grid,fitted_prior,35,325135001,envelope,conditional66,clustered_correlated,1000,1000,901,4,95,94,1,995,0.000433,1.837,1.026,0.901,0.8809263810632503,0.9180045586313347,0.004,0.0015565881404084308,0.010239556277262253,0.095,0.07834523457904741,0.11475443979425223,0.995,0.9883490446266249,0.9978624644726756,False,True,False,False,False,False,fitted_family
QUMOND,1,test,1,1.6,0.3,,80,fitted_grid,fitted_prior,36,325136001,baseline,full34,sparse_floor,1000,1000,939,3,58,57,1,996,0.000704,1.043,1.086,0.939,0.9224198811757163,0.9522202248739662,0.003,0.0010207838811386186,0.008783014053503173,0.058,0.04513327823499824,0.0742495762662325,0.996,0.9897604437227377,0.9984434118595916,False,True,False,False,False,False,fitted_family
QUMOND,1,test,1,1.6,0.3,,80,fitted_grid,fitted_prior,36,325136001,baseline,covariates_only66,uniform_white,1000,1000,8,7,985,985,0,993,0.0,13.039,13.989,0.008,0.004059195818806103,0.015706334530980144,0.007,0.0033948684009907646,0.014378315465766588,0.985,0.9753990230730932,0.9908890211959184,0.993,0.9856216845342334,0.9966051315990092,False,True,False,False,False,False,fitted_family
QUMOND,1,test,1,1.6,0.3,,80,fitted_grid,fitted_prior,36,325136001,baseline,covariates_only66,clustered_correlated,1000,1000,9,6,985,984,1,993,0.0,13.046,14.03,0.009,0.004742060667477063,0.01701581616533807,0.006,0.0027526691418763745,0.01302816824185209,0.985,0.9753990230730932,0.9908890211959184,0.993,0.9856216845342334,0.9966051315990092,False,True,False,False,False,False,fitted_family
QUMOND,1,test,1,1.6,0.3,,80,fitted_grid,fitted_prior,36,325136001,baseline,covariates_only66,sparse_floor,1000,1000,17,6,977,977,0,994,0.0,13.031,13.961,0.017,0.010640689856816328,0.027055958840229925,0.006,0.0027526691418763745,0.01302816824185209,0.977,0.9657235493377733,0.9846257230670071,0.994,0.9869718317581478,0.9972473308581237,False,True,False,False,False,False,fitted_family
QUMOND,1,test,1,1.6,0.3,,80,fitted_grid,fitted_prior,36,325136001,baseline,conditional66,clustered_correlated,1000,1000,929,3,68,68,0,997,0.000609,1.925,1.02,0.929,0.9113863365698452,0.9433303046495486,0.003,0.0010207838811386186,0.008783014053503173,0.068,0.05399245780853015,0.08531386152298948,0.997,0.9912169859464969,0.9989792161188614,False,True,False,False,True,False,fitted_family
QUMOND,1,test,1,1.6,0.3,,80,fitted_grid,fitted_prior,36,325136001,envelope,full34,sparse_floor,1000,1000,939,3,58,57,1,996,0.000704,1.043,1.086,0.939,0.9224198811757163,0.9522202248739662,0.003,0.0010207838811386186,0.008783014053503173,0.058,0.04513327823499824,0.0742495762662325,0.996,0.9897604437227377,0.9984434118595916,False,True,False,False,False,False,fitted_family
QUMOND,1,test,1,1.6,0.3,,80,fitted_grid,fitted_prior,36,325136001,envelope,covariates_only66,uniform_white,1000,1000,0,7,993,993,0,993,0.0,13.039,13.989,0.0,2.168404344971009e-19,0.0038267584855551234,0.007,0.0033948684009907646,0.014378315465766588,0.993,0.9856216845342334,0.9966051315990092,0.993,0.9856216845342334,0.9966051315990092,False,True,False,False,False,False,fitted_family
QUMOND,1,test,1,1.6,0.3,,80,fitted_grid,fitted_prior,36,325136001,envelope,covariates_only66,clustered_correlated,1000,1000,0,5,995,994,1,994,0.0,13.046,14.03,0.0,2.168404344971009e-19,0.0038267584855551234,0.005,0.0021375355273244596,0.011650955373375113,0.995,0.9883490446266249,0.9978624644726756,0.994,0.9869718317581478,0.9972473308581237,False,True,False,False,False,False,fitted_family
QUMOND,1,test,1,1.6,0.3,,80,fitted_grid,fitted_prior,36,325136001,envelope,covariates_only66,sparse_floor,1000,1000,0,5,995,995,0,995,0.0,13.031,13.961,0.0,2.168404344971009e-19,0.0038267584855551234,0.005,0.0021375355273244596,0.011650955373375113,0.995,0.9883490446266249,0.9978624644726756,0.995,0.9883490446266249,0.9978624644726756,False,True,False,False,False,False,fitted_family
QUMOND,1,test,1,1.6,0.3,,80,fitted_grid,fitted_prior,36,325136001,envelope,conditional66,clustered_correlated,1000,1000,929,3,68,68,0,997,0.000609,1.925,1.02,0.929,0.9113863365698452,0.9433303046495486,0.003,0.0010207838811386186,0.008783014053503173,0.068,0.05399245780853015,0.08531386152298948,0.997,0.9912169859464969,0.9989792161188614,False,True,False,False,True,False,fitted_family
QUMOND,1,test,1,1.6,0.3,,60,fitted_grid,outside_inner_prior,37,325137001,baseline,covariates_only66,uniform_white,1000,1000,7,1,992,992,0,999,0.0,13.042,14.155,0.007,0.0033948684009907646,0.014378315465766588,0.001,0.00017654637062607809,0.0056425585979579355,0.992,0.9842936654690199,0.995940804181194,0.999,0.9943574414020421,0.9998234536293739,False,True,False,False,True,False,outside_inner_prior
QUMOND,1,test,1,1.6,0.3,,60,fitted_grid,outside_inner_prior,37,325137001,baseline,covariates_only66,clustered_correlated,1000,1000,8,0,992,991,1,999,0.0,13.042,14.097,0.008,0.004059195818806103,0.015706334530980144,0.0,2.168404344971009e-19,0.0038267584855551234,0.992,0.9842936654690199,0.995940804181194,0.999,0.9943574414020421,0.9998234536293739,False,True,False,False,True,False,outside_inner_prior
QUMOND,1,test,1,1.6,0.3,,60,fitted_grid,outside_inner_prior,37,325137001,baseline,covariates_only66,sparse_floor,1000,1000,16,1,983,982,1,998,0.0,13.044,14.11,0.016,0.009872242002277388,0.02583206021173997,0.001,0.00017654637062607809,0.0056425585979579355,0.983,0.9729440411597701,0.9893593101431837,0.998,0.9927371921365079,0.9994513564118793,False,True,False,False,True,False,outside_inner_prior
QUMOND,1,test,1,1.6,0.3,,60,fitted_grid,outside_inner_prior,37,325137001,baseline,conditional66,uniform_white,1000,1000,934,0,66,66,0,1000,0.0005949999999999999,1.763,1.015,0.934,0.9168907240940241,0.9477876495405142,0.0,2.168404344971009e-19,0.0038267584855551234,0.066,0.05221235045948584,0.08310927590597601,1.0,0.996173241514445,1.0,False,True,False,False,True,False,outside_inner_prior
QUMOND,1,test,1,1.6,0.3,,60,fitted_grid,outside_inner_prior,37,325137001,baseline,conditional66,clustered_correlated,1000,1000,911,8,81,80,1,991,0.000651,1.871,1.033,0.911,0.8917426484378812,0.9271117560869926,0.008,0.004059195818806103,0.015706334530980144,0.081,0.0656496215412003,0.0995572020696949,0.991,0.982984183834662,0.9952579393325229,False,True,False,False,False,False,outside_inner_prior
QUMOND,1,test,1,1.6,0.3,,60,fitted_grid,outside_inner_prior,37,325137001,envelope,covariates_only66,uniform_white,1000,1000,0,1,999,999,0,999,0.0,13.042,14.155,0.0,2.168404344971009e-19,0.0038267584855551234,0.001,0.00017654637062607809,0.0056425585979579355,0.999,0.9943574414020421,0.9998234536293739,0.999,0.9943574414020421,0.9998234536293739,False,True,False,False,True,False,outside_inner_prior
QUMOND,1,test,1,1.6,0.3,,60,fitted_grid,outside_inner_prior,37,325137001,envelope,covariates_only66,clustered_correlated,1000,1000,0,1,999,999,0,999,0.0,13.042,14.097,0.0,2.168404344971009e-19,0.0038267584855551234,0.001,0.00017654637062607809,0.0056425585979579355,0.999,0.9943574414020421,0.9998234536293739,0.999,0.9943574414020421,0.9998234536293739,False,True,False,False,True,False,outside_inner_prior
QUMOND,1,test,1,1.6,0.3,,60,fitted_grid,outside_inner_prior,37,325137001,envelope,covariates_only66,sparse_floor,1000,1000,1,1,998,997,1,998,0.0,13.044,14.11,0.001,0.00017654637062607809,0.0056425585979579355,0.001,0.00017654637062607809,0.0056425585979579355,0.998,0.9927371921365079,0.9994513564118793,0.998,0.9927371921365079,0.9994513564118793,False,True,False,False,True,False,outside_inner_prior
QUMOND,1,test,1,1.6,0.3,,60,fitted_grid,outside_inner_prior,37,325137001,envelope,conditional66,uniform_white,1000,1000,933,0,67,67,0,1000,0.0005949999999999999,1.763,1.015,0.933,0.9157879467581331,0.9468980803933762,0.0,2.168404344971009e-19,0.0038267584855551234,0.067,0.05310191960662385,0.08421205324186688,1.0,0.996173241514445,1.0,False,True,False,False,True,False,outside_inner_prior
QUMOND,1,test,1,1.6,0.3,,60,fitted_grid,outside_inner_prior,37,325137001,envelope,conditional66,clustered_correlated,1000,1000,911,8,81,80,1,991,0.000651,1.871,1.033,0.911,0.8917426484378812,0.9271117560869926,0.008,0.004059195818806103,0.015706334530980144,0.081,0.0656496215412003,0.0995572020696949,0.991,0.982984183834662,0.9952579393325229,False,True,False,False,False,False,outside_inner_prior
QUMOND,1,test,1,1.6,0.3,,160,fitted_grid,outside_inner_prior,38,325138001,baseline,full34,sparse_floor,1000,1000,949,3,48,46,2,995,0.000661,1.063,1.1,0.949,0.9335645136552383,0.9609990572247332,0.003,0.0010207838811386186,0.008783014053503173,0.048,0.036393301020807914,0.06306608865013393,0.995,0.9883490446266249,0.9978624644726756,False,True,False,False,False,False,outside_inner_prior
QUMOND,1,test,1,1.6,0.3,,160,fitted_grid,outside_inner_prior,38,325138001,baseline,covariates_only66,uniform_white,1000,1000,6,2,992,992,0,998,0.0,13.045,14.241,0.006,0.0027526691418763745,0.01302816824185209,0.002,0.000548643588120728,0.007262807863492177,0.992,0.9842936654690199,0.995940804181194,0.998,0.9927371921365079,0.9994513564118793,False,True,False,False,True,False,outside_inner_prior
QUMOND,1,test,1,1.6,0.3,,160,fitted_grid,outside_inner_prior,38,325138001,baseline,covariates_only66,clustered_correlated,1000,1000,5,3,992,992,0,997,0.0,13.047,14.186,0.005,0.0021375355273244596,0.011650955373375113,0.003,0.0010207838811386186,0.008783014053503173,0.992,0.9842936654690199,0.995940804181194,0.997,0.9912169859464969,0.9989792161188614,False,True,False,False,True,False,outside_inner_prior
QUMOND,1,test,1,1.6,0.3,,160,fitted_grid,outside_inner_prior,38,325138001,baseline,covariates_only66,sparse_floor,1000,1000,20,2,978,978,0,998,0.0,13.049,14.159,0.02,0.012983682916415136,0.030690005229717786,0.002,0.000548643588120728,0.007262807863492177,0.978,0.9669143266526004,0.985427292235209,0.998,0.9927371921365079,0.9994513564118793,False,True,False,False,True,False,outside_inner_prior
QUMOND,1,test,1,1.6,0.3,,160,fitted_grid,outside_inner_prior,38,325138001,baseline,conditional66,clustered_correlated,1000,1000,948,2,50,50,0,998,0.000569,1.96,1.029,0.948,0.93244426068072,0.9601269637162226,0.002,0.000548643588120728,0.007262807863492177,0.05,0.03813026239274882,0.06531382024425081,0.998,0.9927371921365079,0.9994513564118793,False,True,False,False,True,False,outside_inner_prior
QUMOND,1,test,1,1.6,0.3,,160,fitted_grid,outside_inner_prior,38,325138001,envelope,full34,sparse_floor,1000,1000,948,3,49,47,2,995,0.000661,1.063,1.1,0.948,0.93244426068072,0.9601269637162226,0.003,0.0010207838811386186,0.008783014053503173,0.049,0.037261034647360615,0.06419070150661013,0.995,0.9883490446266249,0.9978624644726756,False,True,False,False,False,False,outside_inner_prior
QUMOND,1,test,1,1.6,0.3,,160,fitted_grid,outside_inner_prior,38,325138001,envelope,covariates_only66,uniform_white,1000,1000,0,2,998,998,0,998,0.0,13.045,14.241,0.0,2.168404344971009e-19,0.0038267584855551234,0.002,0.000548643588120728,0.007262807863492177,0.998,0.9927371921365079,0.9994513564118793,0.998,0.9927371921365079,0.9994513564118793,False,True,False,False,True,False,outside_inner_prior
QUMOND,1,test,1,1.6,0.3,,160,fitted_grid,outside_inner_prior,38,325138001,envelope,covariates_only66,clustered_correlated,1000,1000,0,3,997,997,0,997,0.0,13.047,14.186,0.0,2.168404344971009e-19,0.0038267584855551234,0.003,0.0010207838811386186,0.008783014053503173,0.997,0.9912169859464969,0.9989792161188614,0.997,0.9912169859464969,0.9989792161188614,False,True,False,False,True,False,outside_inner_prior
QUMOND,1,test,1,1.6,0.3,,160,fitted_grid,outside_inner_prior,38,325138001,envelope,covariates_only66,sparse_floor,1000,1000,1,2,997,997,0,998,0.0,13.049,14.159,0.001,0.00017654637062607809,0.0056425585979579355,0.002,0.000548643588120728,0.007262807863492177,0.997,0.9912169859464969,0.9989792161188614,0.998,0.9927371921365079,0.9994513564118793,False,True,False,False,True,False,outside_inner_prior
QUMOND,1,test,1,1.6,0.3,,160,fitted_grid,outside_inner_prior,38,325138001,envelope,conditional66,clustered_correlated,1000,1000,948,2,50,50,0,998,0.000569,1.96,1.029,0.948,0.93244426068072,0.9601269637162226,0.002,0.000548643588120728,0.007262807863492177,0.05,0.03813026239274882,0.06531382024425081,0.998,0.9927371921365079,0.9994513564118793,False,True,False,False,True,False,outside_inner_prior
QUMOND,1,test,1,1.15,0.0,,,outside_beta_grid,pure,39,325139001,baseline,covariates_only66,uniform_white,1000,1000,5,13,982,982,0,987,0.0,14.626,13.048,0.005,0.0021375355273244596,0.011650955373375113,0.013,0.0076128203893510256,0.022114442375579666,0.982,0.9717267448294926,0.9885842599904322,0.987,0.9778855576244203,0.9923871796106489,False,False,False,False,False,False,outside_beta_grid
QUMOND,1,test,1,1.15,0.0,,,outside_beta_grid,pure,39,325139001,baseline,covariates_only66,clustered_correlated,1000,1000,6,12,982,981,1,987,0.0,14.541,13.056,0.006,0.0027526691418763745,0.01302816824185209,0.012,0.006877647806403522,0.02085726847549828,0.982,0.9717267448294926,0.9885842599904322,0.987,0.9778855576244203,0.9923871796106489,False,False,False,False,False,False,outside_beta_grid
QUMOND,1,test,1,1.15,0.0,,,outside_beta_grid,pure,39,325139001,baseline,covariates_only66,sparse_floor,1000,1000,7,15,978,977,1,984,0.0,14.679,13.055,0.007,0.0033948684009907646,0.014378315465766588,0.015,0.009110978804081668,0.024600976926906798,0.978,0.9669143266526004,0.985427292235209,0.984,0.97416793978826,0.9901277579977227,False,False,False,False,False,False,outside_beta_grid
QUMOND,1,test,1,1.15,0.0,,,outside_beta_grid,pure,39,325139001,envelope,covariates_only66,uniform_white,1000,1000,1,10,989,989,0,990,0.0,14.626,13.048,0.001,0.00017654637062607809,0.0056425585979579355,0.01,0.005440754445529249,0.018309468870314774,0.989,0.9804106042992137,0.9938468259019134,0.99,0.9816905311296853,0.9945592455544707,False,True,False,False,False,False,outside_beta_grid
QUMOND,1,test,1,1.15,0.0,,,outside_beta_grid,pure,39,325139001,envelope,covariates_only66,clustered_correlated,1000,1000,1,7,992,991,1,992,0.0,14.541,13.056,0.001,0.00017654637062607809,0.0056425585979579355,0.007,0.0033948684009907646,0.014378315465766588,0.992,0.9842936654690199,0.995940804181194,0.992,0.9842936654690199,0.995940804181194,False,True,False,False,False,False,outside_beta_grid
QUMOND,1,test,1,1.15,0.0,,,outside_beta_grid,pure,39,325139001,envelope,covariates_only66,sparse_floor,1000,1000,1,7,992,992,0,993,0.0,14.679,13.055,0.001,0.00017654637062607809,0.0056425585979579355,0.007,0.0033948684009907646,0.014378315465766588,0.992,0.9842936654690199,0.995940804181194,0.993,0.9856216845342334,0.9966051315990092,False,True,False,False,False,False,outside_beta_grid
QUMOND,1,test,1,1.15,0.3,,60,outside_beta_grid,outside_inner_prior,40,325140001,baseline,covariates_only66,uniform_white,1000,1000,4,9,987,987,0,991,0.0,14.351,13.025,0.004,0.0015565881404084308,0.010239556277262253,0.009,0.004742060667477063,0.01701581616533807,0.987,0.9778855576244203,0.9923871796106489,0.991,0.982984183834662,0.9952579393325229,False,True,False,False,False,False,outside_beta_grid
QUMOND,1,test,1,1.15,0.3,,60,outside_beta_grid,outside_inner_prior,40,325140001,baseline,covariates_only66,clustered_correlated,1000,1000,3,12,985,984,1,987,0.0,14.323,13.015,0.003,0.0010207838811386186,0.008783014053503173,0.012,0.006877647806403522,0.02085726847549828,0.985,0.9753990230730932,0.9908890211959184,0.987,0.9778855576244203,0.9923871796106489,False,False,False,False,False,False,outside_beta_grid
QUMOND,1,test,1,1.15,0.3,,60,outside_beta_grid,outside_inner_prior,40,325140001,baseline,covariates_only66,sparse_floor,1000,1000,6,12,982,982,0,988,0.0,14.454,13.02,0.006,0.0027526691418763745,0.01302816824185209,0.012,0.006877647806403522,0.02085726847549828,0.982,0.9717267448294926,0.9885842599904322,0.988,0.9791427315245017,0.9931223521935965,False,False,False,False,False,False,outside_beta_grid
QUMOND,1,test,1,1.15,0.3,,60,outside_beta_grid,outside_inner_prior,40,325140001,envelope,covariates_only66,uniform_white,1000,1000,1,8,991,991,0,992,0.0,14.351,13.025,0.001,0.00017654637062607809,0.0056425585979579355,0.008,0.004059195818806103,0.015706334530980144,0.991,0.982984183834662,0.9952579393325229,0.992,0.9842936654690199,0.995940804181194,False,True,False,False,False,False,outside_beta_grid
QUMOND,1,test,1,1.15,0.3,,60,outside_beta_grid,outside_inner_prior,40,325140001,envelope,covariates_only66,clustered_correlated,1000,1000,1,9,990,989,1,990,0.0,14.323,13.015,0.001,0.00017654637062607809,0.0056425585979579355,0.009,0.004742060667477063,0.01701581616533807,0.99,0.9816905311296853,0.9945592455544707,0.99,0.9816905311296853,0.9945592455544707,False,True,False,False,False,False,outside_beta_grid
QUMOND,1,test,1,1.15,0.3,,60,outside_beta_grid,outside_inner_prior,40,325140001,envelope,covariates_only66,sparse_floor,1000,1000,1,7,992,992,0,993,0.0,14.454,13.02,0.001,0.00017654637062607809,0.0056425585979579355,0.007,0.0033948684009907646,0.014378315465766588,0.992,0.9842936654690199,0.995940804181194,0.993,0.9856216845342334,0.9966051315990092,False,True,False,False,False,False,outside_beta_grid
QUMOND,1,test,1,1.15,0.3,,160,outside_beta_grid,outside_inner_prior,41,325141001,baseline,covariates_only66,uniform_white,1000,1000,3,7,990,990,0,993,0.0,14.567,13.038,0.003,0.0010207838811386186,0.008783014053503173,0.007,0.0033948684009907646,0.014378315465766588,0.99,0.9816905311296853,0.9945592455544707,0.993,0.9856216845342334,0.9966051315990092,False,True,False,False,False,False,outside_beta_grid
QUMOND,1,test,1,1.15,0.3,,160,outside_beta_grid,outside_inner_prior,41,325141001,baseline,covariates_only66,clustered_correlated,1000,1000,5,10,985,985,0,990,0.0,14.587,13.026,0.005,0.0021375355273244596,0.011650955373375113,0.01,0.005440754445529249,0.018309468870314774,0.985,0.9753990230730932,0.9908890211959184,0.99,0.9816905311296853,0.9945592455544707,False,True,False,False,False,False,outside_beta_grid
QUMOND,1,test,1,1.15,0.3,,160,outside_beta_grid,outside_inner_prior,41,325141001,baseline,covariates_only66,sparse_floor,1000,1000,5,12,983,983,0,988,0.0,14.582,13.03,0.005,0.0021375355273244596,0.011650955373375113,0.012,0.006877647806403522,0.02085726847549828,0.983,0.9729440411597701,0.9893593101431837,0.988,0.9791427315245017,0.9931223521935965,False,False,False,False,False,False,outside_beta_grid
QUMOND,1,test,1,1.15,0.3,,160,outside_beta_grid,outside_inner_prior,41,325141001,envelope,covariates_only66,uniform_white,1000,1000,0,5,995,995,0,995,0.0,14.567,13.038,0.0,2.168404344971009e-19,0.0038267584855551234,0.005,0.0021375355273244596,0.011650955373375113,0.995,0.9883490446266249,0.9978624644726756,0.995,0.9883490446266249,0.9978624644726756,False,True,False,False,False,False,outside_beta_grid
QUMOND,1,test,1,1.15,0.3,,160,outside_beta_grid,outside_inner_prior,41,325141001,envelope,covariates_only66,clustered_correlated,1000,1000,1,7,992,992,0,993,0.0,14.587,13.026,0.001,0.00017654637062607809,0.0056425585979579355,0.007,0.0033948684009907646,0.014378315465766588,0.992,0.9842936654690199,0.995940804181194,0.993,0.9856216845342334,0.9966051315990092,False,True,False,False,False,False,outside_beta_grid
QUMOND,1,test,1,1.15,0.3,,160,outside_beta_grid,outside_inner_prior,41,325141001,envelope,covariates_only66,sparse_floor,1000,1000,1,6,993,993,0,994,0.0,14.582,13.03,0.001,0.00017654637062607809,0.0056425585979579355,0.006,0.0027526691418763745,0.01302816824185209,0.993,0.9856216845342334,0.9966051315990092,0.994,0.9869718317581478,0.9972473308581237,False,True,False,False,False,False,outside_beta_grid
QUMOND,1,test,1,1.45,0.0,,,outside_beta_grid,pure,42,325142001,baseline,covariates_only66,uniform_white,1000,1000,0,15,985,984,1,984,0.0,14.422,13.083,0.0,2.168404344971009e-19,0.0038267584855551234,0.015,0.009110978804081668,0.024600976926906798,0.985,0.9753990230730932,0.9908890211959184,0.984,0.97416793978826,0.9901277579977227,False,False,False,False,False,False,outside_beta_grid
QUMOND,1,test,1,1.45,0.0,,,outside_beta_grid,pure,42,325142001,baseline,covariates_only66,clustered_correlated,1000,1000,0,19,981,979,2,979,0.0,14.458,13.079,0.0,2.168404344971009e-19,0.0038267584855551234,0.019,0.012196885750790904,0.02948445591231312,0.981,0.9705155440876868,0.9878031142492091,0.979,0.9681097049387625,0.9862242604320758,False,False,False,False,False,False,outside_beta_grid
QUMOND,1,test,1,1.45,0.0,,,outside_beta_grid,pure,42,325142001,baseline,covariates_only66,sparse_floor,1000,1000,0,17,983,980,3,980,0.0,14.488,13.075,0.0,2.168404344971009e-19,0.0038267584855551234,0.017,0.010640689856816328,0.027055958840229925,0.983,0.9729440411597701,0.9893593101431837,0.98,0.9693099947702822,0.987016317083585,False,False,False,False,False,False,outside_beta_grid
QUMOND,1,test,1,1.45,0.0,,,outside_beta_grid,pure,42,325142001,envelope,covariates_only66,uniform_white,1000,1000,0,11,989,988,1,988,0.0,14.422,13.083,0.0,2.168404344971009e-19,0.0038267584855551234,0.011,0.006153174098086638,0.019589395700786275,0.989,0.9804106042992137,0.9938468259019134,0.988,0.9791427315245017,0.9931223521935965,False,False,False,False,False,False,outside_beta_grid
QUMOND,1,test,1,1.45,0.0,,,outside_beta_grid,pure,42,325142001,envelope,covariates_only66,clustered_correlated,1000,1000,0,14,986,985,1,985,0.0,14.458,13.079,0.0,2.168404344971009e-19,0.0038267584855551234,0.014,0.00835757513042392,0.02336203411753566,0.986,0.9766379658824644,0.9916424248695761,0.985,0.9753990230730932,0.9908890211959184,False,False,False,False,False,False,outside_beta_grid
QUMOND,1,test,1,1.45,0.0,,,outside_beta_grid,pure,42,325142001,envelope,covariates_only66,sparse_floor,1000,1000,0,12,988,985,3,985,0.0,14.488,13.075,0.0,2.168404344971009e-19,0.0038267584855551234,0.012,0.006877647806403522,0.02085726847549828,0.988,0.9791427315245017,0.9931223521935965,0.985,0.9753990230730932,0.9908890211959184,False,False,False,False,False,False,outside_beta_grid
QUMOND,1,test,1,1.45,0.3,,60,outside_beta_grid,outside_inner_prior,43,325143001,baseline,covariates_only66,uniform_white,1000,1000,2,7,991,990,1,992,0.0,14.383,13.169,0.002,0.000548643588120728,0.007262807863492177,0.007,0.0033948684009907646,0.014378315465766588,0.991,0.982984183834662,0.9952579393325229,0.992,0.9842936654690199,0.995940804181194,False,True,False,False,False,False,outside_beta_grid
QUMOND,1,test,1,1.45,0.3,,60,outside_beta_grid,outside_inner_prior,43,325143001,baseline,covariates_only66,clustered_correlated,1000,1000,1,12,987,987,0,988,0.0,14.408,13.156,0.001,0.00017654637062607809,0.0056425585979579355,0.012,0.006877647806403522,0.02085726847549828,0.987,0.9778855576244203,0.9923871796106489,0.988,0.9791427315245017,0.9931223521935965,False,False,False,False,False,False,outside_beta_grid
QUMOND,1,test,1,1.45,0.3,,60,outside_beta_grid,outside_inner_prior,43,325143001,baseline,covariates_only66,sparse_floor,1000,1000,2,13,985,984,1,986,0.0,14.457,13.152,0.002,0.000548643588120728,0.007262807863492177,0.013,0.0076128203893510256,0.022114442375579666,0.985,0.9753990230730932,0.9908890211959184,0.986,0.9766379658824644,0.9916424248695761,False,False,False,False,False,False,outside_beta_grid
QUMOND,1,test,1,1.45,0.3,,60,outside_beta_grid,outside_inner_prior,43,325143001,envelope,covariates_only66,uniform_white,1000,1000,1,7,992,992,0,993,0.0,14.383,13.169,0.001,0.00017654637062607809,0.0056425585979579355,0.007,0.0033948684009907646,0.014378315465766588,0.992,0.9842936654690199,0.995940804181194,0.993,0.9856216845342334,0.9966051315990092,False,True,False,False,False,False,outside_beta_grid
QUMOND,1,test,1,1.45,0.3,,60,outside_beta_grid,outside_inner_prior,43,325143001,envelope,covariates_only66,clustered_correlated,1000,1000,0,6,994,994,0,994,0.0,14.408,13.156,0.0,2.168404344971009e-19,0.0038267584855551234,0.006,0.0027526691418763745,0.01302816824185209,0.994,0.9869718317581478,0.9972473308581237,0.994,0.9869718317581478,0.9972473308581237,False,True,False,False,False,False,outside_beta_grid
QUMOND,1,test,1,1.45,0.3,,60,outside_beta_grid,outside_inner_prior,43,325143001,envelope,covariates_only66,sparse_floor,1000,1000,0,4,996,995,1,995,0.0,14.457,13.152,0.0,2.168404344971009e-19,0.0038267584855551234,0.004,0.0015565881404084308,0.010239556277262253,0.996,0.9897604437227377,0.9984434118595916,0.995,0.9883490446266249,0.9978624644726756,False,True,False,False,False,False,outside_beta_grid
QUMOND,1,test,1,1.45,0.3,,160,outside_beta_grid,outside_inner_prior,44,325144001,baseline,covariates_only66,uniform_white,1000,1000,1,15,984,984,0,985,0.0,14.409,13.128,0.001,0.00017654637062607809,0.0056425585979579355,0.015,0.009110978804081668,0.024600976926906798,0.984,0.97416793978826,0.9901277579977227,0.985,0.9753990230730932,0.9908890211959184,False,False,False,False,False,False,outside_beta_grid
QUMOND,1,test,1,1.45,0.3,,160,outside_beta_grid,outside_inner_prior,44,325144001,baseline,covariates_only66,clustered_correlated,1000,1000,1,15,984,982,2,983,0.0,14.469,13.116,0.001,0.00017654637062607809,0.0056425585979579355,0.015,0.009110978804081668,0.024600976926906798,0.984,0.97416793978826,0.9901277579977227,0.983,0.9729440411597701,0.9893593101431837,False,False,False,False,False,False,outside_beta_grid
QUMOND,1,test,1,1.45,0.3,,160,outside_beta_grid,outside_inner_prior,44,325144001,baseline,covariates_only66,sparse_floor,1000,1000,3,22,975,974,1,977,0.0,14.402,13.132,0.003,0.0010207838811386186,0.008783014053503173,0.022,0.014572707764791058,0.03308567334739963,0.975,0.9633547107321566,0.9830098687065659,0.977,0.9657235493377733,0.9846257230670071,False,False,False,False,False,False,outside_beta_grid
QUMOND,1,test,1,1.45,0.3,,160,outside_beta_grid,outside_inner_prior,44,325144001,envelope,covariates_only66,uniform_white,1000,1000,0,10,990,990,0,990,0.0,14.409,13.128,0.0,2.168404344971009e-19,0.0038267584855551234,0.01,0.005440754445529249,0.018309468870314774,0.99,0.9816905311296853,0.9945592455544707,0.99,0.9816905311296853,0.9945592455544707,False,True,False,False,False,False,outside_beta_grid
QUMOND,1,test,1,1.45,0.3,,160,outside_beta_grid,outside_inner_prior,44,325144001,envelope,covariates_only66,clustered_correlated,1000,1000,1,10,989,988,1,989,0.0,14.469,13.116,0.001,0.00017654637062607809,0.0056425585979579355,0.01,0.005440754445529249,0.018309468870314774,0.989,0.9804106042992137,0.9938468259019134,0.989,0.9804106042992137,0.9938468259019134,False,False,False,False,False,False,outside_beta_grid
QUMOND,1,test,1,1.45,0.3,,160,outside_beta_grid,outside_inner_prior,44,325144001,envelope,covariates_only66,sparse_floor,1000,1000,0,10,990,989,1,989,0.0,14.402,13.132,0.0,2.168404344971009e-19,0.0038267584855551234,0.01,0.005440754445529249,0.018309468870314774,0.99,0.9816905311296853,0.9945592455544707,0.989,0.9804106042992137,0.9938468259019134,False,False,False,False,False,False,outside_beta_grid
Newton,0,test,2,1.0,0.0,,,fitted_grid,pure,0,326000001,baseline,full66,sparse_floor,1000,1000,984,9,7,0,7,984,4.8e-05,1.032,1.012,0.984,0.97416793978826,0.9901277579977227,0.009,0.004742060667477063,0.01701581616533807,0.007,0.0033948684009907646,0.014378315465766588,0.984,0.97416793978826,0.9901277579977227,True,False,False,False,False,False,fitted_family
Newton,0,test,2,1.0,0.0,,,fitted_grid,pure,0,326000001,baseline,covariates_only66,uniform_white,1000,1000,33,2,965,965,0,998,0.0,13.137,14.301,0.033,0.023592927958426907,0.04598126446708159,0.002,0.000548643588120728,0.007262807863492177,0.965,0.9517133776255466,0.9747277369828871,0.998,0.9927371921365079,0.9994513564118793,False,True,False,False,True,False,fitted_family
Newton,0,test,2,1.0,0.0,,,fitted_grid,pure,0,326000001,baseline,covariates_only66,clustered_correlated,1000,1000,30,2,968,968,0,998,0.0,13.146,14.262,0.03,0.0210937388288347,0.042503414147587126,0.002,0.000548643588120728,0.007262807863492177,0.968,0.9551752619162314,0.9772428921412891,0.998,0.9927371921365079,0.9994513564118793,False,True,False,False,True,False,fitted_family
Newton,0,test,2,1.0,0.0,,,fitted_grid,pure,0,326000001,baseline,covariates_only66,sparse_floor,1000,1000,40,2,958,957,1,997,0.0,13.143,14.342,0.04,0.02951097368545276,0.05400964412125796,0.002,0.000548643588120728,0.007262807863492177,0.958,0.9437155747733968,0.9687791144538346,0.997,0.9912169859464969,0.9989792161188614,False,True,False,False,True,False,fitted_family
Newton,0,test,2,1.0,0.0,,,fitted_grid,pure,0,326000001,baseline,conditional66,sparse_floor,1000,1000,958,25,17,17,0,975,4.8e-05,1.902,1.003,0.958,0.9437155747733968,0.9687791144538346,0.025,0.016990131293434067,0.0366452892678433,0.017,0.010640689856816328,0.027055958840229925,0.975,0.9633547107321566,0.9830098687065659,False,False,False,False,False,False,fitted_family
Newton,0,test,2,1.0,0.0,,,fitted_grid,pure,0,326000001,envelope,full66,sparse_floor,1000,1000,986,10,4,0,4,986,4.8e-05,1.032,1.012,0.986,0.9766379658824644,0.9916424248695761,0.01,0.005440754445529249,0.018309468870314774,0.004,0.0015565881404084308,0.010239556277262253,0.986,0.9766379658824644,0.9916424248695761,True,False,False,False,False,False,fitted_family
Newton,0,test,2,1.0,0.0,,,fitted_grid,pure,0,326000001,envelope,covariates_only66,uniform_white,1000,1000,27,0,973,973,0,1000,0.0,13.137,14.301,0.027,0.018621382774294995,0.03899873075304015,0.0,2.168404344971009e-19,0.0038267584855551234,0.973,0.9610012692469598,0.9813786172257051,1.0,0.996173241514445,1.0,False,True,False,False,True,False,fitted_family
Newton,0,test,2,1.0,0.0,,,fitted_grid,pure,0,326000001,envelope,covariates_only66,clustered_correlated,1000,1000,19,0,981,981,0,1000,0.0,13.146,14.262,0.019,0.012196885750790904,0.02948445591231312,0.0,2.168404344971009e-19,0.0038267584855551234,0.981,0.9705155440876868,0.9878031142492091,1.0,0.996173241514445,1.0,False,True,False,False,True,False,fitted_family
Newton,0,test,2,1.0,0.0,,,fitted_grid,pure,0,326000001,envelope,covariates_only66,sparse_floor,1000,1000,12,1,987,987,0,999,0.0,13.143,14.342,0.012,0.006877647806403522,0.02085726847549828,0.001,0.00017654637062607809,0.0056425585979579355,0.987,0.9778855576244203,0.9923871796106489,0.999,0.9943574414020421,0.9998234536293739,False,True,False,False,True,False,fitted_family
Newton,0,test,2,1.0,0.0,,,fitted_grid,pure,0,326000001,envelope,conditional66,sparse_floor,1000,1000,958,21,21,21,0,979,4.8e-05,1.902,1.003,0.958,0.9437155747733968,0.9687791144538346,0.021,0.013775739567924286,0.03189029506123752,0.021,0.013775739567924286,0.03189029506123752,0.979,0.9681097049387625,0.9862242604320758,False,False,False,False,False,False,fitted_family
Newton,0,test,2,1.0,0.075,,40,fitted_grid,fitted_prior,1,326001001,baseline,covariates_only66,uniform_white,1000,1000,38,0,962,961,1,999,0.0,13.058,14.275,0.038,0.02780900450930263,0.05172692033135032,0.0,2.168404344971009e-19,0.0038267584855551234,0.962,0.9482730796686497,0.9721909954906974,0.999,0.9943574414020421,0.9998234536293739,False,True,False,False,True,False,fitted_family
Newton,0,test,2,1.0,0.075,,40,fitted_grid,fitted_prior,1,326001001,baseline,covariates_only66,clustered_correlated,1000,1000,41,0,959,957,2,998,0.0,13.062,14.306,0.041,0.030364971082098315,0.0551479932076413,0.0,2.168404344971009e-19,0.0038267584855551234,0.959,0.9448520067923587,0.9696350289179017,0.998,0.9927371921365079,0.9994513564118793,False,True,False,False,True,False,fitted_family
Newton,0,test,2,1.0,0.075,,40,fitted_grid,fitted_prior,1,326001001,baseline,covariates_only66,sparse_floor,1000,1000,48,0,952,951,1,999,0.0,13.066,14.32,0.048,0.036393301020807914,0.06306608865013393,0.0,2.168404344971009e-19,0.0038267584855551234,0.952,0.936933911349866,0.963606698979192,0.999,0.9943574414020421,0.9998234536293739,False,True,False,False,True,False,fitted_family
Newton,0,test,2,1.0,0.075,,40,fitted_grid,fitted_prior,1,326001001,envelope,covariates_only66,uniform_white,1000,1000,29,0,971,971,0,1000,0.0,13.058,14.275,0.029,0.02026644815669875,0.04133835833669418,0.0,2.168404344971009e-19,0.0038267584855551234,0.971,0.9586616416633058,0.9797335518433012,1.0,0.996173241514445,1.0,False,True,False,False,True,False,fitted_family
Newton,0,test,2,1.0,0.075,,40,fitted_grid,fitted_prior,1,326001001,envelope,covariates_only66,clustered_correlated,1000,1000,33,0,967,966,1,999,0.0,13.062,14.306,0.033,0.023592927958426907,0.04598126446708159,0.0,2.168404344971009e-19,0.0038267584855551234,0.967,0.9540187355329184,0.9764070720415732,0.999,0.9943574414020421,0.9998234536293739,False,True,False,False,True,False,fitted_family
Newton,0,test,2,1.0,0.075,,40,fitted_grid,fitted_prior,1,326001001,envelope,covariates_only66,sparse_floor,1000,1000,24,0,976,975,1,999,0.0,13.066,14.32,0.024,0.016180168466636995,0.03546290561161149,0.0,2.168404344971009e-19,0.0038267584855551234,0.976,0.9645370943883885,0.9838198315333629,0.999,0.9943574414020421,0.9998234536293739,False,True,False,False,True,False,fitted_family
Newton,0,test,2,1.0,0.075,,80,fitted_grid,fitted_prior,2,326002001,baseline,covariates_only66,uniform_white,1000,1000,46,0,954,954,0,1000,0.0,13.061,14.472,0.046,0.03466249276326498,0.06081220394161907,0.0,2.168404344971009e-19,0.0038267584855551234,0.954,0.9391877960583809,0.9653375072367351,1.0,0.996173241514445,1.0,False,True,False,False,True,False,fitted_family
Newton,0,test,2,1.0,0.075,,80,fitted_grid,fitted_prior,2,326002001,baseline,covariates_only66,clustered_correlated,1000,1000,44,0,956,956,0,1000,0.0,13.067,14.507,0.044,0.0329382145884185,0.058551789150407776,0.0,2.168404344971009e-19,0.0038267584855551234,0.956,0.9414482108495923,0.9670617854115815,1.0,0.996173241514445,1.0,False,True,False,False,True,False,fitted_family
Newton,0,test,2,1.0,0.075,,80,fitted_grid,fitted_prior,2,326002001,baseline,covariates_only66,sparse_floor,1000,1000,48,1,951,949,2,997,0.0,13.066,14.476,0.048,0.036393301020807914,0.06306608865013393,0.001,0.00017654637062607809,0.0056425585979579355,0.951,0.9358092984933898,0.9627389653526394,0.997,0.9912169859464969,0.9989792161188614,False,True,False,False,True,False,fitted_family
Newton,0,test,2,1.0,0.075,,80,fitted_grid,fitted_prior,2,326002001,envelope,covariates_only66,uniform_white,1000,1000,36,0,964,964,0,1000,0.0,13.061,14.472,0.036,0.02611557140738732,0.049435660467207834,0.0,2.168404344971009e-19,0.0038267584855551234,0.964,0.9505643395327921,0.9738844285926127,1.0,0.996173241514445,1.0,False,True,False,False,True,False,fitted_family
Newton,0,test,2,1.0,0.075,,80,fitted_grid,fitted_prior,2,326002001,envelope,covariates_only66,clustered_correlated,1000,1000,35,0,965,965,0,1000,0.0,13.067,14.507,0.035,0.02527226301711295,0.04828662237445333,0.0,2.168404344971009e-19,0.0038267584855551234,0.965,0.9517133776255466,0.9747277369828871,1.0,0.996173241514445,1.0,False,True,False,False,True,False,fitted_family
Newton,0,test,2,1.0,0.075,,80,fitted_grid,fitted_prior,2,326002001,envelope,covariates_only66,sparse_floor,1000,1000,18,0,982,980,2,998,0.0,13.066,14.476,0.018,0.011415740009567788,0.028273255170507345,0.0,2.168404344971009e-19,0.0038267584855551234,0.982,0.9717267448294926,0.9885842599904322,0.998,0.9927371921365079,0.9994513564118793,False,True,False,False,True,False,fitted_family
Newton,0,test,2,1.0,0.075,,60,fitted_grid,outside_inner_prior,3,326003001,baseline,covariates_only66,uniform_white,1000,1000,42,2,956,955,1,997,0.0,13.086,14.342,0.042,0.031220885546165447,0.056284425226603055,0.002,0.000548643588120728,0.007262807863492177,0.956,0.9414482108495923,0.9670617854115815,0.997,0.9912169859464969,0.9989792161188614,False,True,False,False,True,False,outside_inner_prior
Newton,0,test,2,1.0,0.075,,60,fitted_grid,outside_inner_prior,3,326003001,baseline,covariates_only66,clustered_correlated,1000,1000,39,0,961,958,3,997,0.0,13.08,14.353,0.039,0.028658960904180485,0.052869310419501346,0.0,2.168404344971009e-19,0.0038267584855551234,0.961,0.9471306895804986,0.9713410390958196,0.997,0.9912169859464969,0.9989792161188614,False,True,False,False,True,False,outside_inner_prior
Newton,0,test,2,1.0,0.075,,60,fitted_grid,outside_inner_prior,3,326003001,baseline,covariates_only66,sparse_floor,1000,1000,45,4,951,947,4,992,0.0,13.104,14.383,0.045,0.03379951228563171,0.059682837936223455,0.004,0.0015565881404084308,0.010239556277262253,0.951,0.9358092984933898,0.9627389653526394,0.992,0.9842936654690199,0.995940804181194,False,True,False,False,False,False,outside_inner_prior
Newton,0,test,2,1.0,0.075,,60,fitted_grid,outside_inner_prior,3,326003001,envelope,covariates_only66,uniform_white,1000,1000,31,0,969,968,1,999,0.0,13.086,14.342,0.031,0.02192400344715857,0.04366549601229214,0.0,2.168404344971009e-19,0.0038267584855551234,0.969,0.9563345039877078,0.9780759965528414,0.999,0.9943574414020421,0.9998234536293739,False,True,False,False,True,False,outside_inner_prior
Newton,0,test,2,1.0,0.075,,60,fitted_grid,outside_inner_prior,3,326003001,envelope,covariates_only66,clustered_correlated,1000,1000,28,0,972,969,3,997,0.0,13.08,14.353,0.028,0.019442276812770925,0.04017018319759311,0.0,2.168404344971009e-19,0.0038267584855551234,0.972,0.9598298168024069,0.9805577231872291,0.997,0.9912169859464969,0.9989792161188614,False,True,False,False,True,False,outside_inner_prior
Newton,0,test,2,1.0,0.075,,60,fitted_grid,outside_inner_prior,3,326003001,envelope,covariates_only66,sparse_floor,1000,1000,22,1,977,974,3,996,0.0,13.104,14.383,0.022,0.014572707764791058,0.03308567334739963,0.001,0.00017654637062607809,0.0056425585979579355,0.977,0.9657235493377733,0.9846257230670071,0.996,0.9897604437227377,0.9984434118595916,False,True,False,False,False,False,outside_inner_prior
Newton,0,test,2,1.0,0.075,,160,fitted_grid,outside_inner_prior,4,326004001,baseline,covariates_only66,uniform_white,1000,1000,47,0,953,952,1,999,0.0,13.079,14.515,0.047,0.0355271051063845,0.06193993808152845,0.0,2.168404344971009e-19,0.0038267584855551234,0.953,0.9380600619184716,0.9644728948936154,0.999,0.9943574414020421,0.9998234536293739,False,True,False,False,True,False,outside_inner_prior
Newton,0,test,2,1.0,0.075,,160,fitted_grid,outside_inner_prior,4,326004001,baseline,covariates_only66,clustered_correlated,1000,1000,49,0,951,951,0,1000,0.0,13.079,14.485,0.049,0.037261034647360615,0.06419070150661013,0.0,2.168404344971009e-19,0.0038267584855551234,0.951,0.9358092984933898,0.9627389653526394,1.0,0.996173241514445,1.0,False,True,False,False,True,False,outside_inner_prior
Newton,0,test,2,1.0,0.075,,160,fitted_grid,outside_inner_prior,4,326004001,baseline,covariates_only66,sparse_floor,1000,1000,53,1,946,945,1,998,0.0,13.078,14.549,0.053,0.04074650524859452,0.06867461683749176,0.001,0.00017654637062607809,0.0056425585979579355,0.946,0.9302078451539475,0.9583786862769372,0.998,0.9927371921365079,0.9994513564118793,False,True,False,False,True,False,outside_inner_prior
Newton,0,test,2,1.0,0.075,,160,fitted_grid,outside_inner_prior,4,326004001,envelope,covariates_only66,uniform_white,1000,1000,36,0,964,963,1,999,0.0,13.079,14.515,0.036,0.02611557140738732,0.049435660467207834,0.0,2.168404344971009e-19,0.0038267584855551234,0.964,0.9505643395327921,0.9738844285926127,0.999,0.9943574414020421,0.9998234536293739,False,True,False,False,True,False,outside_inner_prior
Newton,0,test,2,1.0,0.075,,160,fitted_grid,outside_inner_prior,4,326004001,envelope,covariates_only66,clustered_correlated,1000,1000,34,0,966,966,0,1000,0.0,13.079,14.485,0.034,0.024431348663226313,0.04713519024531107,0.0,2.168404344971009e-19,0.0038267584855551234,0.966,0.9528648097546889,0.9755686513367737,1.0,0.996173241514445,1.0,False,True,False,False,True,False,outside_inner_prior
Newton,0,test,2,1.0,0.075,,160,fitted_grid,outside_inner_prior,4,326004001,envelope,covariates_only66,sparse_floor,1000,1000,22,0,978,977,1,999,0.0,13.078,14.549,0.022,0.014572707764791058,0.03308567334739963,0.0,2.168404344971009e-19,0.0038267584855551234,0.978,0.9669143266526004,0.985427292235209,0.999,0.9943574414020421,0.9998234536293739,False,True,False,False,True,False,outside_inner_prior
Newton,0,test,2,1.0,0.225,,40,fitted_grid,fitted_prior,5,326005001,baseline,covariates_only66,uniform_white,1000,1000,33,2,965,965,0,998,0.0,13.024,14.434,0.033,0.023592927958426907,0.04598126446708159,0.002,0.000548643588120728,0.007262807863492177,0.965,0.9517133776255466,0.9747277369828871,0.998,0.9927371921365079,0.9994513564118793,False,True,False,False,True,False,fitted_family
Newton,0,test,2,1.0,0.225,,40,fitted_grid,fitted_prior,5,326005001,baseline,covariates_only66,clustered_correlated,1000,1000,37,3,960,960,0,997,0.0,13.034,14.448,0.037,0.026961180875554734,0.05058239748206931,0.003,0.0010207838811386186,0.008783014053503173,0.96,0.945990355878742,0.9704890263145473,0.997,0.9912169859464969,0.9989792161188614,False,True,False,False,True,False,fitted_family
Newton,0,test,2,1.0,0.225,,40,fitted_grid,fitted_prior,5,326005001,baseline,covariates_only66,sparse_floor,1000,1000,40,3,957,956,1,996,0.0,13.027,14.443,0.04,0.02951097368545276,0.05400964412125796,0.003,0.0010207838811386186,0.008783014053503173,0.957,0.942580996155916,0.9679213465882865,0.996,0.9897604437227377,0.9984434118595916,False,True,False,False,False,False,fitted_family
Newton,0,test,2,1.0,0.225,,40,fitted_grid,fitted_prior,5,326005001,envelope,covariates_only66,uniform_white,1000,1000,25,0,975,975,0,1000,0.0,13.024,14.434,0.025,0.016990131293434067,0.0366452892678433,0.0,2.168404344971009e-19,0.0038267584855551234,0.975,0.9633547107321566,0.9830098687065659,1.0,0.996173241514445,1.0,False,True,False,False,True,False,fitted_family
Newton,0,test,2,1.0,0.225,,40,fitted_grid,fitted_prior,5,326005001,envelope,covariates_only66,clustered_correlated,1000,1000,28,0,972,972,0,1000,0.0,13.034,14.448,0.028,0.019442276812770925,0.04017018319759311,0.0,2.168404344971009e-19,0.0038267584855551234,0.972,0.9598298168024069,0.9805577231872291,1.0,0.996173241514445,1.0,False,True,False,False,True,False,fitted_family
Newton,0,test,2,1.0,0.225,,40,fitted_grid,fitted_prior,5,326005001,envelope,covariates_only66,sparse_floor,1000,1000,18,0,982,981,1,999,0.0,13.027,14.443,0.018,0.011415740009567788,0.028273255170507345,0.0,2.168404344971009e-19,0.0038267584855551234,0.982,0.9717267448294926,0.9885842599904322,0.999,0.9943574414020421,0.9998234536293739,False,True,False,False,True,False,fitted_family
Newton,0,test,2,1.0,0.225,,80,fitted_grid,fitted_prior,6,326006001,baseline,covariates_only66,uniform_white,1000,1000,28,3,969,968,1,996,0.0,13.056,14.467,0.028,0.019442276812770925,0.04017018319759311,0.003,0.0010207838811386186,0.008783014053503173,0.969,0.9563345039877078,0.9780759965528414,0.996,0.9897604437227377,0.9984434118595916,False,True,False,False,False,False,fitted_family
Newton,0,test,2,1.0,0.225,,80,fitted_grid,fitted_prior,6,326006001,baseline,covariates_only66,clustered_correlated,1000,1000,32,3,965,963,2,995,0.0,13.057,14.424,0.032,0.022757107858710962,0.04482473808376865,0.003,0.0010207838811386186,0.008783014053503173,0.965,0.9517133776255466,0.9747277369828871,0.995,0.9883490446266249,0.9978624644726756,False,True,False,False,False,False,fitted_family
Newton,0,test,2,1.0,0.225,,80,fitted_grid,fitted_prior,6,326006001,baseline,covariates_only66,sparse_floor,1000,1000,32,4,964,963,1,995,0.0,13.063,14.487,0.032,0.022757107858710962,0.04482473808376865,0.004,0.0015565881404084308,0.010239556277262253,0.964,0.9505643395327921,0.9738844285926127,0.995,0.9883490446266249,0.9978624644726756,False,True,False,False,False,False,fitted_family
Newton,0,test,2,1.0,0.225,,80,fitted_grid,fitted_prior,6,326006001,envelope,covariates_only66,uniform_white,1000,1000,24,0,976,975,1,999,0.0,13.056,14.467,0.024,0.016180168466636995,0.03546290561161149,0.0,2.168404344971009e-19,0.0038267584855551234,0.976,0.9645370943883885,0.9838198315333629,0.999,0.9943574414020421,0.9998234536293739,False,True,False,False,True,False,fitted_family
Newton,0,test,2,1.0,0.225,,80,fitted_grid,fitted_prior,6,326006001,envelope,covariates_only66,clustered_correlated,1000,1000,24,0,976,974,2,998,0.0,13.057,14.424,0.024,0.016180168466636995,0.03546290561161149,0.0,2.168404344971009e-19,0.0038267584855551234,0.976,0.9645370943883885,0.9838198315333629,0.998,0.9927371921365079,0.9994513564118793,False,True,False,False,True,False,fitted_family
Newton,0,test,2,1.0,0.225,,80,fitted_grid,fitted_prior,6,326006001,envelope,covariates_only66,sparse_floor,1000,1000,13,0,987,986,1,999,0.0,13.063,14.487,0.013,0.0076128203893510256,0.022114442375579666,0.0,2.168404344971009e-19,0.0038267584855551234,0.987,0.9778855576244203,0.9923871796106489,0.999,0.9943574414020421,0.9998234536293739,False,True,False,False,True,False,fitted_family
Newton,0,test,2,1.0,0.225,,60,fitted_grid,outside_inner_prior,7,326007001,baseline,covariates_only66,uniform_white,1000,1000,32,1,967,967,0,999,0.0,13.075,14.449,0.032,0.022757107858710962,0.04482473808376865,0.001,0.00017654637062607809,0.0056425585979579355,0.967,0.9540187355329184,0.9764070720415732,0.999,0.9943574414020421,0.9998234536293739,False,True,False,False,True,False,outside_inner_prior
Newton,0,test,2,1.0,0.225,,60,fitted_grid,outside_inner_prior,7,326007001,baseline,covariates_only66,clustered_correlated,1000,1000,39,1,960,959,1,998,0.0,13.067,14.475,0.039,0.028658960904180485,0.052869310419501346,0.001,0.00017654637062607809,0.0056425585979579355,0.96,0.945990355878742,0.9704890263145473,0.998,0.9927371921365079,0.9994513564118793,False,True,False,False,True,False,outside_inner_prior
Newton,0,test,2,1.0,0.225,,60,fitted_grid,outside_inner_prior,7,326007001,baseline,covariates_only66,sparse_floor,1000,1000,34,2,964,963,1,997,0.0,13.081,14.507,0.034,0.024431348663226313,0.04713519024531107,0.002,0.000548643588120728,0.007262807863492177,0.964,0.9505643395327921,0.9738844285926127,0.997,0.9912169859464969,0.9989792161188614,False,True,False,False,True,False,outside_inner_prior
Newton,0,test,2,1.0,0.225,,60,fitted_grid,outside_inner_prior,7,326007001,envelope,covariates_only66,uniform_white,1000,1000,25,0,975,975,0,1000,0.0,13.075,14.449,0.025,0.016990131293434067,0.0366452892678433,0.0,2.168404344971009e-19,0.0038267584855551234,0.975,0.9633547107321566,0.9830098687065659,1.0,0.996173241514445,1.0,False,True,False,False,True,False,outside_inner_prior
Newton,0,test,2,1.0,0.225,,60,fitted_grid,outside_inner_prior,7,326007001,envelope,covariates_only66,clustered_correlated,1000,1000,26,0,974,974,0,1000,0.0,13.067,14.475,0.026,0.017803938201616326,0.03782382884268993,0.0,2.168404344971009e-19,0.0038267584855551234,0.974,0.9621761711573101,0.9821960617983837,1.0,0.996173241514445,1.0,False,True,False,False,True,False,outside_inner_prior
Newton,0,test,2,1.0,0.225,,60,fitted_grid,outside_inner_prior,7,326007001,envelope,covariates_only66,sparse_floor,1000,1000,13,0,987,986,1,999,0.0,13.081,14.507,0.013,0.0076128203893510256,0.022114442375579666,0.0,2.168404344971009e-19,0.0038267584855551234,0.987,0.9778855576244203,0.9923871796106489,0.999,0.9943574414020421,0.9998234536293739,False,True,False,False,True,False,outside_inner_prior
Newton,0,test,2,1.0,0.225,,160,fitted_grid,outside_inner_prior,8,326008001,baseline,covariates_only66,uniform_white,1000,1000,34,0,966,963,3,997,0.0,13.073,14.582,0.034,0.024431348663226313,0.04713519024531107,0.0,2.168404344971009e-19,0.0038267584855551234,0.966,0.9528648097546889,0.9755686513367737,0.997,0.9912169859464969,0.9989792161188614,False,True,False,False,True,False,outside_inner_prior
Newton,0,test,2,1.0,0.225,,160,fitted_grid,outside_inner_prior,8,326008001,baseline,covariates_only66,clustered_correlated,1000,1000,41,0,959,957,2,998,0.0,13.073,14.548,0.041,0.030364971082098315,0.0551479932076413,0.0,2.168404344971009e-19,0.0038267584855551234,0.959,0.9448520067923587,0.9696350289179017,0.998,0.9927371921365079,0.9994513564118793,False,True,False,False,True,False,outside_inner_prior
Newton,0,test,2,1.0,0.225,,160,fitted_grid,outside_inner_prior,8,326008001,baseline,covariates_only66,sparse_floor,1000,1000,47,1,952,949,3,996,0.0,13.075,14.599,0.047,0.0355271051063845,0.06193993808152845,0.001,0.00017654637062607809,0.0056425585979579355,0.952,0.936933911349866,0.963606698979192,0.996,0.9897604437227377,0.9984434118595916,False,True,False,False,False,False,outside_inner_prior
Newton,0,test,2,1.0,0.225,,160,fitted_grid,outside_inner_prior,8,326008001,envelope,covariates_only66,uniform_white,1000,1000,26,0,974,972,2,998,0.0,13.073,14.582,0.026,0.017803938201616326,0.03782382884268993,0.0,2.168404344971009e-19,0.0038267584855551234,0.974,0.9621761711573101,0.9821960617983837,0.998,0.9927371921365079,0.9994513564118793,False,True,False,False,True,False,outside_inner_prior
Newton,0,test,2,1.0,0.225,,160,fitted_grid,outside_inner_prior,8,326008001,envelope,covariates_only66,clustered_correlated,1000,1000,29,0,971,969,2,998,0.0,13.073,14.548,0.029,0.02026644815669875,0.04133835833669418,0.0,2.168404344971009e-19,0.0038267584855551234,0.971,0.9586616416633058,0.9797335518433012,0.998,0.9927371921365079,0.9994513564118793,False,True,False,False,True,False,outside_inner_prior
Newton,0,test,2,1.0,0.225,,160,fitted_grid,outside_inner_prior,8,326008001,envelope,covariates_only66,sparse_floor,1000,1000,21,0,979,977,2,998,0.0,13.075,14.599,0.021,0.013775739567924286,0.03189029506123752,0.0,2.168404344971009e-19,0.0038267584855551234,0.979,0.9681097049387625,0.9862242604320758,0.998,0.9927371921365079,0.9994513564118793,False,True,False,False,True,False,outside_inner_prior
Newton,0,test,2,1.0,0.3,,40,fitted_grid,fitted_prior,9,326009001,baseline,covariates_only66,uniform_white,1000,1000,29,0,971,971,0,1000,0.0,13.096,14.297,0.029,0.02026644815669875,0.04133835833669418,0.0,2.168404344971009e-19,0.0038267584855551234,0.971,0.9586616416633058,0.9797335518433012,1.0,0.996173241514445,1.0,False,True,False,False,True,False,fitted_family
Newton,0,test,2,1.0,0.3,,40,fitted_grid,fitted_prior,9,326009001,baseline,covariates_only66,clustered_correlated,1000,1000,38,0,962,961,1,999,0.0,13.093,14.321,0.038,0.02780900450930263,0.05172692033135032,0.0,2.168404344971009e-19,0.0038267584855551234,0.962,0.9482730796686497,0.9721909954906974,0.999,0.9943574414020421,0.9998234536293739,False,True,False,False,True,False,fitted_family
Newton,0,test,2,1.0,0.3,,40,fitted_grid,fitted_prior,9,326009001,baseline,covariates_only66,sparse_floor,1000,1000,47,1,952,952,0,999,0.0,13.089,14.313,0.047,0.0355271051063845,0.06193993808152845,0.001,0.00017654637062607809,0.0056425585979579355,0.952,0.936933911349866,0.963606698979192,0.999,0.9943574414020421,0.9998234536293739,False,True,False,False,True,False,fitted_family
Newton,0,test,2,1.0,0.3,,40,fitted_grid,fitted_prior,9,326009001,envelope,covariates_only66,uniform_white,1000,1000,22,0,978,978,0,1000,0.0,13.096,14.297,0.022,0.014572707764791058,0.03308567334739963,0.0,2.168404344971009e-19,0.0038267584855551234,0.978,0.9669143266526004,0.985427292235209,1.0,0.996173241514445,1.0,False,True,False,False,True,False,fitted_family
Newton,0,test,2,1.0,0.3,,40,fitted_grid,fitted_prior,9,326009001,envelope,covariates_only66,clustered_correlated,1000,1000,28,0,972,972,0,1000,0.0,13.093,14.321,0.028,0.019442276812770925,0.04017018319759311,0.0,2.168404344971009e-19,0.0038267584855551234,0.972,0.9598298168024069,0.9805577231872291,1.0,0.996173241514445,1.0,False,True,False,False,True,False,fitted_family
Newton,0,test,2,1.0,0.3,,40,fitted_grid,fitted_prior,9,326009001,envelope,covariates_only66,sparse_floor,1000,1000,18,0,982,982,0,1000,0.0,13.089,14.313,0.018,0.011415740009567788,0.028273255170507345,0.0,2.168404344971009e-19,0.0038267584855551234,0.982,0.9717267448294926,0.9885842599904322,1.0,0.996173241514445,1.0,False,True,False,False,True,False,fitted_family
Newton,0,test,2,1.0,0.3,,80,fitted_grid,fitted_prior,10,326010001,baseline,covariates_only66,uniform_white,1000,1000,17,0,983,982,1,999,0.0,13.131,14.423,0.017,0.010640689856816328,0.027055958840229925,0.0,2.168404344971009e-19,0.0038267584855551234,0.983,0.9729440411597701,0.9893593101431837,0.999,0.9943574414020421,0.9998234536293739,False,True,False,False,True,False,fitted_family
Newton,0,test,2,1.0,0.3,,80,fitted_grid,fitted_prior,10,326010001,baseline,covariates_only66,clustered_correlated,1000,1000,24,0,976,975,1,999,0.0,13.13,14.396,0.024,0.016180168466636995,0.03546290561161149,0.0,2.168404344971009e-19,0.0038267584855551234,0.976,0.9645370943883885,0.9838198315333629,0.999,0.9943574414020421,0.9998234536293739,False,True,False,False,True,False,fitted_family
Newton,0,test,2,1.0,0.3,,80,fitted_grid,fitted_prior,10,326010001,baseline,covariates_only66,sparse_floor,1000,1000,21,1,978,977,1,998,0.0,13.136,14.475,0.021,0.013775739567924286,0.03189029506123752,0.001,0.00017654637062607809,0.0056425585979579355,0.978,0.9669143266526004,0.985427292235209,0.998,0.9927371921365079,0.9994513564118793,False,True,False,False,True,False,fitted_family
Newton,0,test,2,1.0,0.3,,80,fitted_grid,fitted_prior,10,326010001,envelope,covariates_only66,uniform_white,1000,1000,15,0,985,984,1,999,0.0,13.131,14.423,0.015,0.009110978804081668,0.024600976926906798,0.0,2.168404344971009e-19,0.0038267584855551234,0.985,0.9753990230730932,0.9908890211959184,0.999,0.9943574414020421,0.9998234536293739,False,True,False,False,True,False,fitted_family
Newton,0,test,2,1.0,0.3,,80,fitted_grid,fitted_prior,10,326010001,envelope,covariates_only66,clustered_correlated,1000,1000,16,0,984,983,1,999,0.0,13.13,14.396,0.016,0.009872242002277388,0.02583206021173997,0.0,2.168404344971009e-19,0.0038267584855551234,0.984,0.97416793978826,0.9901277579977227,0.999,0.9943574414020421,0.9998234536293739,False,True,False,False,True,False,fitted_family
Newton,0,test,2,1.0,0.3,,80,fitted_grid,fitted_prior,10,326010001,envelope,covariates_only66,sparse_floor,1000,1000,9,0,991,990,1,999,0.0,13.136,14.475,0.009,0.004742060667477063,0.01701581616533807,0.0,2.168404344971009e-19,0.0038267584855551234,0.991,0.982984183834662,0.9952579393325229,0.999,0.9943574414020421,0.9998234536293739,False,True,False,False,True,False,fitted_family
Newton,0,test,2,1.0,0.3,,60,fitted_grid,outside_inner_prior,11,326011001,baseline,covariates_only66,uniform_white,1000,1000,43,1,956,956,0,999,0.0,13.047,14.454,0.043,0.03207865341171336,0.057419003844084014,0.001,0.00017654637062607809,0.0056425585979579355,0.956,0.9414482108495923,0.9670617854115815,0.999,0.9943574414020421,0.9998234536293739,False,True,False,False,True,False,outside_inner_prior
Newton,0,test,2,1.0,0.3,,60,fitted_grid,outside_inner_prior,11,326011001,baseline,covariates_only66,clustered_correlated,1000,1000,42,1,957,956,1,998,0.0,13.044,14.428,0.042,0.031220885546165447,0.056284425226603055,0.001,0.00017654637062607809,0.0056425585979579355,0.957,0.942580996155916,0.9679213465882865,0.998,0.9927371921365079,0.9994513564118793,False,True,False,False,True,False,outside_inner_prior
Newton,0,test,2,1.0,0.3,,60,fitted_grid,outside_inner_prior,11,326011001,baseline,covariates_only66,sparse_floor,1000,1000,47,1,952,952,0,999,0.0,13.038,14.453,0.047,0.0355271051063845,0.06193993808152845,0.001,0.00017654637062607809,0.0056425585979579355,0.952,0.936933911349866,0.963606698979192,0.999,0.9943574414020421,0.9998234536293739,False,True,False,False,True,False,outside_inner_prior
Newton,0,test,2,1.0,0.3,,60,fitted_grid,outside_inner_prior,11,326011001,envelope,covariates_only66,uniform_white,1000,1000,30,0,970,970,0,1000,0.0,13.047,14.454,0.03,0.0210937388288347,0.042503414147587126,0.0,2.168404344971009e-19,0.0038267584855551234,0.97,0.9574965858524128,0.9789062611711653,1.0,0.996173241514445,1.0,False,True,False,False,True,False,outside_inner_prior
Newton,0,test,2,1.0,0.3,,60,fitted_grid,outside_inner_prior,11,326011001,envelope,covariates_only66,clustered_correlated,1000,1000,29,0,971,970,1,999,0.0,13.044,14.428,0.029,0.02026644815669875,0.04133835833669418,0.0,2.168404344971009e-19,0.0038267584855551234,0.971,0.9586616416633058,0.9797335518433012,0.999,0.9943574414020421,0.9998234536293739,False,True,False,False,True,False,outside_inner_prior
Newton,0,test,2,1.0,0.3,,60,fitted_grid,outside_inner_prior,11,326011001,envelope,covariates_only66,sparse_floor,1000,1000,22,0,978,978,0,1000,0.0,13.038,14.453,0.022,0.014572707764791058,0.03308567334739963,0.0,2.168404344971009e-19,0.0038267584855551234,0.978,0.9669143266526004,0.985427292235209,1.0,0.996173241514445,1.0,False,True,False,False,True,False,outside_inner_prior
Newton,0,test,2,1.0,0.3,,160,fitted_grid,outside_inner_prior,12,326012001,baseline,full66,uniform_white,1000,1000,979,5,16,2,14,981,0.000277,1.061,1.147,0.979,0.9681097049387625,0.9862242604320758,0.005,0.0021375355273244596,0.011650955373375113,0.016,0.009872242002277388,0.02583206021173997,0.981,0.9705155440876868,0.9878031142492091,True,False,False,False,False,False,outside_inner_prior
Newton,0,test,2,1.0,0.3,,160,fitted_grid,outside_inner_prior,12,326012001,baseline,full66,sparse_floor,1000,1000,975,1,24,0,24,975,0.00033800000000000003,1.041,1.137,0.975,0.9633547107321566,0.9830098687065659,0.001,0.00017654637062607809,0.0056425585979579355,0.024,0.016180168466636995,0.03546290561161149,0.975,0.9633547107321566,0.9830098687065659,True,False,False,True,False,False,outside_inner_prior
Newton,0,test,2,1.0,0.3,,160,fitted_grid,outside_inner_prior,12,326012001,baseline,covariates_only66,uniform_white,1000,1000,27,0,973,972,1,999,0.0,13.036,14.461,0.027,0.018621382774294995,0.03899873075304015,0.0,2.168404344971009e-19,0.0038267584855551234,0.973,0.9610012692469598,0.9813786172257051,0.999,0.9943574414020421,0.9998234536293739,False,True,False,False,True,False,outside_inner_prior
Newton,0,test,2,1.0,0.3,,160,fitted_grid,outside_inner_prior,12,326012001,baseline,covariates_only66,clustered_correlated,1000,1000,28,1,971,970,1,998,0.0,13.04,14.479,0.028,0.019442276812770925,0.04017018319759311,0.001,0.00017654637062607809,0.0056425585979579355,0.971,0.9586616416633058,0.9797335518433012,0.998,0.9927371921365079,0.9994513564118793,False,True,False,False,True,False,outside_inner_prior
Newton,0,test,2,1.0,0.3,,160,fitted_grid,outside_inner_prior,12,326012001,baseline,covariates_only66,sparse_floor,1000,1000,29,2,969,967,2,996,0.0,13.045,14.479,0.029,0.02026644815669875,0.04133835833669418,0.002,0.000548643588120728,0.007262807863492177,0.969,0.9563345039877078,0.9780759965528414,0.996,0.9897604437227377,0.9984434118595916,False,True,False,False,False,False,outside_inner_prior
Newton,0,test,2,1.0,0.3,,160,fitted_grid,outside_inner_prior,12,326012001,baseline,conditional66,uniform_white,1000,1000,918,10,72,64,8,982,0.000277,1.797,1.095,0.918,0.8993527833262955,0.9334480465797805,0.01,0.005440754445529249,0.018309468870314774,0.072,0.05756392168091441,0.08971178358272076,0.982,0.9717267448294926,0.9885842599904322,False,False,False,False,False,False,outside_inner_prior
Newton,0,test,2,1.0,0.3,,160,fitted_grid,outside_inner_prior,12,326012001,baseline,conditional66,sparse_floor,1000,1000,954,10,36,19,17,973,0.00033800000000000003,1.747,1.085,0.954,0.9391877960583809,0.9653375072367351,0.01,0.005440754445529249,0.018309468870314774,0.036,0.02611557140738732,0.049435660467207834,0.973,0.9610012692469598,0.9813786172257051,True,False,False,False,False,False,outside_inner_prior
Newton,0,test,2,1.0,0.3,,160,fitted_grid,outside_inner_prior,12,326012001,envelope,full66,uniform_white,1000,1000,985,5,10,2,8,987,0.000277,1.061,1.147,0.985,0.9753990230730932,0.9908890211959184,0.005,0.0021375355273244596,0.011650955373375113,0.01,0.005440754445529249,0.018309468870314774,0.987,0.9778855576244203,0.9923871796106489,True,False,False,False,False,False,outside_inner_prior
Newton,0,test,2,1.0,0.3,,160,fitted_grid,outside_inner_prior,12,326012001,envelope,full66,sparse_floor,1000,1000,981,2,17,0,17,981,0.00033800000000000003,1.041,1.137,0.981,0.9705155440876868,0.9878031142492091,0.002,0.000548643588120728,0.007262807863492177,0.017,0.010640689856816328,0.027055958840229925,0.981,0.9705155440876868,0.9878031142492091,True,False,False,True,False,False,outside_inner_prior
Newton,0,test,2,1.0,0.3,,160,fitted_grid,outside_inner_prior,12,326012001,envelope,covariates_only66,uniform_white,1000,1000,22,0,978,977,1,999,0.0,13.036,14.461,0.022,0.014572707764791058,0.03308567334739963,0.0,2.168404344971009e-19,0.0038267584855551234,0.978,0.9669143266526004,0.985427292235209,0.999,0.9943574414020421,0.9998234536293739,False,True,False,False,True,False,outside_inner_prior
Newton,0,test,2,1.0,0.3,,160,fitted_grid,outside_inner_prior,12,326012001,envelope,covariates_only66,clustered_correlated,1000,1000,20,0,980,979,1,999,0.0,13.04,14.479,0.02,0.012983682916415136,0.030690005229717786,0.0,2.168404344971009e-19,0.0038267584855551234,0.98,0.9693099947702822,0.987016317083585,0.999,0.9943574414020421,0.9998234536293739,False,True,False,False,True,False,outside_inner_prior
Newton,0,test,2,1.0,0.3,,160,fitted_grid,outside_inner_prior,12,326012001,envelope,covariates_only66,sparse_floor,1000,1000,14,0,986,984,2,998,0.0,13.045,14.479,0.014,0.00835757513042392,0.02336203411753566,0.0,2.168404344971009e-19,0.0038267584855551234,0.986,0.9766379658824644,0.9916424248695761,0.998,0.9927371921365079,0.9994513564118793,False,True,False,False,True,False,outside_inner_prior
Newton,0,test,2,1.0,0.3,,160,fitted_grid,outside_inner_prior,12,326012001,envelope,conditional66,uniform_white,1000,1000,922,9,69,65,4,987,0.000277,1.797,1.095,0.922,0.9037173834289277,0.9370528324092638,0.009,0.004742060667477063,0.01701581616533807,0.069,0.054883945585911253,0.08641472022863728,0.987,0.9778855576244203,0.9923871796106489,False,False,False,False,False,False,outside_inner_prior
Newton,0,test,2,1.0,0.3,,160,fitted_grid,outside_inner_prior,12,326012001,envelope,conditional66,sparse_floor,1000,1000,958,6,36,23,13,981,0.00033800000000000003,1.747,1.085,0.958,0.9437155747733968,0.9687791144538346,0.006,0.0027526691418763745,0.01302816824185209,0.036,0.02611557140738732,0.049435660467207834,0.981,0.9705155440876868,0.9878031142492091,True,False,False,False,False,False,outside_inner_prior
Newton,0,test,2,1.3,0.0,,,fitted_grid,pure,13,326013001,baseline,covariates_only66,uniform_white,1000,1000,42,0,958,958,0,1000,0.0,13.063,14.368,0.042,0.031220885546165447,0.056284425226603055,0.0,2.168404344971009e-19,0.0038267584855551234,0.958,0.9437155747733968,0.9687791144538346,1.0,0.996173241514445,1.0,False,True,False,False,True,False,fitted_family
Newton,0,test,2,1.3,0.0,,,fitted_grid,pure,13,326013001,baseline,covariates_only66,clustered_correlated,1000,1000,47,0,953,952,1,999,0.0,13.074,14.382,0.047,0.0355271051063845,0.06193993808152845,0.0,2.168404344971009e-19,0.0038267584855551234,0.953,0.9380600619184716,0.9644728948936154,0.999,0.9943574414020421,0.9998234536293739,False,True,False,False,True,False,fitted_family
Newton,0,test,2,1.3,0.0,,,fitted_grid,pure,13,326013001,baseline,covariates_only66,sparse_floor,1000,1000,44,0,956,954,2,998,0.0,13.067,14.365,0.044,0.0329382145884185,0.058551789150407776,0.0,2.168404344971009e-19,0.0038267584855551234,0.956,0.9414482108495923,0.9670617854115815,0.998,0.9927371921365079,0.9994513564118793,False,True,False,False,True,False,fitted_family
Newton,0,test,2,1.3,0.0,,,fitted_grid,pure,13,326013001,envelope,covariates_only66,uniform_white,1000,1000,34,0,966,966,0,1000,0.0,13.063,14.368,0.034,0.024431348663226313,0.04713519024531107,0.0,2.168404344971009e-19,0.0038267584855551234,0.966,0.9528648097546889,0.9755686513367737,1.0,0.996173241514445,1.0,False,True,False,False,True,False,fitted_family
Newton,0,test,2,1.3,0.0,,,fitted_grid,pure,13,326013001,envelope,covariates_only66,clustered_correlated,1000,1000,37,0,963,962,1,999,0.0,13.074,14.382,0.037,0.026961180875554734,0.05058239748206931,0.0,2.168404344971009e-19,0.0038267584855551234,0.963,0.9494176025179306,0.9730388191244452,0.999,0.9943574414020421,0.9998234536293739,False,True,False,False,True,False,fitted_family
Newton,0,test,2,1.3,0.0,,,fitted_grid,pure,13,326013001,envelope,covariates_only66,sparse_floor,1000,1000,20,0,980,978,2,998,0.0,13.067,14.365,0.02,0.012983682916415136,0.030690005229717786,0.0,2.168404344971009e-19,0.0038267584855551234,0.98,0.9693099947702822,0.987016317083585,0.998,0.9927371921365079,0.9994513564118793,False,True,False,False,True,False,fitted_family
Newton,0,test,2,1.3,0.075,,40,fitted_grid,fitted_prior,14,326014001,baseline,covariates_only66,uniform_white,1000,1000,36,0,964,962,2,998,0.0,13.204,14.387,0.036,0.02611557140738732,0.049435660467207834,0.0,2.168404344971009e-19,0.0038267584855551234,0.964,0.9505643395327921,0.9738844285926127,0.998,0.9927371921365079,0.9994513564118793,False,True,False,False,True,False,fitted_family
Newton,0,test,2,1.3,0.075,,40,fitted_grid,fitted_prior,14,326014001,baseline,covariates_only66,clustered_correlated,1000,1000,41,0,959,957,2,998,0.0,13.177,14.279,0.041,0.030364971082098315,0.0551479932076413,0.0,2.168404344971009e-19,0.0038267584855551234,0.959,0.9448520067923587,0.9696350289179017,0.998,0.9927371921365079,0.9994513564118793,False,True,False,False,True,False,fitted_family
Newton,0,test,2,1.3,0.075,,40,fitted_grid,fitted_prior,14,326014001,baseline,covariates_only66,sparse_floor,1000,1000,41,1,958,957,1,998,0.0,13.178,14.412,0.041,0.030364971082098315,0.0551479932076413,0.001,0.00017654637062607809,0.0056425585979579355,0.958,0.9437155747733968,0.9687791144538346,0.998,0.9927371921365079,0.9994513564118793,False,True,False,False,True,False,fitted_family
Newton,0,test,2,1.3,0.075,,40,fitted_grid,fitted_prior,14,326014001,envelope,covariates_only66,uniform_white,1000,1000,28,0,972,970,2,998,0.0,13.204,14.387,0.028,0.019442276812770925,0.04017018319759311,0.0,2.168404344971009e-19,0.0038267584855551234,0.972,0.9598298168024069,0.9805577231872291,0.998,0.9927371921365079,0.9994513564118793,False,True,False,False,True,False,fitted_family
Newton,0,test,2,1.3,0.075,,40,fitted_grid,fitted_prior,14,326014001,envelope,covariates_only66,clustered_correlated,1000,1000,33,0,967,965,2,998,0.0,13.177,14.279,0.033,0.023592927958426907,0.04598126446708159,0.0,2.168404344971009e-19,0.0038267584855551234,0.967,0.9540187355329184,0.9764070720415732,0.998,0.9927371921365079,0.9994513564118793,False,True,False,False,True,False,fitted_family
Newton,0,test,2,1.3,0.075,,40,fitted_grid,fitted_prior,14,326014001,envelope,covariates_only66,sparse_floor,1000,1000,15,0,985,984,1,999,0.0,13.178,14.412,0.015,0.009110978804081668,0.024600976926906798,0.0,2.168404344971009e-19,0.0038267584855551234,0.985,0.9753990230730932,0.9908890211959184,0.999,0.9943574414020421,0.9998234536293739,False,True,False,False,True,False,fitted_family
Newton,0,test,2,1.3,0.075,,80,fitted_grid,fitted_prior,15,326015001,baseline,covariates_only66,uniform_white,1000,1000,36,0,964,963,1,999,0.0,13.173,14.36,0.036,0.02611557140738732,0.049435660467207834,0.0,2.168404344971009e-19,0.0038267584855551234,0.964,0.9505643395327921,0.9738844285926127,0.999,0.9943574414020421,0.9998234536293739,False,True,False,False,True,False,fitted_family
Newton,0,test,2,1.3,0.075,,80,fitted_grid,fitted_prior,15,326015001,baseline,covariates_only66,clustered_correlated,1000,1000,42,0,958,957,1,999,0.0,13.16,14.363,0.042,0.031220885546165447,0.056284425226603055,0.0,2.168404344971009e-19,0.0038267584855551234,0.958,0.9437155747733968,0.9687791144538346,0.999,0.9943574414020421,0.9998234536293739,False,True,False,False,True,False,fitted_family
Newton,0,test,2,1.3,0.075,,80,fitted_grid,fitted_prior,15,326015001,baseline,covariates_only66,sparse_floor,1000,1000,49,0,951,950,1,999,0.0,13.149,14.379,0.049,0.037261034647360615,0.06419070150661013,0.0,2.168404344971009e-19,0.0038267584855551234,0.951,0.9358092984933898,0.9627389653526394,0.999,0.9943574414020421,0.9998234536293739,False,True,False,False,True,False,fitted_family
Newton,0,test,2,1.3,0.075,,80,fitted_grid,fitted_prior,15,326015001,envelope,covariates_only66,uniform_white,1000,1000,26,0,974,973,1,999,0.0,13.173,14.36,0.026,0.017803938201616326,0.03782382884268993,0.0,2.168404344971009e-19,0.0038267584855551234,0.974,0.9621761711573101,0.9821960617983837,0.999,0.9943574414020421,0.9998234536293739,False,True,False,False,True,False,fitted_family
Newton,0,test,2,1.3,0.075,,80,fitted_grid,fitted_prior,15,326015001,envelope,covariates_only66,clustered_correlated,1000,1000,29,0,971,970,1,999,0.0,13.16,14.363,0.029,0.02026644815669875,0.04133835833669418,0.0,2.168404344971009e-19,0.0038267584855551234,0.971,0.9586616416633058,0.9797335518433012,0.999,0.9943574414020421,0.9998234536293739,False,True,False,False,True,False,fitted_family
Newton,0,test,2,1.3,0.075,,80,fitted_grid,fitted_prior,15,326015001,envelope,covariates_only66,sparse_floor,1000,1000,20,0,980,979,1,999,0.0,13.149,14.379,0.02,0.012983682916415136,0.030690005229717786,0.0,2.168404344971009e-19,0.0038267584855551234,0.98,0.9693099947702822,0.987016317083585,0.999,0.9943574414020421,0.9998234536293739,False,True,False,False,True,False,fitted_family
Newton,0,test,2,1.3,0.075,,60,fitted_grid,outside_inner_prior,16,326016001,baseline,covariates_only66,uniform_white,1000,1000,38,0,962,962,0,1000,0.0,13.159,14.281,0.038,0.02780900450930263,0.05172692033135032,0.0,2.168404344971009e-19,0.0038267584855551234,0.962,0.9482730796686497,0.9721909954906974,1.0,0.996173241514445,1.0,False,True,False,False,True,False,outside_inner_prior
Newton,0,test,2,1.3,0.075,,60,fitted_grid,outside_inner_prior,16,326016001,baseline,covariates_only66,clustered_correlated,1000,1000,42,0,958,958,0,1000,0.0,13.167,14.269,0.042,0.031220885546165447,0.056284425226603055,0.0,2.168404344971009e-19,0.0038267584855551234,0.958,0.9437155747733968,0.9687791144538346,1.0,0.996173241514445,1.0,False,True,False,False,True,False,outside_inner_prior
Newton,0,test,2,1.3,0.075,,60,fitted_grid,outside_inner_prior,16,326016001,baseline,covariates_only66,sparse_floor,1000,1000,42,2,956,956,0,998,0.0,13.154,14.325,0.042,0.031220885546165447,0.056284425226603055,0.002,0.000548643588120728,0.007262807863492177,0.956,0.9414482108495923,0.9670617854115815,0.998,0.9927371921365079,0.9994513564118793,False,True,False,False,True,False,outside_inner_prior
Newton,0,test,2,1.3,0.075,,60,fitted_grid,outside_inner_prior,16,326016001,envelope,covariates_only66,uniform_white,1000,1000,32,0,968,968,0,1000,0.0,13.159,14.281,0.032,0.022757107858710962,0.04482473808376865,0.0,2.168404344971009e-19,0.0038267584855551234,0.968,0.9551752619162314,0.9772428921412891,1.0,0.996173241514445,1.0,False,True,False,False,True,False,outside_inner_prior
Newton,0,test,2,1.3,0.075,,60,fitted_grid,outside_inner_prior,16,326016001,envelope,covariates_only66,clustered_correlated,1000,1000,32,0,968,968,0,1000,0.0,13.167,14.269,0.032,0.022757107858710962,0.04482473808376865,0.0,2.168404344971009e-19,0.0038267584855551234,0.968,0.9551752619162314,0.9772428921412891,1.0,0.996173241514445,1.0,False,True,False,False,True,False,outside_inner_prior
Newton,0,test,2,1.3,0.075,,60,fitted_grid,outside_inner_prior,16,326016001,envelope,covariates_only66,sparse_floor,1000,1000,20,1,979,979,0,999,0.0,13.154,14.325,0.02,0.012983682916415136,0.030690005229717786,0.001,0.00017654637062607809,0.0056425585979579355,0.979,0.9681097049387625,0.9862242604320758,0.999,0.9943574414020421,0.9998234536293739,False,True,False,False,True,False,outside_inner_prior
Newton,0,test,2,1.3,0.075,,160,fitted_grid,outside_inner_prior,17,326017001,baseline,covariates_only66,uniform_white,1000,1000,31,0,969,968,1,999,0.0,13.176,14.419,0.031,0.02192400344715857,0.04366549601229214,0.0,2.168404344971009e-19,0.0038267584855551234,0.969,0.9563345039877078,0.9780759965528414,0.999,0.9943574414020421,0.9998234536293739,False,True,False,False,True,False,outside_inner_prior
Newton,0,test,2,1.3,0.075,,160,fitted_grid,outside_inner_prior,17,326017001,baseline,covariates_only66,clustered_correlated,1000,1000,40,0,960,960,0,1000,0.0,13.181,14.413,0.04,0.02951097368545276,0.05400964412125796,0.0,2.168404344971009e-19,0.0038267584855551234,0.96,0.945990355878742,0.9704890263145473,1.0,0.996173241514445,1.0,False,True,False,False,True,False,outside_inner_prior
Newton,0,test,2,1.3,0.075,,160,fitted_grid,outside_inner_prior,17,326017001,baseline,covariates_only66,sparse_floor,1000,1000,38,0,962,962,0,1000,0.0,13.158,14.473,0.038,0.02780900450930263,0.05172692033135032,0.0,2.168404344971009e-19,0.0038267584855551234,0.962,0.9482730796686497,0.9721909954906974,1.0,0.996173241514445,1.0,False,True,False,False,True,False,outside_inner_prior
Newton,0,test,2,1.3,0.075,,160,fitted_grid,outside_inner_prior,17,326017001,envelope,covariates_only66,uniform_white,1000,1000,29,0,971,971,0,1000,0.0,13.176,14.419,0.029,0.02026644815669875,0.04133835833669418,0.0,2.168404344971009e-19,0.0038267584855551234,0.971,0.9586616416633058,0.9797335518433012,1.0,0.996173241514445,1.0,False,True,False,False,True,False,outside_inner_prior
Newton,0,test,2,1.3,0.075,,160,fitted_grid,outside_inner_prior,17,326017001,envelope,covariates_only66,clustered_correlated,1000,1000,29,0,971,971,0,1000,0.0,13.181,14.413,0.029,0.02026644815669875,0.04133835833669418,0.0,2.168404344971009e-19,0.0038267584855551234,0.971,0.9586616416633058,0.9797335518433012,1.0,0.996173241514445,1.0,False,True,False,False,True,False,outside_inner_prior
Newton,0,test,2,1.3,0.075,,160,fitted_grid,outside_inner_prior,17,326017001,envelope,covariates_only66,sparse_floor,1000,1000,17,0,983,983,0,1000,0.0,13.158,14.473,0.017,0.010640689856816328,0.027055958840229925,0.0,2.168404344971009e-19,0.0038267584855551234,0.983,0.9729440411597701,0.9893593101431837,1.0,0.996173241514445,1.0,False,True,False,False,True,False,outside_inner_prior
Newton,0,test,2,1.3,0.225,,40,fitted_grid,fitted_prior,18,326018001,baseline,covariates_only66,uniform_white,1000,1000,38,1,961,961,0,999,0.0,13.115,14.316,0.038,0.02780900450930263,0.05172692033135032,0.001,0.00017654637062607809,0.0056425585979579355,0.961,0.9471306895804986,0.9713410390958196,0.999,0.9943574414020421,0.9998234536293739,False,True,False,False,True,False,fitted_family
Newton,0,test,2,1.3,0.225,,40,fitted_grid,fitted_prior,18,326018001,baseline,covariates_only66,clustered_correlated,1000,1000,37,1,962,961,1,998,0.0,13.111,14.33,0.037,0.026961180875554734,0.05058239748206931,0.001,0.00017654637062607809,0.0056425585979579355,0.962,0.9482730796686497,0.9721909954906974,0.998,0.9927371921365079,0.9994513564118793,False,True,False,False,True,False,fitted_family
Newton,0,test,2,1.3,0.225,,40,fitted_grid,fitted_prior,18,326018001,baseline,covariates_only66,sparse_floor,1000,1000,43,1,956,956,0,999,0.0,13.118,14.365,0.043,0.03207865341171336,0.057419003844084014,0.001,0.00017654637062607809,0.0056425585979579355,0.956,0.9414482108495923,0.9670617854115815,0.999,0.9943574414020421,0.9998234536293739,False,True,False,False,True,False,fitted_family
Newton,0,test,2,1.3,0.225,,40,fitted_grid,fitted_prior,18,326018001,envelope,covariates_only66,uniform_white,1000,1000,28,0,972,972,0,1000,0.0,13.115,14.316,0.028,0.019442276812770925,0.04017018319759311,0.0,2.168404344971009e-19,0.0038267584855551234,0.972,0.9598298168024069,0.9805577231872291,1.0,0.996173241514445,1.0,False,True,False,False,True,False,fitted_family
Newton,0,test,2,1.3,0.225,,40,fitted_grid,fitted_prior,18,326018001,envelope,covariates_only66,clustered_correlated,1000,1000,29,0,971,971,0,1000,0.0,13.111,14.33,0.029,0.02026644815669875,0.04133835833669418,0.0,2.168404344971009e-19,0.0038267584855551234,0.971,0.9586616416633058,0.9797335518433012,1.0,0.996173241514445,1.0,False,True,False,False,True,False,fitted_family
Newton,0,test,2,1.3,0.225,,40,fitted_grid,fitted_prior,18,326018001,envelope,covariates_only66,sparse_floor,1000,1000,20,0,980,980,0,1000,0.0,13.118,14.365,0.02,0.012983682916415136,0.030690005229717786,0.0,2.168404344971009e-19,0.0038267584855551234,0.98,0.9693099947702822,0.987016317083585,1.0,0.996173241514445,1.0,False,True,False,False,True,False,fitted_family
Newton,0,test,2,1.3,0.225,,80,fitted_grid,fitted_prior,19,326019001,baseline,covariates_only66,uniform_white,1000,1000,30,0,970,969,1,999,0.0,13.112,14.226,0.03,0.0210937388288347,0.042503414147587126,0.0,2.168404344971009e-19,0.0038267584855551234,0.97,0.9574965858524128,0.9789062611711653,0.999,0.9943574414020421,0.9998234536293739,False,True,False,False,True,False,fitted_family
Newton,0,test,2,1.3,0.225,,80,fitted_grid,fitted_prior,19,326019001,baseline,covariates_only66,clustered_correlated,1000,1000,35,0,965,964,1,999,0.0,13.12,14.23,0.035,0.02527226301711295,0.04828662237445333,0.0,2.168404344971009e-19,0.0038267584855551234,0.965,0.9517133776255466,0.9747277369828871,0.999,0.9943574414020421,0.9998234536293739,False,True,False,False,True,False,fitted_family
Newton,0,test,2,1.3,0.225,,80,fitted_grid,fitted_prior,19,326019001,baseline,covariates_only66,sparse_floor,1000,1000,33,0,967,966,1,999,0.0,13.134,14.218,0.033,0.023592927958426907,0.04598126446708159,0.0,2.168404344971009e-19,0.0038267584855551234,0.967,0.9540187355329184,0.9764070720415732,0.999,0.9943574414020421,0.9998234536293739,False,True,False,False,True,False,fitted_family
Newton,0,test,2,1.3,0.225,,80,fitted_grid,fitted_prior,19,326019001,envelope,covariates_only66,uniform_white,1000,1000,21,0,979,978,1,999,0.0,13.112,14.226,0.021,0.013775739567924286,0.03189029506123752,0.0,2.168404344971009e-19,0.0038267584855551234,0.979,0.9681097049387625,0.9862242604320758,0.999,0.9943574414020421,0.9998234536293739,False,True,False,False,True,False,fitted_family
Newton,0,test,2,1.3,0.225,,80,fitted_grid,fitted_prior,19,326019001,envelope,covariates_only66,clustered_correlated,1000,1000,23,0,977,976,1,999,0.0,13.12,14.23,0.023,0.015374276932992918,0.03427645066222667,0.0,2.168404344971009e-19,0.0038267584855551234,0.977,0.9657235493377733,0.9846257230670071,0.999,0.9943574414020421,0.9998234536293739,False,True,False,False,True,False,fitted_family
Newton,0,test,2,1.3,0.225,,80,fitted_grid,fitted_prior,19,326019001,envelope,covariates_only66,sparse_floor,1000,1000,18,0,982,981,1,999,0.0,13.134,14.218,0.018,0.011415740009567788,0.028273255170507345,0.0,2.168404344971009e-19,0.0038267584855551234,0.982,0.9717267448294926,0.9885842599904322,0.999,0.9943574414020421,0.9998234536293739,False,True,False,False,True,False,fitted_family
Newton,0,test,2,1.3,0.225,,60,fitted_grid,outside_inner_prior,20,326020001,baseline,covariates_only66,uniform_white,1000,1000,38,0,962,962,0,1000,0.0,13.146,14.203,0.038,0.02780900450930263,0.05172692033135032,0.0,2.168404344971009e-19,0.0038267584855551234,0.962,0.9482730796686497,0.9721909954906974,1.0,0.996173241514445,1.0,False,True,False,False,True,False,outside_inner_prior
Newton,0,test,2,1.3,0.225,,60,fitted_grid,outside_inner_prior,20,326020001,baseline,covariates_only66,clustered_correlated,1000,1000,40,1,959,959,0,999,0.0,13.161,14.227,0.04,0.02951097368545276,0.05400964412125796,0.001,0.00017654637062607809,0.0056425585979579355,0.959,0.9448520067923587,0.9696350289179017,0.999,0.9943574414020421,0.9998234536293739,False,True,False,False,True,False,outside_inner_prior
Newton,0,test,2,1.3,0.225,,60,fitted_grid,outside_inner_prior,20,326020001,baseline,covariates_only66,sparse_floor,1000,1000,44,1,955,955,0,999,0.0,13.145,14.324,0.044,0.0329382145884185,0.058551789150407776,0.001,0.00017654637062607809,0.0056425585979579355,0.955,0.9403171620637766,0.9662004877143683,0.999,0.9943574414020421,0.9998234536293739,False,True,False,False,True,False,outside_inner_prior
Newton,0,test,2,1.3,0.225,,60,fitted_grid,outside_inner_prior,20,326020001,envelope,covariates_only66,uniform_white,1000,1000,31,0,969,969,0,1000,0.0,13.146,14.203,0.031,0.02192400344715857,0.04366549601229214,0.0,2.168404344971009e-19,0.0038267584855551234,0.969,0.9563345039877078,0.9780759965528414,1.0,0.996173241514445,1.0,False,True,False,False,True,False,outside_inner_prior
Newton,0,test,2,1.3,0.225,,60,fitted_grid,outside_inner_prior,20,326020001,envelope,covariates_only66,clustered_correlated,1000,1000,35,0,965,965,0,1000,0.0,13.161,14.227,0.035,0.02527226301711295,0.04828662237445333,0.0,2.168404344971009e-19,0.0038267584855551234,0.965,0.9517133776255466,0.9747277369828871,1.0,0.996173241514445,1.0,False,True,False,False,True,False,outside_inner_prior
Newton,0,test,2,1.3,0.225,,60,fitted_grid,outside_inner_prior,20,326020001,envelope,covariates_only66,sparse_floor,1000,1000,19,0,981,981,0,1000,0.0,13.145,14.324,0.019,0.012196885750790904,0.02948445591231312,0.0,2.168404344971009e-19,0.0038267584855551234,0.981,0.9705155440876868,0.9878031142492091,1.0,0.996173241514445,1.0,False,True,False,False,True,False,outside_inner_prior
Newton,0,test,2,1.3,0.225,,160,fitted_grid,outside_inner_prior,21,326021001,baseline,covariates_only66,uniform_white,1000,1000,29,0,971,971,0,1000,0.0,13.221,14.456,0.029,0.02026644815669875,0.04133835833669418,0.0,2.168404344971009e-19,0.0038267584855551234,0.971,0.9586616416633058,0.9797335518433012,1.0,0.996173241514445,1.0,False,True,False,False,True,False,outside_inner_prior
Newton,0,test,2,1.3,0.225,,160,fitted_grid,outside_inner_prior,21,326021001,baseline,covariates_only66,clustered_correlated,1000,1000,34,1,965,965,0,999,0.0,13.226,14.422,0.034,0.024431348663226313,0.04713519024531107,0.001,0.00017654637062607809,0.0056425585979579355,0.965,0.9517133776255466,0.9747277369828871,0.999,0.9943574414020421,0.9998234536293739,False,True,False,False,True,False,outside_inner_prior
Newton,0,test,2,1.3,0.225,,160,fitted_grid,outside_inner_prior,21,326021001,baseline,covariates_only66,sparse_floor,1000,1000,36,0,964,964,0,1000,0.0,13.197,14.533,0.036,0.02611557140738732,0.049435660467207834,0.0,2.168404344971009e-19,0.0038267584855551234,0.964,0.9505643395327921,0.9738844285926127,1.0,0.996173241514445,1.0,False,True,False,False,True,False,outside_inner_prior
Newton,0,test,2,1.3,0.225,,160,fitted_grid,outside_inner_prior,21,326021001,envelope,covariates_only66,uniform_white,1000,1000,24,0,976,976,0,1000,0.0,13.221,14.456,0.024,0.016180168466636995,0.03546290561161149,0.0,2.168404344971009e-19,0.0038267584855551234,0.976,0.9645370943883885,0.9838198315333629,1.0,0.996173241514445,1.0,False,True,False,False,True,False,outside_inner_prior
Newton,0,test,2,1.3,0.225,,160,fitted_grid,outside_inner_prior,21,326021001,envelope,covariates_only66,clustered_correlated,1000,1000,27,0,973,973,0,1000,0.0,13.226,14.422,0.027,0.018621382774294995,0.03899873075304015,0.0,2.168404344971009e-19,0.0038267584855551234,0.973,0.9610012692469598,0.9813786172257051,1.0,0.996173241514445,1.0,False,True,False,False,True,False,outside_inner_prior
Newton,0,test,2,1.3,0.225,,160,fitted_grid,outside_inner_prior,21,326021001,envelope,covariates_only66,sparse_floor,1000,1000,16,0,984,984,0,1000,0.0,13.197,14.533,0.016,0.009872242002277388,0.02583206021173997,0.0,2.168404344971009e-19,0.0038267584855551234,0.984,0.97416793978826,0.9901277579977227,1.0,0.996173241514445,1.0,False,True,False,False,True,False,outside_inner_prior
Newton,0,test,2,1.3,0.3,,40,fitted_grid,fitted_prior,22,326022001,baseline,covariates_only66,uniform_white,1000,1000,39,0,961,961,0,1000,0.0,13.12,14.36,0.039,0.028658960904180485,0.052869310419501346,0.0,2.168404344971009e-19,0.0038267584855551234,0.961,0.9471306895804986,0.9713410390958196,1.0,0.996173241514445,1.0,False,True,False,False,True,False,fitted_family
Newton,0,test,2,1.3,0.3,,40,fitted_grid,fitted_prior,22,326022001,baseline,covariates_only66,clustered_correlated,1000,1000,40,1,959,958,1,998,0.0,13.111,14.364,0.04,0.02951097368545276,0.05400964412125796,0.001,0.00017654637062607809,0.0056425585979579355,0.959,0.9448520067923587,0.9696350289179017,0.998,0.9927371921365079,0.9994513564118793,False,True,False,False,True,False,fitted_family
Newton,0,test,2,1.3,0.3,,40,fitted_grid,fitted_prior,22,326022001,baseline,covariates_only66,sparse_floor,1000,1000,51,0,949,948,1,999,0.0,13.111,14.373,0.051,0.03900094277526684,0.06643548634476165,0.0,2.168404344971009e-19,0.0038267584855551234,0.949,0.9335645136552383,0.9609990572247332,0.999,0.9943574414020421,0.9998234536293739,False,True,False,False,True,False,fitted_family
Newton,0,test,2,1.3,0.3,,40,fitted_grid,fitted_prior,22,326022001,envelope,covariates_only66,uniform_white,1000,1000,31,0,969,969,0,1000,0.0,13.12,14.36,0.031,0.02192400344715857,0.04366549601229214,0.0,2.168404344971009e-19,0.0038267584855551234,0.969,0.9563345039877078,0.9780759965528414,1.0,0.996173241514445,1.0,False,True,False,False,True,False,fitted_family
Newton,0,test,2,1.3,0.3,,40,fitted_grid,fitted_prior,22,326022001,envelope,covariates_only66,clustered_correlated,1000,1000,31,0,969,968,1,999,0.0,13.111,14.364,0.031,0.02192400344715857,0.04366549601229214,0.0,2.168404344971009e-19,0.0038267584855551234,0.969,0.9563345039877078,0.9780759965528414,0.999,0.9943574414020421,0.9998234536293739,False,True,False,False,True,False,fitted_family
Newton,0,test,2,1.3,0.3,,40,fitted_grid,fitted_prior,22,326022001,envelope,covariates_only66,sparse_floor,1000,1000,21,0,979,978,1,999,0.0,13.111,14.373,0.021,0.013775739567924286,0.03189029506123752,0.0,2.168404344971009e-19,0.0038267584855551234,0.979,0.9681097049387625,0.9862242604320758,0.999,0.9943574414020421,0.9998234536293739,False,True,False,False,True,False,fitted_family
Newton,0,test,2,1.3,0.3,,80,fitted_grid,fitted_prior,23,326023001,baseline,covariates_only66,uniform_white,1000,1000,30,0,970,970,0,1000,0.0,13.173,14.482,0.03,0.0210937388288347,0.042503414147587126,0.0,2.168404344971009e-19,0.0038267584855551234,0.97,0.9574965858524128,0.9789062611711653,1.0,0.996173241514445,1.0,False,True,False,False,True,False,fitted_family
Newton,0,test,2,1.3,0.3,,80,fitted_grid,fitted_prior,23,326023001,baseline,covariates_only66,clustered_correlated,1000,1000,38,0,962,961,1,999,0.0,13.163,14.525,0.038,0.02780900450930263,0.05172692033135032,0.0,2.168404344971009e-19,0.0038267584855551234,0.962,0.9482730796686497,0.9721909954906974,0.999,0.9943574414020421,0.9998234536293739,False,True,False,False,True,False,fitted_family
Newton,0,test,2,1.3,0.3,,80,fitted_grid,fitted_prior,23,326023001,baseline,covariates_only66,sparse_floor,1000,1000,35,1,964,963,1,998,0.0,13.16,14.493,0.035,0.02527226301711295,0.04828662237445333,0.001,0.00017654637062607809,0.0056425585979579355,0.964,0.9505643395327921,0.9738844285926127,0.998,0.9927371921365079,0.9994513564118793,False,True,False,False,True,False,fitted_family
Newton,0,test,2,1.3,0.3,,80,fitted_grid,fitted_prior,23,326023001,envelope,covariates_only66,uniform_white,1000,1000,25,0,975,975,0,1000,0.0,13.173,14.482,0.025,0.016990131293434067,0.0366452892678433,0.0,2.168404344971009e-19,0.0038267584855551234,0.975,0.9633547107321566,0.9830098687065659,1.0,0.996173241514445,1.0,False,True,False,False,True,False,fitted_family
Newton,0,test,2,1.3,0.3,,80,fitted_grid,fitted_prior,23,326023001,envelope,covariates_only66,clustered_correlated,1000,1000,26,0,974,974,0,1000,0.0,13.163,14.525,0.026,0.017803938201616326,0.03782382884268993,0.0,2.168404344971009e-19,0.0038267584855551234,0.974,0.9621761711573101,0.9821960617983837,1.0,0.996173241514445,1.0,False,True,False,False,True,False,fitted_family
Newton,0,test,2,1.3,0.3,,80,fitted_grid,fitted_prior,23,326023001,envelope,covariates_only66,sparse_floor,1000,1000,14,1,985,984,1,998,0.0,13.16,14.493,0.014,0.00835757513042392,0.02336203411753566,0.001,0.00017654637062607809,0.0056425585979579355,0.985,0.9753990230730932,0.9908890211959184,0.998,0.9927371921365079,0.9994513564118793,False,True,False,False,True,False,fitted_family
Newton,0,test,2,1.3,0.3,,60,fitted_grid,outside_inner_prior,24,326024001,baseline,covariates_only66,uniform_white,1000,1000,40,0,960,957,3,997,0.0,13.134,14.5,0.04,0.02951097368545276,0.05400964412125796,0.0,2.168404344971009e-19,0.0038267584855551234,0.96,0.945990355878742,0.9704890263145473,0.997,0.9912169859464969,0.9989792161188614,False,True,False,False,True,False,outside_inner_prior
Newton,0,test,2,1.3,0.3,,60,fitted_grid,outside_inner_prior,24,326024001,baseline,covariates_only66,clustered_correlated,1000,1000,55,0,945,945,0,1000,0.0,13.155,14.477,0.055,0.04249742737476844,0.07090838767737563,0.0,2.168404344971009e-19,0.0038267584855551234,0.945,0.9290916123226243,0.9575025726252315,1.0,0.996173241514445,1.0,False,True,False,False,True,False,outside_inner_prior
Newton,0,test,2,1.3,0.3,,60,fitted_grid,outside_inner_prior,24,326024001,baseline,covariates_only66,sparse_floor,1000,1000,44,0,956,955,1,999,0.0,13.126,14.451,0.044,0.0329382145884185,0.058551789150407776,0.0,2.168404344971009e-19,0.0038267584855551234,0.956,0.9414482108495923,0.9670617854115815,0.999,0.9943574414020421,0.9998234536293739,False,True,False,False,True,False,outside_inner_prior
Newton,0,test,2,1.3,0.3,,60,fitted_grid,outside_inner_prior,24,326024001,envelope,covariates_only66,uniform_white,1000,1000,33,0,967,964,3,997,0.0,13.134,14.5,0.033,0.023592927958426907,0.04598126446708159,0.0,2.168404344971009e-19,0.0038267584855551234,0.967,0.9540187355329184,0.9764070720415732,0.997,0.9912169859464969,0.9989792161188614,False,True,False,False,True,False,outside_inner_prior
Newton,0,test,2,1.3,0.3,,60,fitted_grid,outside_inner_prior,24,326024001,envelope,covariates_only66,clustered_correlated,1000,1000,40,0,960,960,0,1000,0.0,13.155,14.477,0.04,0.02951097368545276,0.05400964412125796,0.0,2.168404344971009e-19,0.0038267584855551234,0.96,0.945990355878742,0.9704890263145473,1.0,0.996173241514445,1.0,False,True,False,False,True,False,outside_inner_prior
Newton,0,test,2,1.3,0.3,,60,fitted_grid,outside_inner_prior,24,326024001,envelope,covariates_only66,sparse_floor,1000,1000,19,0,981,980,1,999,0.0,13.126,14.451,0.019,0.012196885750790904,0.02948445591231312,0.0,2.168404344971009e-19,0.0038267584855551234,0.981,0.9705155440876868,0.9878031142492091,0.999,0.9943574414020421,0.9998234536293739,False,True,False,False,True,False,outside_inner_prior
Newton,0,test,2,1.3,0.3,,160,fitted_grid,outside_inner_prior,25,326025001,baseline,full66,sparse_floor,1000,1000,987,0,13,0,13,987,0.000358,1.055,1.155,0.987,0.9778855576244203,0.9923871796106489,0.0,2.168404344971009e-19,0.0038267584855551234,0.013,0.0076128203893510256,0.022114442375579666,0.987,0.9778855576244203,0.9923871796106489,True,False,False,True,False,False,outside_inner_prior
Newton,0,test,2,1.3,0.3,,160,fitted_grid,outside_inner_prior,25,326025001,baseline,covariates_only66,uniform_white,1000,1000,29,1,970,970,0,999,0.0,13.155,14.514,0.029,0.02026644815669875,0.04133835833669418,0.001,0.00017654637062607809,0.0056425585979579355,0.97,0.9574965858524128,0.9789062611711653,0.999,0.9943574414020421,0.9998234536293739,False,True,False,False,True,False,outside_inner_prior
Newton,0,test,2,1.3,0.3,,160,fitted_grid,outside_inner_prior,25,326025001,baseline,covariates_only66,clustered_correlated,1000,1000,29,0,971,970,1,999,0.0,13.148,14.502,0.029,0.02026644815669875,0.04133835833669418,0.0,2.168404344971009e-19,0.0038267584855551234,0.971,0.9586616416633058,0.9797335518433012,0.999,0.9943574414020421,0.9998234536293739,False,True,False,False,True,False,outside_inner_prior
Newton,0,test,2,1.3,0.3,,160,fitted_grid,outside_inner_prior,25,326025001,baseline,covariates_only66,sparse_floor,1000,1000,35,1,964,964,0,999,0.0,13.147,14.549,0.035,0.02527226301711295,0.04828662237445333,0.001,0.00017654637062607809,0.0056425585979579355,0.964,0.9505643395327921,0.9738844285926127,0.999,0.9943574414020421,0.9998234536293739,False,True,False,False,True,False,outside_inner_prior
Newton,0,test,2,1.3,0.3,,160,fitted_grid,outside_inner_prior,25,326025001,envelope,covariates_only66,uniform_white,1000,1000,24,0,976,976,0,1000,0.0,13.155,14.514,0.024,0.016180168466636995,0.03546290561161149,0.0,2.168404344971009e-19,0.0038267584855551234,0.976,0.9645370943883885,0.9838198315333629,1.0,0.996173241514445,1.0,False,True,False,False,True,False,outside_inner_prior
Newton,0,test,2,1.3,0.3,,160,fitted_grid,outside_inner_prior,25,326025001,envelope,covariates_only66,clustered_correlated,1000,1000,24,0,976,975,1,999,0.0,13.148,14.502,0.024,0.016180168466636995,0.03546290561161149,0.0,2.168404344971009e-19,0.0038267584855551234,0.976,0.9645370943883885,0.9838198315333629,0.999,0.9943574414020421,0.9998234536293739,False,True,False,False,True,False,outside_inner_prior
Newton,0,test,2,1.3,0.3,,160,fitted_grid,outside_inner_prior,25,326025001,envelope,covariates_only66,sparse_floor,1000,1000,15,0,985,985,0,1000,0.0,13.147,14.549,0.015,0.009110978804081668,0.024600976926906798,0.0,2.168404344971009e-19,0.0038267584855551234,0.985,0.9753990230730932,0.9908890211959184,1.0,0.996173241514445,1.0,False,True,False,False,True,False,outside_inner_prior
Newton,0,test,2,1.6,0.0,,,fitted_grid,pure,26,326026001,baseline,covariates_only66,uniform_white,1000,1000,576,0,424,423,1,999,0.0,13.01,12.409,0.576,0.545136779327173,0.6062815533830225,0.0,2.168404344971009e-19,0.0038267584855551234,0.424,0.3937184466169774,0.4548632206728269,0.999,0.9943574414020421,0.9998234536293739,False,True,False,False,True,False,fitted_family
Newton,0,test,2,1.6,0.0,,,fitted_grid,pure,26,326026001,baseline,covariates_only66,clustered_correlated,1000,1000,592,0,408,408,0,1000,0.0,13.019,12.503,0.592,0.5612435983142355,0.6220522781244223,0.0,2.168404344971009e-19,0.0038267584855551234,0.408,0.3779477218755777,0.43875640168576435,1.0,0.996173241514445,1.0,False,True,False,False,True,False,fitted_family
Newton,0,test,2,1.6,0.0,,,fitted_grid,pure,26,326026001,baseline,covariates_only66,sparse_floor,1000,1000,580,0,420,418,2,998,0.0,13.012,12.482,0.58,0.5491604008010915,0.6102273178412196,0.0,2.168404344971009e-19,0.0038267584855551234,0.42,0.3897726821587803,0.4508395991989084,0.998,0.9927371921365079,0.9994513564118793,False,True,False,False,True,False,fitted_family
Newton,0,test,2,1.6,0.0,,,fitted_grid,pure,26,326026001,envelope,covariates_only66,uniform_white,1000,1000,558,0,442,441,1,999,0.0,13.01,12.409,0.558,0.5270556511526086,0.5885004448630671,0.0,2.168404344971009e-19,0.0038267584855551234,0.442,0.411499555136933,0.4729443488473914,0.999,0.9943574414020421,0.9998234536293739,False,True,False,False,True,False,fitted_family
Newton,0,test,2,1.6,0.0,,,fitted_grid,pure,26,326026001,envelope,covariates_only66,clustered_correlated,1000,1000,572,0,428,428,0,1000,0.0,13.019,12.503,0.572,0.5411151999524977,0.6023337468255823,0.0,2.168404344971009e-19,0.0038267584855551234,0.428,0.3976662531744177,0.4588848000475022,1.0,0.996173241514445,1.0,False,True,False,False,True,False,fitted_family
Newton,0,test,2,1.6,0.0,,,fitted_grid,pure,26,326026001,envelope,covariates_only66,sparse_floor,1000,1000,480,0,520,518,2,998,0.0,13.012,12.482,0.48,0.44917079499694124,0.510982275342481,0.0,2.168404344971009e-19,0.0038267584855551234,0.52,0.4890177246575191,0.5508292050030589,0.998,0.9927371921365079,0.9994513564118793,False,True,False,False,True,False,fitted_family
Newton,0,test,2,1.6,0.075,,40,fitted_grid,fitted_prior,27,326027001,baseline,covariates_only66,uniform_white,1000,1000,581,1,418,417,1,998,0.0,13.042,12.405,0.581,0.5501666261541897,0.6112134389711504,0.001,0.00017654637062607809,0.0056425585979579355,0.418,0.3878005681433438,0.4488270202482872,0.998,0.9927371921365079,0.9994513564118793,False,True,False,False,True,False,fitted_family
Newton,0,test,2,1.6,0.075,,40,fitted_grid,fitted_prior,27,326027001,baseline,covariates_only66,clustered_correlated,1000,1000,593,1,406,406,0,999,0.0,13.039,12.503,0.593,0.5622513714741374,0.6230368514475494,0.001,0.00017654637062607809,0.0056425585979579355,0.406,0.37597870513494724,0.43674072546033715,0.999,0.9943574414020421,0.9998234536293739,False,True,False,False,True,False,fitted_family
Newton,0,test,2,1.6,0.075,,40,fitted_grid,fitted_prior,27,326027001,baseline,covariates_only66,sparse_floor,1000,1000,582,1,417,415,2,997,0.0,13.05,12.478,0.582,0.5511729797517128,0.612199431856656,0.001,0.00017654637062607809,0.0056425585979579355,0.417,0.38681470363066783,0.4478205382779342,0.997,0.9912169859464969,0.9989792161188614,False,True,False,False,True,False,fitted_family
Newton,0,test,2,1.6,0.075,,40,fitted_grid,fitted_prior,27,326027001,envelope,covariates_only66,uniform_white,1000,1000,557,1,442,442,0,999,0.0,13.042,12.405,0.557,0.5260523439907523,0.5875114055418946,0.001,0.00017654637062607809,0.0056425585979579355,0.442,0.411499555136933,0.4729443488473914,0.999,0.9943574414020421,0.9998234536293739,False,True,False,False,True,False,fitted_family
Newton,0,test,2,1.6,0.075,,40,fitted_grid,fitted_prior,27,326027001,envelope,covariates_only66,clustered_correlated,1000,1000,567,0,433,433,0,1000,0.0,13.039,12.503,0.567,0.5360910862439573,0.5973961281189782,0.0,2.168404344971009e-19,0.0038267584855551234,0.433,0.4026038718810217,0.46390891375604265,1.0,0.996173241514445,1.0,False,True,False,False,True,False,fitted_family
Newton,0,test,2,1.6,0.075,,40,fitted_grid,fitted_prior,27,326027001,envelope,covariates_only66,sparse_floor,1000,1000,466,1,533,531,2,997,0.0,13.05,12.478,0.466,0.43527102980973204,0.49698918976728573,0.001,0.00017654637062607809,0.0056425585979579355,0.533,0.5020104989134991,0.5637369350264544,0.997,0.9912169859464969,0.9989792161188614,False,True,False,False,True,False,fitted_family
Newton,0,test,2,1.6,0.075,,80,fitted_grid,fitted_prior,28,326028001,baseline,covariates_only66,uniform_white,1000,1000,569,0,431,430,1,999,0.0,13.021,12.424,0.569,0.5381003510964657,0.5993715562325277,0.0,2.168404344971009e-19,0.0038267584855551234,0.431,0.40062844376747236,0.46189964890353424,0.999,0.9943574414020421,0.9998234536293739,False,True,False,False,True,False,fitted_family
Newton,0,test,2,1.6,0.075,,80,fitted_grid,fitted_prior,28,326028001,baseline,covariates_only66,clustered_correlated,1000,1000,578,0,422,422,0,1000,0.0,13.02,12.5,0.578,0.5471483343234702,0.6082546913527831,0.0,2.168404344971009e-19,0.0038267584855551234,0.422,0.3917453086472168,0.4528516656765298,1.0,0.996173241514445,1.0,False,True,False,False,True,False,fitted_family
Newton,0,test,2,1.6,0.075,,80,fitted_grid,fitted_prior,28,326028001,baseline,covariates_only66,sparse_floor,1000,1000,575,0,425,422,3,997,0.0,13.019,12.465,0.575,0.5441311933323346,0.6052947928948321,0.0,2.168404344971009e-19,0.0038267584855551234,0.425,0.39470520710516793,0.4558688066676653,0.997,0.9912169859464969,0.9989792161188614,False,True,False,False,True,False,fitted_family
Newton,0,test,2,1.6,0.075,,80,fitted_grid,fitted_prior,28,326028001,envelope,covariates_only66,uniform_white,1000,1000,548,0,452,452,0,1000,0.0,13.021,12.424,0.548,0.5170282252037207,0.5786044059816661,0.0,2.168404344971009e-19,0.0038267584855551234,0.452,0.42139559401833404,0.4829717747962793,1.0,0.996173241514445,1.0,False,True,False,False,True,False,fitted_family
Newton,0,test,2,1.6,0.075,,80,fitted_grid,fitted_prior,28,326028001,envelope,covariates_only66,clustered_correlated,1000,1000,556,0,444,444,0,1000,0.0,13.02,12.5,0.556,0.5250491625099077,0.5865222405397102,0.0,2.168404344971009e-19,0.0038267584855551234,0.444,0.4134777594602898,0.4749508374900924,1.0,0.996173241514445,1.0,False,True,False,False,True,False,fitted_family
Newton,0,test,2,1.6,0.075,,80,fitted_grid,fitted_prior,28,326028001,envelope,covariates_only66,sparse_floor,1000,1000,466,0,534,532,2,998,0.0,13.019,12.465,0.466,0.43527102980973204,0.49698918976728573,0.0,2.168404344971009e-19,0.0038267584855551234,0.534,0.5030108102327143,0.5647289701902679,0.998,0.9927371921365079,0.9994513564118793,False,True,False,False,True,False,fitted_family
Newton,0,test,2,1.6,0.075,,60,fitted_grid,outside_inner_prior,29,326029001,baseline,covariates_only66,uniform_white,1000,1000,576,0,424,424,0,1000,0.0,12.986,12.43,0.576,0.545136779327173,0.6062815533830225,0.0,2.168404344971009e-19,0.0038267584855551234,0.424,0.3937184466169774,0.4548632206728269,1.0,0.996173241514445,1.0,False,True,False,False,True,False,outside_inner_prior
Newton,0,test,2,1.6,0.075,,60,fitted_grid,outside_inner_prior,29,326029001,baseline,covariates_only66,clustered_correlated,1000,1000,585,0,415,414,1,999,0.0,12.992,12.51,0.585,0.5541928113038582,0.6151566397535974,0.0,2.168404344971009e-19,0.0038267584855551234,0.415,0.3848433602464026,0.4458071886961417,0.999,0.9943574414020421,0.9998234536293739,False,True,False,False,True,False,outside_inner_prior
Newton,0,test,2,1.6,0.075,,60,fitted_grid,outside_inner_prior,29,326029001,baseline,covariates_only66,sparse_floor,1000,1000,570,0,430,430,0,1000,0.0,12.987,12.492,0.57,0.539105173730678,0.6003590800813441,0.0,2.168404344971009e-19,0.0038267584855551234,0.43,0.3996409199186558,0.4608948262693219,1.0,0.996173241514445,1.0,False,True,False,False,True,False,outside_inner_prior
Newton,0,test,2,1.6,0.075,,60,fitted_grid,outside_inner_prior,29,326029001,envelope,covariates_only66,uniform_white,1000,1000,559,0,441,441,0,1000,0.0,12.986,12.43,0.559,0.5280590840830492,0.5894893584156553,0.0,2.168404344971009e-19,0.0038267584855551234,0.441,0.4105106415843448,0.47194091591695075,1.0,0.996173241514445,1.0,False,True,False,False,True,False,outside_inner_prior
Newton,0,test,2,1.6,0.075,,60,fitted_grid,outside_inner_prior,29,326029001,envelope,covariates_only66,clustered_correlated,1000,1000,567,0,433,432,1,999,0.0,12.992,12.51,0.567,0.5360910862439573,0.5973961281189782,0.0,2.168404344971009e-19,0.0038267584855551234,0.433,0.4026038718810217,0.46390891375604265,0.999,0.9943574414020421,0.9998234536293739,False,True,False,False,True,False,outside_inner_prior
Newton,0,test,2,1.6,0.075,,60,fitted_grid,outside_inner_prior,29,326029001,envelope,covariates_only66,sparse_floor,1000,1000,475,0,525,525,0,1000,0.0,12.987,12.492,0.475,0.44420380838551404,0.5059875295387637,0.0,2.168404344971009e-19,0.0038267584855551234,0.525,0.49401247046123636,0.555796191614486,1.0,0.996173241514445,1.0,False,True,False,False,True,False,outside_inner_prior
Newton,0,test,2,1.6,0.075,,160,fitted_grid,outside_inner_prior,30,326030001,baseline,covariates_only66,uniform_white,1000,1000,519,0,481,480,1,999,0.0,13.035,12.489,0.519,0.48801914625314236,0.5498354369244066,0.0,2.168404344971009e-19,0.0038267584855551234,0.481,0.4501645630755934,0.5119808537468576,0.999,0.9943574414020421,0.9998234536293739,False,True,False,False,True,False,outside_inner_prior
Newton,0,test,2,1.6,0.075,,160,fitted_grid,outside_inner_prior,30,326030001,baseline,covariates_only66,clustered_correlated,1000,1000,537,0,463,462,1,999,0.0,13.035,12.576,0.537,0.5060124890263216,0.5677043308457475,0.0,2.168404344971009e-19,0.0038267584855551234,0.463,0.43229566915425255,0.49398751097367855,0.999,0.9943574414020421,0.9998234536293739,False,True,False,False,True,False,outside_inner_prior
Newton,0,test,2,1.6,0.075,,160,fitted_grid,outside_inner_prior,30,326030001,baseline,covariates_only66,sparse_floor,1000,1000,519,0,481,479,2,998,0.0,13.04,12.548,0.519,0.48801914625314236,0.5498354369244066,0.0,2.168404344971009e-19,0.0038267584855551234,0.481,0.4501645630755934,0.5119808537468576,0.998,0.9927371921365079,0.9994513564118793,False,True,False,False,True,False,outside_inner_prior
Newton,0,test,2,1.6,0.075,,160,fitted_grid,outside_inner_prior,30,326030001,envelope,covariates_only66,uniform_white,1000,1000,503,0,497,496,1,999,0.0,13.035,12.489,0.503,0.4720586747142764,0.5339183647348104,0.0,2.168404344971009e-19,0.0038267584855551234,0.497,0.4660816352651897,0.5279413252857236,0.999,0.9943574414020421,0.9998234536293739,False,True,False,False,True,False,outside_inner_prior
Newton,0,test,2,1.6,0.075,,160,fitted_grid,outside_inner_prior,30,326030001,envelope,covariates_only66,clustered_correlated,1000,1000,513,0,487,487,0,1000,0.0,13.035,12.576,0.513,0.48203026873001686,0.5438702355493588,0.0,2.168404344971009e-19,0.0038267584855551234,0.487,0.45612976445064124,0.5179697312699831,1.0,0.996173241514445,1.0,False,True,False,False,True,False,outside_inner_prior
Newton,0,test,2,1.6,0.075,,160,fitted_grid,outside_inner_prior,30,326030001,envelope,covariates_only66,sparse_floor,1000,1000,412,0,588,586,2,998,0.0,13.04,12.548,0.412,0.3818873112799578,0.44278619821349985,0.0,2.168404344971009e-19,0.0038267584855551234,0.588,0.5572138017865,0.6181126887200421,0.998,0.9927371921365079,0.9994513564118793,False,True,False,False,True,False,outside_inner_prior
Newton,0,test,2,1.6,0.225,,40,fitted_grid,fitted_prior,31,326031001,baseline,covariates_only66,uniform_white,1000,1000,514,0,486,485,1,999,0.0,13.0,12.436,0.514,0.48302810642681226,0.5448647443355923,0.0,2.168404344971009e-19,0.0038267584855551234,0.486,0.45513525566440777,0.5169718935731877,0.999,0.9943574414020421,0.9998234536293739,False,True,False,False,True,False,fitted_family
Newton,0,test,2,1.6,0.225,,40,fitted_grid,fitted_prior,31,326031001,baseline,covariates_only66,clustered_correlated,1000,1000,517,0,483,482,1,999,0.0,12.998,12.504,0.517,0.48602235996108767,0.5478475302504034,0.0,2.168404344971009e-19,0.0038267584855551234,0.483,0.45215246974959655,0.5139776400389123,0.999,0.9943574414020421,0.9998234536293739,False,True,False,False,True,False,fitted_family
Newton,0,test,2,1.6,0.225,,40,fitted_grid,fitted_prior,31,326031001,baseline,covariates_only66,sparse_floor,1000,1000,541,0,459,459,0,1000,0.0,13.01,12.529,0.541,0.5100164673887266,0.5716697384154579,0.0,2.168404344971009e-19,0.0038267584855551234,0.459,0.4283302615845422,0.4899835326112734,1.0,0.996173241514445,1.0,False,True,False,False,True,False,fitted_family
Newton,0,test,2,1.6,0.225,,40,fitted_grid,fitted_prior,31,326031001,envelope,covariates_only66,uniform_white,1000,1000,500,0,500,500,0,1000,0.0,13.0,12.436,0.5,0.4690696003681042,0.5309303996318958,0.0,2.168404344971009e-19,0.0038267584855551234,0.5,0.4690696003681042,0.5309303996318958,1.0,0.996173241514445,1.0,False,True,False,False,True,False,fitted_family
Newton,0,test,2,1.6,0.225,,40,fitted_grid,fitted_prior,31,326031001,envelope,covariates_only66,clustered_correlated,1000,1000,494,0,506,506,0,1000,0.0,12.998,12.504,0.494,0.4630947794652077,0.5249511416366189,0.0,2.168404344971009e-19,0.0038267584855551234,0.506,0.47504885836338107,0.5369052205347923,1.0,0.996173241514445,1.0,False,True,False,False,True,False,fitted_family
Newton,0,test,2,1.6,0.225,,40,fitted_grid,fitted_prior,31,326031001,envelope,covariates_only66,sparse_floor,1000,1000,433,0,567,567,0,1000,0.0,13.01,12.529,0.433,0.4026038718810217,0.46390891375604265,0.0,2.168404344971009e-19,0.0038267584855551234,0.567,0.5360910862439573,0.5973961281189782,1.0,0.996173241514445,1.0,False,True,False,False,True,False,fitted_family
Newton,0,test,2,1.6,0.225,,80,fitted_grid,fitted_prior,32,326032001,baseline,covariates_only66,uniform_white,1000,1000,469,0,531,531,0,1000,0.0,13.013,12.462,0.469,0.438247507417386,0.49998975160871834,0.0,2.168404344971009e-19,0.0038267584855551234,0.531,0.5000102483912816,0.5617524925826141,1.0,0.996173241514445,1.0,False,True,False,False,True,False,fitted_family
Newton,0,test,2,1.6,0.225,,80,fitted_grid,fitted_prior,32,326032001,baseline,covariates_only66,clustered_correlated,1000,1000,482,0,518,518,0,1000,0.0,13.01,12.545,0.482,0.4511584546689284,0.5129793086365515,0.0,2.168404344971009e-19,0.0038267584855551234,0.518,0.48702069136344844,0.5488415453310715,1.0,0.996173241514445,1.0,False,True,False,False,True,False,fitted_family
Newton,0,test,2,1.6,0.225,,80,fitted_grid,fitted_prior,32,326032001,baseline,covariates_only66,sparse_floor,1000,1000,480,0,520,518,2,998,0.0,13.013,12.513,0.48,0.44917079499694124,0.510982275342481,0.0,2.168404344971009e-19,0.0038267584855551234,0.52,0.4890177246575191,0.5508292050030589,0.998,0.9927371921365079,0.9994513564118793,False,True,False,False,True,False,fitted_family
Newton,0,test,2,1.6,0.225,,80,fitted_grid,fitted_prior,32,326032001,envelope,covariates_only66,uniform_white,1000,1000,453,0,547,547,0,1000,0.0,13.013,12.462,0.453,0.42238588647477426,0.483973828822868,0.0,2.168404344971009e-19,0.0038267584855551234,0.547,0.5160261711771321,0.5776141135252257,1.0,0.996173241514445,1.0,False,True,False,False,True,False,fitted_family
Newton,0,test,2,1.6,0.225,,80,fitted_grid,fitted_prior,32,326032001,envelope,covariates_only66,clustered_correlated,1000,1000,464,0,536,536,0,1000,0.0,13.01,12.545,0.464,0.43328733184788387,0.49498819476307615,0.0,2.168404344971009e-19,0.0038267584855551234,0.536,0.5050118052369239,0.5667126681521162,1.0,0.996173241514445,1.0,False,True,False,False,True,False,fitted_family
Newton,0,test,2,1.6,0.225,,80,fitted_grid,fitted_prior,32,326032001,envelope,covariates_only66,sparse_floor,1000,1000,402,0,598,597,1,999,0.0,13.013,12.513,0.402,0.3720422335603109,0.4327078111028579,0.0,2.168404344971009e-19,0.0038267584855551234,0.598,0.5672921888971421,0.6279577664396891,0.999,0.9943574414020421,0.9998234536293739,False,True,False,False,True,False,fitted_family
Newton,0,test,2,1.6,0.225,,60,fitted_grid,outside_inner_prior,33,326033001,baseline,covariates_only66,uniform_white,1000,1000,459,0,541,541,0,1000,0.0,13.011,12.551,0.459,0.4283302615845422,0.4899835326112734,0.0,2.168404344971009e-19,0.0038267584855551234,0.541,0.5100164673887266,0.5716697384154579,1.0,0.996173241514445,1.0,False,True,False,False,True,False,outside_inner_prior
Newton,0,test,2,1.6,0.225,,60,fitted_grid,outside_inner_prior,33,326033001,baseline,covariates_only66,clustered_correlated,1000,1000,461,0,539,537,2,998,0.0,13.013,12.617,0.461,0.4303127166140634,0.49198577054780995,0.0,2.168404344971009e-19,0.0038267584855551234,0.539,0.5080142294521902,0.5696872833859367,0.998,0.9927371921365079,0.9994513564118793,False,True,False,False,True,False,outside_inner_prior
Newton,0,test,2,1.6,0.225,,60,fitted_grid,outside_inner_prior,33,326033001,baseline,covariates_only66,sparse_floor,1000,1000,469,1,530,530,0,999,0.0,13.009,12.603,0.469,0.438247507417386,0.49998975160871834,0.001,0.00017654637062607809,0.0056425585979579355,0.53,0.49901030909301675,0.56076008539785,0.999,0.9943574414020421,0.9998234536293739,False,True,False,False,True,False,outside_inner_prior
Newton,0,test,2,1.6,0.225,,60,fitted_grid,outside_inner_prior,33,326033001,envelope,covariates_only66,uniform_white,1000,1000,439,0,561,561,0,1000,0.0,13.011,12.551,0.439,0.4085331921433528,0.4699336723918849,0.0,2.168404344971009e-19,0.0038267584855551234,0.561,0.5300663276081151,0.5914668078566473,1.0,0.996173241514445,1.0,False,True,False,False,True,False,outside_inner_prior
Newton,0,test,2,1.6,0.225,,60,fitted_grid,outside_inner_prior,33,326033001,envelope,covariates_only66,clustered_correlated,1000,1000,441,0,559,557,2,998,0.0,13.013,12.617,0.441,0.4105106415843448,0.47194091591695075,0.0,2.168404344971009e-19,0.0038267584855551234,0.559,0.5280590840830492,0.5894893584156553,0.998,0.9927371921365079,0.9994513564118793,False,True,False,False,True,False,outside_inner_prior
Newton,0,test,2,1.6,0.225,,60,fitted_grid,outside_inner_prior,33,326033001,envelope,covariates_only66,sparse_floor,1000,1000,372,0,628,628,0,1000,0.0,13.009,12.603,0.372,0.34258611396233785,0.4023935362099642,0.0,2.168404344971009e-19,0.0038267584855551234,0.628,0.5976064637900358,0.6574138860376622,1.0,0.996173241514445,1.0,False,True,False,False,True,False,outside_inner_prior
Newton,0,test,2,1.6,0.225,,160,fitted_grid,outside_inner_prior,34,326034001,baseline,covariates_only66,uniform_white,1000,1000,494,0,506,502,4,996,0.0,13.025,12.513,0.494,0.4630947794652077,0.5249511416366189,0.0,2.168404344971009e-19,0.0038267584855551234,0.506,0.47504885836338107,0.5369052205347923,0.996,0.9897604437227377,0.9984434118595916,False,True,False,False,False,False,outside_inner_prior
Newton,0,test,2,1.6,0.225,,160,fitted_grid,outside_inner_prior,34,326034001,baseline,covariates_only66,clustered_correlated,1000,1000,517,0,483,480,3,997,0.0,13.024,12.598,0.517,0.48602235996108767,0.5478475302504034,0.0,2.168404344971009e-19,0.0038267584855551234,0.483,0.45215246974959655,0.5139776400389123,0.997,0.9912169859464969,0.9989792161188614,False,True,False,False,True,False,outside_inner_prior
Newton,0,test,2,1.6,0.225,,160,fitted_grid,outside_inner_prior,34,326034001,baseline,covariates_only66,sparse_floor,1000,1000,492,0,508,504,4,996,0.0,13.023,12.549,0.492,0.4611041586281342,0.5229570695076347,0.0,2.168404344971009e-19,0.0038267584855551234,0.508,0.47704293049236535,0.5388958413718659,0.996,0.9897604437227377,0.9984434118595916,False,True,False,False,False,False,outside_inner_prior
Newton,0,test,2,1.6,0.225,,160,fitted_grid,outside_inner_prior,34,326034001,envelope,covariates_only66,uniform_white,1000,1000,469,0,531,527,4,996,0.0,13.025,12.513,0.469,0.438247507417386,0.49998975160871834,0.0,2.168404344971009e-19,0.0038267584855551234,0.531,0.5000102483912816,0.5617524925826141,0.996,0.9897604437227377,0.9984434118595916,False,True,False,False,False,False,outside_inner_prior
Newton,0,test,2,1.6,0.225,,160,fitted_grid,outside_inner_prior,34,326034001,envelope,covariates_only66,clustered_correlated,1000,1000,493,0,507,505,2,998,0.0,13.024,12.598,0.493,0.46209940740448396,0.5239541672143138,0.0,2.168404344971009e-19,0.0038267584855551234,0.507,0.47604583278568624,0.537900592595516,0.998,0.9927371921365079,0.9994513564118793,False,True,False,False,True,False,outside_inner_prior
Newton,0,test,2,1.6,0.225,,160,fitted_grid,outside_inner_prior,34,326034001,envelope,covariates_only66,sparse_floor,1000,1000,395,0,605,601,4,996,0.0,13.023,12.549,0.395,0.3651584457395731,0.4256451735423935,0.0,2.168404344971009e-19,0.0038267584855551234,0.605,0.5743548264576065,0.634841554260427,0.996,0.9897604437227377,0.9984434118595916,False,True,False,False,False,False,outside_inner_prior
Newton,0,test,2,1.6,0.3,,40,fitted_grid,fitted_prior,35,326035001,baseline,full34,uniform_white,1000,1000,977,3,20,10,10,987,0.000971,1.056,1.121,0.977,0.9657235493377733,0.9846257230670071,0.003,0.0010207838811386186,0.008783014053503173,0.02,0.012983682916415136,0.030690005229717786,0.987,0.9778855576244203,0.9923871796106489,True,False,False,True,False,False,fitted_family
Newton,0,test,2,1.6,0.3,,40,fitted_grid,fitted_prior,35,326035001,baseline,covariates_only66,uniform_white,1000,1000,538,0,462,462,0,1000,0.0,13.02,12.42,0.538,0.5070132970793998,0.5686958692756982,0.0,2.168404344971009e-19,0.0038267584855551234,0.462,0.43130413072430196,0.4929867029206003,1.0,0.996173241514445,1.0,False,True,False,False,True,False,fitted_family
Newton,0,test,2,1.6,0.3,,40,fitted_grid,fitted_prior,35,326035001,baseline,covariates_only66,clustered_correlated,1000,1000,547,0,453,453,0,1000,0.0,13.025,12.479,0.547,0.5160261711771321,0.5776141135252257,0.0,2.168404344971009e-19,0.0038267584855551234,0.453,0.42238588647477426,0.483973828822868,1.0,0.996173241514445,1.0,False,True,False,False,True,False,fitted_family
Newton,0,test,2,1.6,0.3,,40,fitted_grid,fitted_prior,35,326035001,baseline,covariates_only66,sparse_floor,1000,1000,555,0,445,445,0,1000,0.0,13.022,12.475,0.555,0.5240461066241248,0.5855329499424643,0.0,2.168404344971009e-19,0.0038267584855551234,0.445,0.41446705005753576,0.4759538933758753,1.0,0.996173241514445,1.0,False,True,False,False,True,False,fitted_family
Newton,0,test,2,1.6,0.3,,40,fitted_grid,fitted_prior,35,326035001,envelope,full34,uniform_white,1000,1000,977,2,21,12,9,989,0.000971,1.056,1.121,0.977,0.9657235493377733,0.9846257230670071,0.002,0.000548643588120728,0.007262807863492177,0.021,0.013775739567924286,0.03189029506123752,0.989,0.9804106042992137,0.9938468259019134,True,False,False,True,False,False,fitted_family
Newton,0,test,2,1.6,0.3,,40,fitted_grid,fitted_prior,35,326035001,envelope,covariates_only66,uniform_white,1000,1000,522,0,478,478,0,1000,0.0,13.02,12.42,0.522,0.4910152521271681,0.5528163704994674,0.0,2.168404344971009e-19,0.0038267584855551234,0.478,0.44718362950053253,0.5089847478728319,1.0,0.996173241514445,1.0,False,True,False,False,True,False,fitted_family
Newton,0,test,2,1.6,0.3,,40,fitted_grid,fitted_prior,35,326035001,envelope,covariates_only66,clustered_correlated,1000,1000,521,0,479,479,0,1000,0.0,13.025,12.479,0.521,0.49001642660541767,0.5518228495381892,0.0,2.168404344971009e-19,0.0038267584855551234,0.479,0.4481771504618109,0.5099835733945823,1.0,0.996173241514445,1.0,False,True,False,False,True,False,fitted_family
Newton,0,test,2,1.6,0.3,,40,fitted_grid,fitted_prior,35,326035001,envelope,covariates_only66,sparse_floor,1000,1000,468,0,532,532,0,1000,0.0,13.022,12.475,0.468,0.43725522419222734,0.4989896883508483,0.0,2.168404344971009e-19,0.0038267584855551234,0.532,0.5010103116491519,0.5627447758077727,1.0,0.996173241514445,1.0,False,True,False,False,True,False,fitted_family
Newton,0,test,2,1.6,0.3,,80,fitted_grid,fitted_prior,36,326036001,baseline,covariates_only66,uniform_white,1000,1000,450,0,550,550,0,1000,0.0,13.053,12.5,0.45,0.4194153840742968,0.4809672917742588,0.0,2.168404344971009e-19,0.0038267584855551234,0.55,0.5190327082257413,0.5805846159257033,1.0,0.996173241514445,1.0,False,True,False,False,True,False,fitted_family
Newton,0,test,2,1.6,0.3,,80,fitted_grid,fitted_prior,36,326036001,baseline,covariates_only66,clustered_correlated,1000,1000,467,0,533,532,1,999,0.0,13.058,12.594,0.467,0.4362630649735458,0.4979895010865009,0.0,2.168404344971009e-19,0.0038267584855551234,0.533,0.5020104989134991,0.5637369350264544,0.999,0.9943574414020421,0.9998234536293739,False,True,False,False,True,False,fitted_family
Newton,0,test,2,1.6,0.3,,80,fitted_grid,fitted_prior,36,326036001,baseline,covariates_only66,sparse_floor,1000,1000,455,1,544,542,2,997,0.0,13.061,12.553,0.455,0.42436684599858754,0.48597756226511246,0.001,0.00017654637062607809,0.0056425585979579355,0.544,0.5130207581807846,0.5746424870724867,0.997,0.9912169859464969,0.9989792161188614,False,True,False,False,True,False,fitted_family
Newton,0,test,2,1.6,0.3,,80,fitted_grid,fitted_prior,36,326036001,envelope,covariates_only66,uniform_white,1000,1000,429,0,571,571,0,1000,0.0,13.053,12.5,0.429,0.3986535230179055,0.45988987668704334,0.0,2.168404344971009e-19,0.0038267584855551234,0.571,0.5401101233129566,0.6013464769820944,1.0,0.996173241514445,1.0,False,True,False,False,True,False,fitted_family
Newton,0,test,2,1.6,0.3,,80,fitted_grid,fitted_prior,36,326036001,envelope,covariates_only66,clustered_correlated,1000,1000,447,0,553,553,0,1000,0.0,13.058,12.594,0.447,0.4164460077014887,0.4779596286979802,0.0,2.168404344971009e-19,0.0038267584855551234,0.553,0.5220403713020199,0.5835539922985113,1.0,0.996173241514445,1.0,False,True,False,False,True,False,fitted_family
Newton,0,test,2,1.6,0.3,,80,fitted_grid,fitted_prior,36,326036001,envelope,covariates_only66,sparse_floor,1000,1000,353,1,646,644,2,997,0.0,13.061,12.553,0.353,0.32399373843890167,0.3831313285558515,0.001,0.00017654637062607809,0.0056425585979579355,0.646,0.6158536169290485,0.6750289695931695,0.997,0.9912169859464969,0.9989792161188614,False,True,False,False,True,False,fitted_family
Newton,0,test,2,1.6,0.3,,60,fitted_grid,outside_inner_prior,37,326037001,baseline,covariates_only66,uniform_white,1000,1000,437,0,563,563,0,1000,0.0,13.068,12.603,0.437,0.40655624686835734,0.4679259247008226,0.0,2.168404344971009e-19,0.0038267584855551234,0.563,0.5320740752991774,0.5934437531316427,1.0,0.996173241514445,1.0,False,True,False,False,True,False,outside_inner_prior
Newton,0,test,2,1.6,0.3,,60,fitted_grid,outside_inner_prior,37,326037001,baseline,covariates_only66,clustered_correlated,1000,1000,442,0,558,558,0,1000,0.0,13.063,12.672,0.442,0.411499555136933,0.4729443488473914,0.0,2.168404344971009e-19,0.0038267584855551234,0.558,0.5270556511526086,0.5885004448630671,1.0,0.996173241514445,1.0,False,True,False,False,True,False,outside_inner_prior
Newton,0,test,2,1.6,0.3,,60,fitted_grid,outside_inner_prior,37,326037001,baseline,covariates_only66,sparse_floor,1000,1000,447,1,552,551,1,998,0.0,13.061,12.66,0.447,0.4164460077014887,0.4779596286979802,0.001,0.00017654637062607809,0.0056425585979579355,0.552,0.5210376917018592,0.5825643254156431,0.998,0.9927371921365079,0.9994513564118793,False,True,False,False,True,False,outside_inner_prior
Newton,0,test,2,1.6,0.3,,60,fitted_grid,outside_inner_prior,37,326037001,envelope,covariates_only66,uniform_white,1000,1000,413,0,587,587,0,1000,0.0,13.068,12.603,0.413,0.3828725319393248,0.44379332403716176,0.0,2.168404344971009e-19,0.0038267584855551234,0.587,0.5562066759628382,0.6171274680606752,1.0,0.996173241514445,1.0,False,True,False,False,True,False,outside_inner_prior
Newton,0,test,2,1.6,0.3,,60,fitted_grid,outside_inner_prior,37,326037001,envelope,covariates_only66,clustered_correlated,1000,1000,423,0,577,577,0,1000,0.0,13.063,12.672,0.423,0.3927318137578076,0.4538575070489678,0.0,2.168404344971009e-19,0.0038267584855551234,0.577,0.546142492951032,0.6072681862421924,1.0,0.996173241514445,1.0,False,True,False,False,True,False,outside_inner_prior
Newton,0,test,2,1.6,0.3,,60,fitted_grid,outside_inner_prior,37,326037001,envelope,covariates_only66,sparse_floor,1000,1000,332,0,668,667,1,999,0.0,13.061,12.66,0.332,0.30350363489239063,0.36178215595875596,0.0,2.168404344971009e-19,0.0038267584855551234,0.668,0.6382178440412442,0.6964963651076094,0.999,0.9943574414020421,0.9998234536293739,False,True,False,False,True,False,outside_inner_prior
Newton,0,test,2,1.6,0.3,,160,fitted_grid,outside_inner_prior,38,326038001,baseline,full34,uniform_white,1000,1000,970,3,27,18,9,988,0.000704,1.052,1.109,0.97,0.9574965858524128,0.9789062611711653,0.003,0.0010207838811386186,0.008783014053503173,0.027,0.018621382774294995,0.03899873075304015,0.988,0.9791427315245017,0.9931223521935965,True,False,False,True,False,False,outside_inner_prior
Newton,0,test,2,1.6,0.3,,160,fitted_grid,outside_inner_prior,38,326038001,baseline,covariates_only66,uniform_white,1000,1000,436,0,564,564,0,1000,0.0,13.043,12.592,0.436,0.4055679635294317,0.46692186155671933,0.0,2.168404344971009e-19,0.0038267584855551234,0.564,0.5330781384432806,0.5944320364705682,1.0,0.996173241514445,1.0,False,True,False,False,True,False,outside_inner_prior
Newton,0,test,2,1.6,0.3,,160,fitted_grid,outside_inner_prior,38,326038001,baseline,covariates_only66,clustered_correlated,1000,1000,448,0,552,551,1,999,0.0,13.044,12.674,0.448,0.41743567458435693,0.4789623082981408,0.0,2.168404344971009e-19,0.0038267584855551234,0.552,0.5210376917018592,0.5825643254156431,0.999,0.9943574414020421,0.9998234536293739,False,True,False,False,True,False,outside_inner_prior
Newton,0,test,2,1.6,0.3,,160,fitted_grid,outside_inner_prior,38,326038001,baseline,covariates_only66,sparse_floor,1000,1000,430,1,569,568,1,998,0.0,13.032,12.613,0.43,0.3996409199186558,0.4608948262693219,0.001,0.00017654637062607809,0.0056425585979579355,0.569,0.5381003510964657,0.5993715562325277,0.998,0.9927371921365079,0.9994513564118793,False,True,False,False,True,False,outside_inner_prior
Newton,0,test,2,1.6,0.3,,160,fitted_grid,outside_inner_prior,38,326038001,envelope,covariates_only66,uniform_white,1000,1000,418,0,582,582,0,1000,0.0,13.043,12.592,0.418,0.3878005681433438,0.4488270202482872,0.0,2.168404344971009e-19,0.0038267584855551234,0.582,0.5511729797517128,0.612199431856656,1.0,0.996173241514445,1.0,False,True,False,False,True,False,outside_inner_prior
Newton,0,test,2,1.6,0.3,,160,fitted_grid,outside_inner_prior,38,326038001,envelope,covariates_only66,clustered_correlated,1000,1000,429,0,571,570,1,999,0.0,13.044,12.674,0.429,0.3986535230179055,0.45988987668704334,0.0,2.168404344971009e-19,0.0038267584855551234,0.571,0.5401101233129566,0.6013464769820944,0.999,0.9943574414020421,0.9998234536293739,False,True,False,False,True,False,outside_inner_prior
Newton,0,test,2,1.6,0.3,,160,fitted_grid,outside_inner_prior,38,326038001,envelope,covariates_only66,sparse_floor,1000,1000,334,0,666,665,1,999,0.0,13.032,12.613,0.334,0.3054523188740042,0.36381816494320013,0.0,2.168404344971009e-19,0.0038267584855551234,0.666,0.6361818350568,0.6945476811259959,0.999,0.9943574414020421,0.9998234536293739,False,True,False,False,True,False,outside_inner_prior
Newton,0,test,2,1.15,0.0,,,outside_beta_grid,pure,39,326039001,baseline,covariates_only66,uniform_white,1000,1000,16,0,984,983,1,999,0.0,14.21,13.214,0.016,0.009872242002277388,0.02583206021173997,0.0,2.168404344971009e-19,0.0038267584855551234,0.984,0.97416793978826,0.9901277579977227,0.999,0.9943574414020421,0.9998234536293739,False,True,False,False,True,False,outside_beta_grid
Newton,0,test,2,1.15,0.0,,,outside_beta_grid,pure,39,326039001,baseline,covariates_only66,clustered_correlated,1000,1000,22,0,978,977,1,999,0.0,14.244,13.21,0.022,0.014572707764791058,0.03308567334739963,0.0,2.168404344971009e-19,0.0038267584855551234,0.978,0.9669143266526004,0.985427292235209,0.999,0.9943574414020421,0.9998234536293739,False,True,False,False,True,False,outside_beta_grid
Newton,0,test,2,1.15,0.0,,,outside_beta_grid,pure,39,326039001,baseline,covariates_only66,sparse_floor,1000,1000,17,0,983,981,2,998,0.0,14.15,13.236,0.017,0.010640689856816328,0.027055958840229925,0.0,2.168404344971009e-19,0.0038267584855551234,0.983,0.9729440411597701,0.9893593101431837,0.998,0.9927371921365079,0.9994513564118793,False,True,False,False,True,False,outside_beta_grid
Newton,0,test,2,1.15,0.0,,,outside_beta_grid,pure,39,326039001,envelope,covariates_only66,uniform_white,1000,1000,16,0,984,983,1,999,0.0,14.21,13.214,0.016,0.009872242002277388,0.02583206021173997,0.0,2.168404344971009e-19,0.0038267584855551234,0.984,0.97416793978826,0.9901277579977227,0.999,0.9943574414020421,0.9998234536293739,False,True,False,False,True,False,outside_beta_grid
Newton,0,test,2,1.15,0.0,,,outside_beta_grid,pure,39,326039001,envelope,covariates_only66,clustered_correlated,1000,1000,15,0,985,984,1,999,0.0,14.244,13.21,0.015,0.009110978804081668,0.024600976926906798,0.0,2.168404344971009e-19,0.0038267584855551234,0.985,0.9753990230730932,0.9908890211959184,0.999,0.9943574414020421,0.9998234536293739,False,True,False,False,True,False,outside_beta_grid
Newton,0,test,2,1.15,0.0,,,outside_beta_grid,pure,39,326039001,envelope,covariates_only66,sparse_floor,1000,1000,10,0,990,988,2,998,0.0,14.15,13.236,0.01,0.005440754445529249,0.018309468870314774,0.0,2.168404344971009e-19,0.0038267584855551234,0.99,0.9816905311296853,0.9945592455544707,0.998,0.9927371921365079,0.9994513564118793,False,True,False,False,True,False,outside_beta_grid
Newton,0,test,2,1.15,0.3,,60,outside_beta_grid,outside_inner_prior,40,326040001,baseline,covariates_only66,uniform_white,1000,1000,7,1,992,991,1,998,0.0,14.302,13.099,0.007,0.0033948684009907646,0.014378315465766588,0.001,0.00017654637062607809,0.0056425585979579355,0.992,0.9842936654690199,0.995940804181194,0.998,0.9927371921365079,0.9994513564118793,False,True,False,False,True,False,outside_beta_grid
Newton,0,test,2,1.15,0.3,,60,outside_beta_grid,outside_inner_prior,40,326040001,baseline,covariates_only66,clustered_correlated,1000,1000,7,1,992,991,1,998,0.0,14.335,13.092,0.007,0.0033948684009907646,0.014378315465766588,0.001,0.00017654637062607809,0.0056425585979579355,0.992,0.9842936654690199,0.995940804181194,0.998,0.9927371921365079,0.9994513564118793,False,True,False,False,True,False,outside_beta_grid
Newton,0,test,2,1.15,0.3,,60,outside_beta_grid,outside_inner_prior,40,326040001,baseline,covariates_only66,sparse_floor,1000,1000,10,3,987,985,2,995,0.0,14.286,13.109,0.01,0.005440754445529249,0.018309468870314774,0.003,0.0010207838811386186,0.008783014053503173,0.987,0.9778855576244203,0.9923871796106489,0.995,0.9883490446266249,0.9978624644726756,False,True,False,False,False,False,outside_beta_grid
Newton,0,test,2,1.15,0.3,,60,outside_beta_grid,outside_inner_prior,40,326040001,envelope,covariates_only66,uniform_white,1000,1000,5,0,995,994,1,999,0.0,14.302,13.099,0.005,0.0021375355273244596,0.011650955373375113,0.0,2.168404344971009e-19,0.0038267584855551234,0.995,0.9883490446266249,0.9978624644726756,0.999,0.9943574414020421,0.9998234536293739,False,True,False,False,True,False,outside_beta_grid
Newton,0,test,2,1.15,0.3,,60,outside_beta_grid,outside_inner_prior,40,326040001,envelope,covariates_only66,clustered_correlated,1000,1000,3,0,997,996,1,999,0.0,14.335,13.092,0.003,0.0010207838811386186,0.008783014053503173,0.0,2.168404344971009e-19,0.0038267584855551234,0.997,0.9912169859464969,0.9989792161188614,0.999,0.9943574414020421,0.9998234536293739,False,True,False,False,True,False,outside_beta_grid
Newton,0,test,2,1.15,0.3,,60,outside_beta_grid,outside_inner_prior,40,326040001,envelope,covariates_only66,sparse_floor,1000,1000,7,0,993,991,2,998,0.0,14.286,13.109,0.007,0.0033948684009907646,0.014378315465766588,0.0,2.168404344971009e-19,0.0038267584855551234,0.993,0.9856216845342334,0.9966051315990092,0.998,0.9927371921365079,0.9994513564118793,False,True,False,False,True,False,outside_beta_grid
Newton,0,test,2,1.15,0.3,,160,outside_beta_grid,outside_inner_prior,41,326041001,baseline,full66,uniform_white,1000,1000,985,2,13,2,11,987,0.00029299999999999997,1.176,1.206,0.985,0.9753990230730932,0.9908890211959184,0.002,0.000548643588120728,0.007262807863492177,0.013,0.0076128203893510256,0.022114442375579666,0.987,0.9778855576244203,0.9923871796106489,True,False,False,True,False,False,outside_beta_grid
Newton,0,test,2,1.15,0.3,,160,outside_beta_grid,outside_inner_prior,41,326041001,baseline,full66,sparse_floor,1000,1000,986,0,14,0,14,986,0.00034300000000000004,1.176,1.206,0.986,0.9766379658824644,0.9916424248695761,0.0,2.168404344971009e-19,0.0038267584855551234,0.014,0.00835757513042392,0.02336203411753566,0.986,0.9766379658824644,0.9916424248695761,True,False,False,True,False,False,outside_beta_grid
Newton,0,test,2,1.15,0.3,,160,outside_beta_grid,outside_inner_prior,41,326041001,baseline,covariates_only66,uniform_white,1000,1000,8,0,992,992,0,1000,0.0,14.213,13.231,0.008,0.004059195818806103,0.015706334530980144,0.0,2.168404344971009e-19,0.0038267584855551234,0.992,0.9842936654690199,0.995940804181194,1.0,0.996173241514445,1.0,False,True,False,False,True,False,outside_beta_grid
Newton,0,test,2,1.15,0.3,,160,outside_beta_grid,outside_inner_prior,41,326041001,baseline,covariates_only66,clustered_correlated,1000,1000,6,1,993,992,1,998,0.0,14.214,13.23,0.006,0.0027526691418763745,0.01302816824185209,0.001,0.00017654637062607809,0.0056425585979579355,0.993,0.9856216845342334,0.9966051315990092,0.998,0.9927371921365079,0.9994513564118793,False,True,False,False,True,False,outside_beta_grid
Newton,0,test,2,1.15,0.3,,160,outside_beta_grid,outside_inner_prior,41,326041001,baseline,covariates_only66,sparse_floor,1000,1000,6,3,991,989,2,995,0.0,14.191,13.217,0.006,0.0027526691418763745,0.01302816824185209,0.003,0.0010207838811386186,0.008783014053503173,0.991,0.982984183834662,0.9952579393325229,0.995,0.9883490446266249,0.9978624644726756,False,True,False,False,False,False,outside_beta_grid
Newton,0,test,2,1.15,0.3,,160,outside_beta_grid,outside_inner_prior,41,326041001,envelope,covariates_only66,uniform_white,1000,1000,6,0,994,994,0,1000,0.0,14.213,13.231,0.006,0.0027526691418763745,0.01302816824185209,0.0,2.168404344971009e-19,0.0038267584855551234,0.994,0.9869718317581478,0.9972473308581237,1.0,0.996173241514445,1.0,False,True,False,False,True,False,outside_beta_grid
Newton,0,test,2,1.15,0.3,,160,outside_beta_grid,outside_inner_prior,41,326041001,envelope,covariates_only66,clustered_correlated,1000,1000,4,0,996,995,1,999,0.0,14.214,13.23,0.004,0.0015565881404084308,0.010239556277262253,0.0,2.168404344971009e-19,0.0038267584855551234,0.996,0.9897604437227377,0.9984434118595916,0.999,0.9943574414020421,0.9998234536293739,False,True,False,False,True,False,outside_beta_grid
Newton,0,test,2,1.15,0.3,,160,outside_beta_grid,outside_inner_prior,41,326041001,envelope,covariates_only66,sparse_floor,1000,1000,5,0,995,994,1,999,0.0,14.191,13.217,0.005,0.0021375355273244596,0.011650955373375113,0.0,2.168404344971009e-19,0.0038267584855551234,0.995,0.9883490446266249,0.9978624644726756,0.999,0.9943574414020421,0.9998234536293739,False,True,False,False,True,False,outside_beta_grid
Newton,0,test,2,1.45,0.0,,,outside_beta_grid,pure,42,326042001,baseline,covariates_only66,uniform_white,1000,1000,18,0,982,982,0,1000,0.0,14.12,12.996,0.018,0.011415740009567788,0.028273255170507345,0.0,2.168404344971009e-19,0.0038267584855551234,0.982,0.9717267448294926,0.9885842599904322,1.0,0.996173241514445,1.0,False,True,False,False,True,False,outside_beta_grid
Newton,0,test,2,1.45,0.0,,,outside_beta_grid,pure,42,326042001,baseline,covariates_only66,clustered_correlated,1000,1000,19,0,981,981,0,1000,0.0,14.136,13.003,0.019,0.012196885750790904,0.02948445591231312,0.0,2.168404344971009e-19,0.0038267584855551234,0.981,0.9705155440876868,0.9878031142492091,1.0,0.996173241514445,1.0,False,True,False,False,True,False,outside_beta_grid
Newton,0,test,2,1.45,0.0,,,outside_beta_grid,pure,42,326042001,baseline,covariates_only66,sparse_floor,1000,1000,20,1,979,978,1,998,0.0,14.077,13.0,0.02,0.012983682916415136,0.030690005229717786,0.001,0.00017654637062607809,0.0056425585979579355,0.979,0.9681097049387625,0.9862242604320758,0.998,0.9927371921365079,0.9994513564118793,False,True,False,False,True,False,outside_beta_grid
Newton,0,test,2,1.45,0.0,,,outside_beta_grid,pure,42,326042001,envelope,covariates_only66,uniform_white,1000,1000,16,0,984,984,0,1000,0.0,14.12,12.996,0.016,0.009872242002277388,0.02583206021173997,0.0,2.168404344971009e-19,0.0038267584855551234,0.984,0.97416793978826,0.9901277579977227,1.0,0.996173241514445,1.0,False,True,False,False,True,False,outside_beta_grid
Newton,0,test,2,1.45,0.0,,,outside_beta_grid,pure,42,326042001,envelope,covariates_only66,clustered_correlated,1000,1000,16,0,984,984,0,1000,0.0,14.136,13.003,0.016,0.009872242002277388,0.02583206021173997,0.0,2.168404344971009e-19,0.0038267584855551234,0.984,0.97416793978826,0.9901277579977227,1.0,0.996173241514445,1.0,False,True,False,False,True,False,outside_beta_grid
Newton,0,test,2,1.45,0.0,,,outside_beta_grid,pure,42,326042001,envelope,covariates_only66,sparse_floor,1000,1000,12,0,988,987,1,999,0.0,14.077,13.0,0.012,0.006877647806403522,0.02085726847549828,0.0,2.168404344971009e-19,0.0038267584855551234,0.988,0.9791427315245017,0.9931223521935965,0.999,0.9943574414020421,0.9998234536293739,False,True,False,False,True,False,outside_beta_grid
Newton,0,test,2,1.45,0.3,,60,outside_beta_grid,outside_inner_prior,43,326043001,baseline,covariates_only66,uniform_white,1000,1000,10,1,989,988,1,998,0.0,14.196,13.076,0.01,0.005440754445529249,0.018309468870314774,0.001,0.00017654637062607809,0.0056425585979579355,0.989,0.9804106042992137,0.9938468259019134,0.998,0.9927371921365079,0.9994513564118793,False,True,False,False,True,False,outside_beta_grid
Newton,0,test,2,1.45,0.3,,60,outside_beta_grid,outside_inner_prior,43,326043001,baseline,covariates_only66,clustered_correlated,1000,1000,9,0,991,988,3,997,0.0,14.153,13.076,0.009,0.004742060667477063,0.01701581616533807,0.0,2.168404344971009e-19,0.0038267584855551234,0.991,0.982984183834662,0.9952579393325229,0.997,0.9912169859464969,0.9989792161188614,False,True,False,False,True,False,outside_beta_grid
Newton,0,test,2,1.45,0.3,,60,outside_beta_grid,outside_inner_prior,43,326043001,baseline,covariates_only66,sparse_floor,1000,1000,8,7,985,982,3,990,0.0,14.153,13.08,0.008,0.004059195818806103,0.015706334530980144,0.007,0.0033948684009907646,0.014378315465766588,0.985,0.9753990230730932,0.9908890211959184,0.99,0.9816905311296853,0.9945592455544707,False,True,False,False,False,False,outside_beta_grid
Newton,0,test,2,1.45,0.3,,60,outside_beta_grid,outside_inner_prior,43,326043001,envelope,covariates_only66,uniform_white,1000,1000,9,0,991,990,1,999,0.0,14.196,13.076,0.009,0.004742060667477063,0.01701581616533807,0.0,2.168404344971009e-19,0.0038267584855551234,0.991,0.982984183834662,0.9952579393325229,0.999,0.9943574414020421,0.9998234536293739,False,True,False,False,True,False,outside_beta_grid
Newton,0,test,2,1.45,0.3,,60,outside_beta_grid,outside_inner_prior,43,326043001,envelope,covariates_only66,clustered_correlated,1000,1000,9,1,990,989,1,998,0.0,14.153,13.076,0.009,0.004742060667477063,0.01701581616533807,0.001,0.00017654637062607809,0.0056425585979579355,0.99,0.9816905311296853,0.9945592455544707,0.998,0.9927371921365079,0.9994513564118793,False,True,False,False,True,False,outside_beta_grid
Newton,0,test,2,1.45,0.3,,60,outside_beta_grid,outside_inner_prior,43,326043001,envelope,covariates_only66,sparse_floor,1000,1000,2,2,996,994,2,996,0.0,14.153,13.08,0.002,0.000548643588120728,0.007262807863492177,0.002,0.000548643588120728,0.007262807863492177,0.996,0.9897604437227377,0.9984434118595916,0.996,0.9897604437227377,0.9984434118595916,False,True,False,False,False,False,outside_beta_grid
Newton,0,test,2,1.45,0.3,,160,outside_beta_grid,outside_inner_prior,44,326044001,baseline,full34,uniform_white,1000,1000,964,6,30,23,7,987,0.0006129999999999999,1.199,1.133,0.964,0.9505643395327921,0.9738844285926127,0.006,0.0027526691418763745,0.01302816824185209,0.03,0.0210937388288347,0.042503414147587126,0.987,0.9778855576244203,0.9923871796106489,True,False,False,False,False,False,outside_beta_grid
Newton,0,test,2,1.45,0.3,,160,outside_beta_grid,outside_inner_prior,44,326044001,baseline,covariates_only66,uniform_white,1000,1000,7,5,988,986,2,993,0.0,14.136,13.063,0.007,0.0033948684009907646,0.014378315465766588,0.005,0.0021375355273244596,0.011650955373375113,0.988,0.9791427315245017,0.9931223521935965,0.993,0.9856216845342334,0.9966051315990092,False,True,False,False,False,False,outside_beta_grid
Newton,0,test,2,1.45,0.3,,160,outside_beta_grid,outside_inner_prior,44,326044001,baseline,covariates_only66,clustered_correlated,1000,1000,15,4,981,980,1,995,0.0,14.119,13.063,0.015,0.009110978804081668,0.024600976926906798,0.004,0.0015565881404084308,0.010239556277262253,0.981,0.9705155440876868,0.9878031142492091,0.995,0.9883490446266249,0.9978624644726756,False,True,False,False,False,False,outside_beta_grid
Newton,0,test,2,1.45,0.3,,160,outside_beta_grid,outside_inner_prior,44,326044001,baseline,covariates_only66,sparse_floor,1000,1000,9,8,983,981,2,990,0.0,14.117,13.054,0.009,0.004742060667477063,0.01701581616533807,0.008,0.004059195818806103,0.015706334530980144,0.983,0.9729440411597701,0.9893593101431837,0.99,0.9816905311296853,0.9945592455544707,False,True,False,False,False,False,outside_beta_grid
Newton,0,test,2,1.45,0.3,,160,outside_beta_grid,outside_inner_prior,44,326044001,envelope,full34,uniform_white,1000,1000,959,6,35,29,6,988,0.0006129999999999999,1.199,1.133,0.959,0.9448520067923587,0.9696350289179017,0.006,0.0027526691418763745,0.01302816824185209,0.035,0.02527226301711295,0.04828662237445333,0.988,0.9791427315245017,0.9931223521935965,True,False,False,False,False,False,outside_beta_grid
Newton,0,test,2,1.45,0.3,,160,outside_beta_grid,outside_inner_prior,44,326044001,envelope,covariates_only66,uniform_white,1000,1000,7,3,990,988,2,995,0.0,14.136,13.063,0.007,0.0033948684009907646,0.014378315465766588,0.003,0.0010207838811386186,0.008783014053503173,0.99,0.9816905311296853,0.9945592455544707,0.995,0.9883490446266249,0.9978624644726756,False,True,False,False,False,False,outside_beta_grid
Newton,0,test,2,1.45,0.3,,160,outside_beta_grid,outside_inner_prior,44,326044001,envelope,covariates_only66,clustered_correlated,1000,1000,10,2,988,988,0,998,0.0,14.119,13.063,0.01,0.005440754445529249,0.018309468870314774,0.002,0.000548643588120728,0.007262807863492177,0.988,0.9791427315245017,0.9931223521935965,0.998,0.9927371921365079,0.9994513564118793,False,True,False,False,True,False,outside_beta_grid
Newton,0,test,2,1.45,0.3,,160,outside_beta_grid,outside_inner_prior,44,326044001,envelope,covariates_only66,sparse_floor,1000,1000,8,2,990,988,2,996,0.0,14.117,13.054,0.008,0.004059195818806103,0.015706334530980144,0.002,0.000548643588120728,0.007262807863492177,0.99,0.9816905311296853,0.9945592455544707,0.996,0.9897604437227377,0.9984434118595916,False,True,False,False,False,False,outside_beta_grid
QUMOND,1,test,2,1.0,0.0,,,fitted_grid,pure,0,326100001,baseline,covariates_only66,uniform_white,1000,1000,312,0,688,686,2,998,0.0,13.128,12.239,0.312,0.2840496860924683,0.3413891750981004,0.0,2.168404344971009e-19,0.0038267584855551234,0.688,0.6586108249018996,0.7159503139075316,0.998,0.9927371921365079,0.9994513564118793,False,True,False,False,True,False,fitted_family
QUMOND,1,test,2,1.0,0.0,,,fitted_grid,pure,0,326100001,baseline,covariates_only66,clustered_correlated,1000,1000,297,1,702,701,1,998,0.0,13.126,12.241,0.297,0.26949969988900685,0.32605396405612846,0.001,0.00017654637062607809,0.0056425585979579355,0.702,0.6729225763109662,0.7295314132608696,0.998,0.9927371921365079,0.9994513564118793,False,True,False,False,True,False,fitted_family
QUMOND,1,test,2,1.0,0.0,,,fitted_grid,pure,0,326100001,baseline,covariates_only66,sparse_floor,1000,1000,350,0,650,648,2,998,0.0,13.122,12.14,0.35,0.32106271005247566,0.38008531749319086,0.0,2.168404344971009e-19,0.0038267584855551234,0.65,0.6199146825068091,0.6789372899475243,0.998,0.9927371921365079,0.9994513564118793,False,True,False,False,True,False,fitted_family
QUMOND,1,test,2,1.0,0.0,,,fitted_grid,pure,0,326100001,envelope,covariates_only66,uniform_white,1000,1000,173,0,827,825,2,998,0.0,13.128,12.239,0.173,0.1508192344529515,0.19768346559660158,0.0,2.168404344971009e-19,0.0038267584855551234,0.827,0.8023165344033985,0.8491807655470485,0.998,0.9927371921365079,0.9994513564118793,False,True,False,False,True,False,fitted_family
QUMOND,1,test,2,1.0,0.0,,,fitted_grid,pure,0,326100001,envelope,covariates_only66,clustered_correlated,1000,1000,158,0,842,841,1,999,0.0,13.126,12.241,0.158,0.13670765691270592,0.1819098458914138,0.0,2.168404344971009e-19,0.0038267584855551234,0.842,0.8180901541085861,0.8632923430872941,0.999,0.9943574414020421,0.9998234536293739,False,True,False,False,True,False,fitted_family
QUMOND,1,test,2,1.0,0.0,,,fitted_grid,pure,0,326100001,envelope,covariates_only66,sparse_floor,1000,1000,191,0,809,807,2,998,0.0,13.122,12.14,0.191,0.16783693231549512,0.216528004428578,0.0,2.168404344971009e-19,0.0038267584855551234,0.809,0.7834719955714221,0.832163067684505,0.998,0.9927371921365079,0.9994513564118793,False,True,False,False,True,False,fitted_family
QUMOND,1,test,2,1.0,0.075,,40,fitted_grid,fitted_prior,1,326101001,baseline,covariates_only66,uniform_white,1000,1000,335,6,659,658,1,993,0.0,13.137,12.205,0.335,0.30642688114062866,0.3648359491596046,0.006,0.0027526691418763745,0.01302816824185209,0.659,0.6290604090928602,0.6877226817087334,0.993,0.9856216845342334,0.9966051315990092,False,True,False,False,False,False,fitted_family
QUMOND,1,test,2,1.0,0.075,,40,fitted_grid,fitted_prior,1,326101001,baseline,covariates_only66,clustered_correlated,1000,1000,324,4,672,671,1,995,0.0,13.159,12.205,0.324,0.2957148222722109,0.35363219671470447,0.004,0.0015565881404084308,0.010239556277262253,0.672,0.6422916335335495,0.7003919615474198,0.995,0.9883490446266249,0.9978624644726756,False,True,False,False,False,False,fitted_family
QUMOND,1,test,2,1.0,0.075,,40,fitted_grid,fitted_prior,1,326101001,baseline,covariates_only66,sparse_floor,1000,1000,382,4,614,613,1,995,0.0,13.148,12.086,0.382,0.35239145536552613,0.4125116596370649,0.004,0.0015565881404084308,0.010239556277262253,0.614,0.5834448620601524,0.643682637005141,0.995,0.9883490446266249,0.9978624644726756,False,True,False,False,False,False,fitted_family
QUMOND,1,test,2,1.0,0.075,,40,fitted_grid,fitted_prior,1,326101001,envelope,covariates_only66,uniform_white,1000,1000,169,6,825,824,1,993,0.0,13.137,12.205,0.169,0.14704962548581355,0.193483688631624,0.006,0.0027526691418763745,0.01302816824185209,0.825,0.800218354614785,0.8472942523696041,0.993,0.9856216845342334,0.9966051315990092,False,True,False,False,False,False,fitted_family
QUMOND,1,test,2,1.0,0.075,,40,fitted_grid,fitted_prior,1,326101001,envelope,covariates_only66,clustered_correlated,1000,1000,148,5,847,847,0,995,0.0,13.159,12.205,0.148,0.1273389886764658,0.17135504929736503,0.005,0.0021375355273244596,0.011650955373375113,0.847,0.823363445235336,0.8679807843756888,0.995,0.9883490446266249,0.9978624644726756,False,True,False,False,False,False,fitted_family
QUMOND,1,test,2,1.0,0.075,,40,fitted_grid,fitted_prior,1,326101001,envelope,covariates_only66,sparse_floor,1000,1000,190,4,806,806,0,996,0.0,13.148,12.086,0.19,0.1668892700644027,0.2154833201966415,0.004,0.0015565881404084308,0.010239556277262253,0.806,0.7803394533741679,0.8293185704326724,0.996,0.9897604437227377,0.9984434118595916,False,True,False,False,False,False,fitted_family
QUMOND,1,test,2,1.0,0.075,,80,fitted_grid,fitted_prior,2,326102001,baseline,covariates_only66,uniform_white,1000,1000,309,1,690,690,0,999,0.0,13.231,12.24,0.309,0.28113685771666347,0.33832496402481854,0.001,0.00017654637062607809,0.0056425585979579355,0.69,0.6606534768407168,0.7178923549347722,0.999,0.9943574414020421,0.9998234536293739,False,True,False,False,True,False,fitted_family
QUMOND,1,test,2,1.0,0.075,,80,fitted_grid,fitted_prior,2,326102001,baseline,covariates_only66,clustered_correlated,1000,1000,300,2,698,697,1,997,0.0,13.238,12.232,0.3,0.2724068424770048,0.3291238609172172,0.002,0.000548643588120728,0.007262807863492177,0.698,0.6688303415169653,0.7256542621227547,0.997,0.9912169859464969,0.9989792161188614,False,True,False,False,True,False,fitted_family
QUMOND,1,test,2,1.0,0.075,,80,fitted_grid,fitted_prior,2,326102001,baseline,covariates_only66,sparse_floor,1000,1000,370,1,629,629,0,999,0.0,13.246,12.163,0.37,0.3406266753339855,0.4003682818722588,0.001,0.00017654637062607809,0.0056425585979579355,0.629,0.5986190226548378,0.6583936736558891,0.999,0.9943574414020421,0.9998234536293739,False,True,False,False,True,False,fitted_family
QUMOND,1,test,2,1.0,0.075,,80,fitted_grid,fitted_prior,2,326102001,envelope,covariates_only66,uniform_white,1000,1000,157,0,843,843,0,1000,0.0,13.231,12.24,0.157,0.1357693269808853,0.18085582934020553,0.0,2.168404344971009e-19,0.0038267584855551234,0.843,0.8191441706597944,0.8642306730191147,1.0,0.996173241514445,1.0,False,True,False,False,True,False,fitted_family
QUMOND,1,test,2,1.0,0.075,,80,fitted_grid,fitted_prior,2,326102001,envelope,covariates_only66,clustered_correlated,1000,1000,140,3,857,857,0,997,0.0,13.238,12.232,0.14,0.11986857462597704,0.1628866914836227,0.003,0.0010207838811386186,0.008783014053503173,0.857,0.8339350119390162,0.8773326825022975,0.997,0.9912169859464969,0.9989792161188614,False,True,False,False,True,False,fitted_family
QUMOND,1,test,2,1.0,0.075,,80,fitted_grid,fitted_prior,2,326102001,envelope,covariates_only66,sparse_floor,1000,1000,180,0,820,820,0,1000,0.0,13.246,12.163,0.18,0.15742689252874323,0.20502223290201207,0.0,2.168404344971009e-19,0.0038267584855551234,0.82,0.7949777670979878,0.8425731074712568,1.0,0.996173241514445,1.0,False,True,False,False,True,False,fitted_family
QUMOND,1,test,2,1.0,0.075,,60,fitted_grid,outside_inner_prior,3,326103001,baseline,covariates_only66,uniform_white,1000,1000,306,1,693,693,0,999,0.0,13.181,12.25,0.306,0.2782254333203639,0.3352593489720314,0.001,0.00017654637062607809,0.0056425585979579355,0.693,0.6637186226479856,0.72080424857659,0.999,0.9943574414020421,0.9998234536293739,False,True,False,False,True,False,outside_inner_prior
QUMOND,1,test,2,1.0,0.075,,60,fitted_grid,outside_inner_prior,3,326103001,baseline,covariates_only66,clustered_correlated,1000,1000,303,1,696,695,1,998,0.0,13.17,12.256,0.303,0.27531542432193984,0.3321923185213688,0.001,0.00017654637062607809,0.0056425585979579355,0.696,0.6667851800100445,0.7237147306636179,0.998,0.9927371921365079,0.9994513564118793,False,True,False,False,True,False,outside_inner_prior
QUMOND,1,test,2,1.0,0.075,,60,fitted_grid,outside_inner_prior,3,326103001,baseline,covariates_only66,sparse_floor,1000,1000,358,1,641,641,0,999,0.0,13.166,12.157,0.358,0.328881603627749,0.3882051957821486,0.001,0.00017654637062607809,0.0056425585979579355,0.641,0.6107804510612619,0.6701404030458117,0.999,0.9943574414020421,0.9998234536293739,False,True,False,False,True,False,outside_inner_prior
QUMOND,1,test,2,1.0,0.075,,60,fitted_grid,outside_inner_prior,3,326103001,envelope,covariates_only66,uniform_white,1000,1000,175,1,824,824,0,999,0.0,13.181,12.25,0.175,0.1527057476303958,0.19978164538521503,0.001,0.00017654637062607809,0.0056425585979579355,0.824,0.7991696851594058,0.8463505753419543,0.999,0.9943574414020421,0.9998234536293739,False,True,False,False,True,False,outside_inner_prior
QUMOND,1,test,2,1.0,0.075,,60,fitted_grid,outside_inner_prior,3,326103001,envelope,covariates_only66,clustered_correlated,1000,1000,156,1,843,842,1,998,0.0,13.17,12.256,0.156,0.13483131538945653,0.17980149444860544,0.001,0.00017654637062607809,0.0056425585979579355,0.843,0.8191441706597944,0.8642306730191147,0.998,0.9927371921365079,0.9994513564118793,False,True,False,False,True,False,outside_inner_prior
QUMOND,1,test,2,1.0,0.075,,60,fitted_grid,outside_inner_prior,3,326103001,envelope,covariates_only66,sparse_floor,1000,1000,196,0,804,804,0,1000,0.0,13.166,12.157,0.196,0.17257900508840987,0.22174766407080768,0.0,2.168404344971009e-19,0.0038267584855551234,0.804,0.7782523359291924,0.8274209949115903,1.0,0.996173241514445,1.0,False,True,False,False,True,False,outside_inner_prior
QUMOND,1,test,2,1.0,0.075,,160,fitted_grid,outside_inner_prior,4,326104001,baseline,covariates_only66,uniform_white,1000,1000,370,0,630,630,0,1000,0.0,13.075,12.066,0.37,0.3406266753339855,0.4003682818722588,0.0,2.168404344971009e-19,0.0038267584855551234,0.63,0.5996317181277412,0.6593733246660144,1.0,0.996173241514445,1.0,False,True,False,False,True,False,outside_inner_prior
QUMOND,1,test,2,1.0,0.075,,160,fitted_grid,outside_inner_prior,4,326104001,baseline,covariates_only66,clustered_correlated,1000,1000,353,0,647,647,0,1000,0.0,13.065,12.138,0.353,0.32399373843890167,0.3831313285558515,0.0,2.168404344971009e-19,0.0038267584855551234,0.647,0.6168686714441486,0.6760062615610983,1.0,0.996173241514445,1.0,False,True,False,False,True,False,outside_inner_prior
QUMOND,1,test,2,1.0,0.075,,160,fitted_grid,outside_inner_prior,4,326104001,baseline,covariates_only66,sparse_floor,1000,1000,414,0,586,585,1,999,0.0,13.078,12.005,0.414,0.3838578816406266,0.44480032081888876,0.0,2.168404344971009e-19,0.0038267584855551234,0.586,0.5551996791811112,0.6161421183593733,0.999,0.9943574414020421,0.9998234536293739,False,True,False,False,True,False,outside_inner_prior
QUMOND,1,test,2,1.0,0.075,,160,fitted_grid,outside_inner_prior,4,326104001,envelope,covariates_only66,uniform_white,1000,1000,185,0,815,815,0,1000,0.0,13.075,12.066,0.185,0.16215480378454947,0.2102560540613503,0.0,2.168404344971009e-19,0.0038267584855551234,0.815,0.7897439459386497,0.8378451962154505,1.0,0.996173241514445,1.0,False,True,False,False,True,False,outside_inner_prior
QUMOND,1,test,2,1.0,0.075,,160,fitted_grid,outside_inner_prior,4,326104001,envelope,covariates_only66,clustered_correlated,1000,1000,166,0,834,834,0,1000,0.0,13.065,12.138,0.166,0.1442254718306115,0.19033080283773937,0.0,2.168404344971009e-19,0.0038267584855551234,0.834,0.8096691971622607,0.8557745281693885,1.0,0.996173241514445,1.0,False,True,False,False,True,False,outside_inner_prior
QUMOND,1,test,2,1.0,0.075,,160,fitted_grid,outside_inner_prior,4,326104001,envelope,covariates_only66,sparse_floor,1000,1000,210,0,790,789,1,999,0.0,13.078,12.005,0.21,0.18588891937362567,0.23633060054799632,0.0,2.168404344971009e-19,0.0038267584855551234,0.79,0.7636693994520037,0.8141110806263744,0.999,0.9943574414020421,0.9998234536293739,False,True,False,False,True,False,outside_inner_prior
QUMOND,1,test,2,1.0,0.225,,40,fitted_grid,fitted_prior,5,326105001,baseline,covariates_only66,uniform_white,1000,1000,406,0,594,593,1,999,0.0,13.178,12.006,0.406,0.37597870513494724,0.43674072546033715,0.0,2.168404344971009e-19,0.0038267584855551234,0.594,0.5632592745396628,0.6240212948650526,0.999,0.9943574414020421,0.9998234536293739,False,True,False,False,True,False,fitted_family
QUMOND,1,test,2,1.0,0.225,,40,fitted_grid,fitted_prior,5,326105001,baseline,covariates_only66,clustered_correlated,1000,1000,392,1,607,605,2,997,0.0,13.17,11.996,0.392,0.3622102251883648,0.42261635464451514,0.001,0.00017654637062607809,0.0056425585979579355,0.607,0.5763739069246411,0.63680716675945,0.997,0.9912169859464969,0.9989792161188614,False,True,False,False,True,False,fitted_family
QUMOND,1,test,2,1.0,0.225,,40,fitted_grid,fitted_prior,5,326105001,baseline,covariates_only66,sparse_floor,1000,1000,452,1,547,545,2,997,0.0,13.176,11.906,0.452,0.42139559401833404,0.4829717747962793,0.001,0.00017654637062607809,0.0056425585979579355,0.547,0.5160261711771321,0.5776141135252257,0.997,0.9912169859464969,0.9989792161188614,False,True,False,False,True,False,fitted_family
QUMOND,1,test,2,1.0,0.225,,40,fitted_grid,fitted_prior,5,326105001,envelope,covariates_only66,uniform_white,1000,1000,212,0,788,787,1,999,0.0,13.178,12.006,0.212,0.1877940523073313,0.2384101605803485,0.0,2.168404344971009e-19,0.0038267584855551234,0.788,0.7615898394196515,0.8122059476926687,0.999,0.9943574414020421,0.9998234536293739,False,True,False,False,True,False,fitted_family
QUMOND,1,test,2,1.0,0.225,,40,fitted_grid,fitted_prior,5,326105001,envelope,covariates_only66,clustered_correlated,1000,1000,180,1,819,818,1,998,0.0,13.17,11.996,0.18,0.15742689252874323,0.20502223290201207,0.001,0.00017654637062607809,0.0056425585979579355,0.819,0.7939304685301967,0.841628059556019,0.998,0.9927371921365079,0.9994513564118793,False,True,False,False,True,False,fitted_family
QUMOND,1,test,2,1.0,0.225,,40,fitted_grid,fitted_prior,5,326105001,envelope,covariates_only66,sparse_floor,1000,1000,245,1,754,752,2,997,0.0,13.176,11.906,0.245,0.21935239609499618,0.27259925073263697,0.001,0.00017654637062607809,0.0056425585979579355,0.754,0.7263681599761741,0.7796878467131639,0.997,0.9912169859464969,0.9989792161188614,False,True,False,False,True,False,fitted_family
QUMOND,1,test,2,1.0,0.225,,80,fitted_grid,fitted_prior,6,326106001,baseline,covariates_only66,uniform_white,1000,1000,392,2,606,606,0,998,0.0,13.132,12.07,0.392,0.3622102251883648,0.42261635464451514,0.002,0.000548643588120728,0.007262807863492177,0.606,0.5753643006840624,0.6358244265169998,0.998,0.9927371921365079,0.9994513564118793,False,True,False,False,True,False,fitted_family
QUMOND,1,test,2,1.0,0.225,,80,fitted_grid,fitted_prior,6,326106001,baseline,covariates_only66,clustered_correlated,1000,1000,388,2,610,610,0,998,0.0,13.115,12.04,0.388,0.3582811184771855,0.41857607542357883,0.002,0.000548643588120728,0.007262807863492177,0.61,0.5794035195028067,0.6397545936303712,0.998,0.9927371921365079,0.9994513564118793,False,True,False,False,True,False,fitted_family
QUMOND,1,test,2,1.0,0.225,,80,fitted_grid,fitted_prior,6,326106001,baseline,covariates_only66,sparse_floor,1000,1000,437,2,561,561,0,998,0.0,13.108,11.954,0.437,0.40655624686835734,0.4679259247008226,0.002,0.000548643588120728,0.007262807863492177,0.561,0.5300663276081151,0.5914668078566473,0.998,0.9927371921365079,0.9994513564118793,False,True,False,False,True,False,fitted_family
QUMOND,1,test,2,1.0,0.225,,80,fitted_grid,fitted_prior,6,326106001,envelope,covariates_only66,uniform_white,1000,1000,200,2,798,798,0,998,0.0,13.132,12.07,0.2,0.17637709044319852,0.22591896464813463,0.002,0.000548643588120728,0.007262807863492177,0.798,0.771996830196033,0.8217224217465763,0.998,0.9927371921365079,0.9994513564118793,False,True,False,False,True,False,fitted_family
QUMOND,1,test,2,1.0,0.225,,80,fitted_grid,fitted_prior,6,326106001,envelope,covariates_only66,clustered_correlated,1000,1000,179,2,819,819,0,998,0.0,13.115,12.04,0.179,0.1564821152191892,0.20397466372853723,0.002,0.000548643588120728,0.007262807863492177,0.819,0.7939304685301967,0.841628059556019,0.998,0.9927371921365079,0.9994513564118793,False,True,False,False,True,False,fitted_family
QUMOND,1,test,2,1.0,0.225,,80,fitted_grid,fitted_prior,6,326106001,envelope,covariates_only66,sparse_floor,1000,1000,232,0,768,768,0,1000,0.0,13.108,11.954,0.232,0.20689343939858929,0.2591577031496683,0.0,2.168404344971009e-19,0.0038267584855551234,0.768,0.7408422968503318,0.7931065606014108,1.0,0.996173241514445,1.0,False,True,False,False,True,False,fitted_family
QUMOND,1,test,2,1.0,0.225,,60,fitted_grid,outside_inner_prior,7,326107001,baseline,covariates_only66,uniform_white,1000,1000,357,1,642,642,0,999,0.0,13.178,12.163,0.357,0.3279037500492223,0.3871907028776464,0.001,0.00017654637062607809,0.0056425585979579355,0.642,0.6117948042178514,0.6711183963722509,0.999,0.9943574414020421,0.9998234536293739,False,True,False,False,True,False,outside_inner_prior
QUMOND,1,test,2,1.0,0.225,,60,fitted_grid,outside_inner_prior,7,326107001,baseline,covariates_only66,clustered_correlated,1000,1000,362,1,637,636,1,998,0.0,13.161,12.136,0.362,0.33279441286747335,0.39226177247453986,0.001,0.00017654637062607809,0.0056425585979579355,0.637,0.6067244308198836,0.6662270373550743,0.998,0.9927371921365079,0.9994513564118793,False,True,False,False,True,False,outside_inner_prior
QUMOND,1,test,2,1.0,0.225,,60,fitted_grid,outside_inner_prior,7,326107001,baseline,covariates_only66,sparse_floor,1000,1000,405,1,594,594,0,999,0.0,13.153,12.075,0.405,0.37499439177359234,0.43573269233866313,0.001,0.00017654637062607809,0.0056425585979579355,0.594,0.5632592745396628,0.6240212948650526,0.999,0.9943574414020421,0.9998234536293739,False,True,False,False,True,False,outside_inner_prior
QUMOND,1,test,2,1.0,0.225,,60,fitted_grid,outside_inner_prior,7,326107001,envelope,covariates_only66,uniform_white,1000,1000,192,1,807,807,0,999,0.0,13.178,12.163,0.192,0.16878484731114135,0.21757243591596065,0.001,0.00017654637062607809,0.0056425585979579355,0.807,0.781383383844143,0.8302669864457263,0.999,0.9943574414020421,0.9998234536293739,False,True,False,False,True,False,outside_inner_prior
QUMOND,1,test,2,1.0,0.225,,60,fitted_grid,outside_inner_prior,7,326107001,envelope,covariates_only66,clustered_correlated,1000,1000,178,1,821,821,0,999,0.0,13.161,12.136,0.178,0.1555376102762298,0.2029268221884677,0.001,0.00017654637062607809,0.0056425585979579355,0.821,0.7960253362714628,0.8435178847808108,0.999,0.9943574414020421,0.9998234536293739,False,True,False,False,True,False,outside_inner_prior
QUMOND,1,test,2,1.0,0.225,,60,fitted_grid,outside_inner_prior,7,326107001,envelope,covariates_only66,sparse_floor,1000,1000,212,0,788,788,0,1000,0.0,13.153,12.075,0.212,0.1877940523073313,0.2384101605803485,0.0,2.168404344971009e-19,0.0038267584855551234,0.788,0.7615898394196515,0.8122059476926687,1.0,0.996173241514445,1.0,False,True,False,False,True,False,outside_inner_prior
QUMOND,1,test,2,1.0,0.225,,160,fitted_grid,outside_inner_prior,8,326108001,baseline,covariates_only66,uniform_white,1000,1000,383,0,617,616,1,999,0.0,13.154,12.04,0.383,0.3533727313696084,0.41352273011601154,0.0,2.168404344971009e-19,0.0038267584855551234,0.617,0.5864772698839885,0.6466272686303917,0.999,0.9943574414020421,0.9998234536293739,False,True,False,False,True,False,outside_inner_prior
QUMOND,1,test,2,1.0,0.225,,160,fitted_grid,outside_inner_prior,8,326108001,baseline,covariates_only66,clustered_correlated,1000,1000,363,1,636,636,0,999,0.0,13.152,12.077,0.363,0.3337729626449257,0.39327556918011636,0.001,0.00017654637062607809,0.0056425585979579355,0.636,0.605710772604704,0.665248349087225,0.999,0.9943574414020421,0.9998234536293739,False,True,False,False,True,False,outside_inner_prior
QUMOND,1,test,2,1.0,0.225,,160,fitted_grid,outside_inner_prior,8,326108001,baseline,covariates_only66,sparse_floor,1000,1000,423,3,574,573,1,996,0.0,13.162,11.957,0.423,0.3927318137578076,0.4538575070489678,0.003,0.0010207838811386186,0.008783014053503173,0.574,0.5431257348487041,0.6043079048954337,0.996,0.9897604437227377,0.9984434118595916,False,True,False,False,False,False,outside_inner_prior
QUMOND,1,test,2,1.0,0.225,,160,fitted_grid,outside_inner_prior,8,326108001,envelope,covariates_only66,uniform_white,1000,1000,202,0,798,797,1,999,0.0,13.154,12.04,0.202,0.17827757825342377,0.22800316980396712,0.0,2.168404344971009e-19,0.0038267584855551234,0.798,0.771996830196033,0.8217224217465763,0.999,0.9943574414020421,0.9998234536293739,False,True,False,False,True,False,outside_inner_prior
QUMOND,1,test,2,1.0,0.225,,160,fitted_grid,outside_inner_prior,8,326108001,envelope,covariates_only66,clustered_correlated,1000,1000,185,0,815,815,0,1000,0.0,13.152,12.077,0.185,0.16215480378454947,0.2102560540613503,0.0,2.168404344971009e-19,0.0038267584855551234,0.815,0.7897439459386497,0.8378451962154505,1.0,0.996173241514445,1.0,False,True,False,False,True,False,outside_inner_prior
QUMOND,1,test,2,1.0,0.225,,160,fitted_grid,outside_inner_prior,8,326108001,envelope,covariates_only66,sparse_floor,1000,1000,227,2,771,770,1,997,0.0,13.162,11.957,0.227,0.20211062426744336,0.2539787858656698,0.002,0.000548643588120728,0.007262807863492177,0.771,0.7439490266513543,0.7959768702494748,0.997,0.9912169859464969,0.9989792161188614,False,True,False,False,True,False,outside_inner_prior
QUMOND,1,test,2,1.0,0.3,,40,fitted_grid,fitted_prior,9,326109001,baseline,covariates_only66,uniform_white,1000,1000,393,0,607,607,0,1000,0.0,13.119,11.997,0.393,0.3631928332405499,0.42362609307535887,0.0,2.168404344971009e-19,0.0038267584855551234,0.607,0.5763739069246411,0.63680716675945,1.0,0.996173241514445,1.0,False,True,False,False,True,False,fitted_family
QUMOND,1,test,2,1.0,0.3,,40,fitted_grid,fitted_prior,9,326109001,baseline,covariates_only66,clustered_correlated,1000,1000,378,1,621,621,0,999,0.0,13.13,11.965,0.378,0.34846769603702693,0.4084660330334485,0.001,0.00017654637062607809,0.0056425585979579355,0.621,0.5905223582047959,0.6505515662416997,0.999,0.9943574414020421,0.9998234536293739,False,True,False,False,True,False,fitted_family
QUMOND,1,test,2,1.0,0.3,,40,fitted_grid,fitted_prior,9,326109001,baseline,covariates_only66,sparse_floor,1000,1000,429,1,570,569,1,998,0.0,13.117,11.904,0.429,0.3986535230179055,0.45988987668704334,0.001,0.00017654637062607809,0.0056425585979579355,0.57,0.539105173730678,0.6003590800813441,0.998,0.9927371921365079,0.9994513564118793,False,True,False,False,True,False,fitted_family
QUMOND,1,test,2,1.0,0.3,,40,fitted_grid,fitted_prior,9,326109001,envelope,covariates_only66,uniform_white,1000,1000,225,0,775,775,0,1000,0.0,13.119,11.997,0.225,0.20019895514206568,0.25190576202498965,0.0,2.168404344971009e-19,0.0038267584855551234,0.775,0.7480942379750103,0.7998010448579344,1.0,0.996173241514445,1.0,False,True,False,False,True,False,fitted_family
QUMOND,1,test,2,1.0,0.3,,40,fitted_grid,fitted_prior,9,326109001,envelope,covariates_only66,clustered_correlated,1000,1000,201,0,799,799,0,1000,0.0,13.13,11.965,0.201,0.17732721504227128,0.22696118653209074,0.0,2.168404344971009e-19,0.0038267584855551234,0.799,0.7730388134679094,0.8226727849577289,1.0,0.996173241514445,1.0,False,True,False,False,True,False,fitted_family
QUMOND,1,test,2,1.0,0.3,,40,fitted_grid,fitted_prior,9,326109001,envelope,covariates_only66,sparse_floor,1000,1000,250,1,749,748,1,998,0.0,13.117,11.904,0.25,0.2241530989836914,0.27776028025908617,0.001,0.00017654637062607809,0.0056425585979579355,0.749,0.7212080850643917,0.7748861892098019,0.998,0.9927371921365079,0.9994513564118793,False,True,False,False,True,False,fitted_family
QUMOND,1,test,2,1.0,0.3,,80,fitted_grid,fitted_prior,10,326110001,baseline,covariates_only66,uniform_white,1000,1000,452,0,548,548,0,1000,0.0,13.029,11.88,0.452,0.42139559401833404,0.4829717747962793,0.0,2.168404344971009e-19,0.0038267584855551234,0.548,0.5170282252037207,0.5786044059816661,1.0,0.996173241514445,1.0,False,True,False,False,True,False,fitted_family
QUMOND,1,test,2,1.0,0.3,,80,fitted_grid,fitted_prior,10,326110001,baseline,covariates_only66,clustered_correlated,1000,1000,445,0,555,554,1,999,0.0,13.031,11.866,0.445,0.41446705005753576,0.4759538933758753,0.0,2.168404344971009e-19,0.0038267584855551234,0.555,0.5240461066241248,0.5855329499424643,0.999,0.9943574414020421,0.9998234536293739,False,True,False,False,True,False,fitted_family
QUMOND,1,test,2,1.0,0.3,,80,fitted_grid,fitted_prior,10,326110001,baseline,covariates_only66,sparse_floor,1000,1000,503,1,496,494,2,997,0.0,13.025,11.824,0.503,0.4720586747142764,0.5339183647348104,0.001,0.00017654637062607809,0.0056425585979579355,0.496,0.46508589340292905,0.5269447206649553,0.997,0.9912169859464969,0.9989792161188614,False,True,False,False,True,False,fitted_family
QUMOND,1,test,2,1.0,0.3,,80,fitted_grid,fitted_prior,10,326110001,envelope,covariates_only66,uniform_white,1000,1000,255,0,745,745,0,1000,0.0,13.029,11.88,0.255,0.2289585370509225,0.2829165746069995,0.0,2.168404344971009e-19,0.0038267584855551234,0.745,0.7170834253930005,0.7710414629490774,1.0,0.996173241514445,1.0,False,True,False,False,True,False,fitted_family
QUMOND,1,test,2,1.0,0.3,,80,fitted_grid,fitted_prior,10,326110001,envelope,covariates_only66,clustered_correlated,1000,1000,239,0,761,761,0,1000,0.0,13.031,11.866,0.239,0.2135979397357572,0.2663996281937026,0.0,2.168404344971009e-19,0.0038267584855551234,0.761,0.7336003718062974,0.7864020602642429,1.0,0.996173241514445,1.0,False,True,False,False,True,False,fitted_family
QUMOND,1,test,2,1.0,0.3,,80,fitted_grid,fitted_prior,10,326110001,envelope,covariates_only66,sparse_floor,1000,1000,281,1,718,716,2,997,0.0,13.025,11.824,0.281,0.25401977830646655,0.3096563419102067,0.001,0.00017654637062607809,0.0056425585979579355,0.718,0.6893175585138386,0.7450139747864594,0.997,0.9912169859464969,0.9989792161188614,False,True,False,False,True,False,fitted_family
QUMOND,1,test,2,1.0,0.3,,60,fitted_grid,outside_inner_prior,11,326111001,baseline,covariates_only66,uniform_white,1000,1000,374,1,625,624,1,998,0.0,13.209,12.079,0.374,0.34454609812769077,0.40441824501066914,0.001,0.00017654637062607809,0.0056425585979579355,0.625,0.5945696046115923,0.6544737057670189,0.998,0.9927371921365079,0.9994513564118793,False,True,False,False,True,False,outside_inner_prior
QUMOND,1,test,2,1.0,0.3,,60,fitted_grid,outside_inner_prior,11,326111001,baseline,covariates_only66,clustered_correlated,1000,1000,372,0,628,628,0,1000,0.0,13.222,12.046,0.372,0.34258611396233785,0.4023935362099642,0.0,2.168404344971009e-19,0.0038267584855551234,0.628,0.5976064637900358,0.6574138860376622,1.0,0.996173241514445,1.0,False,True,False,False,True,False,outside_inner_prior
QUMOND,1,test,2,1.0,0.3,,60,fitted_grid,outside_inner_prior,11,326111001,baseline,covariates_only66,sparse_floor,1000,1000,424,1,575,575,0,999,0.0,13.223,11.986,0.424,0.3937184466169774,0.4548632206728269,0.001,0.00017654637062607809,0.0056425585979579355,0.575,0.5441311933323346,0.6052947928948321,0.999,0.9943574414020421,0.9998234536293739,False,True,False,False,True,False,outside_inner_prior
QUMOND,1,test,2,1.0,0.3,,60,fitted_grid,outside_inner_prior,11,326111001,envelope,covariates_only66,uniform_white,1000,1000,202,1,797,797,0,999,0.0,13.209,12.079,0.202,0.17827757825342377,0.22800316980396712,0.001,0.00017654637062607809,0.0056425585979579355,0.797,0.7709550842197117,0.8207718212398687,0.999,0.9943574414020421,0.9998234536293739,False,True,False,False,True,False,outside_inner_prior
QUMOND,1,test,2,1.0,0.3,,60,fitted_grid,outside_inner_prior,11,326111001,envelope,covariates_only66,clustered_correlated,1000,1000,201,0,799,799,0,1000,0.0,13.222,12.046,0.201,0.17732721504227128,0.22696118653209074,0.0,2.168404344971009e-19,0.0038267584855551234,0.799,0.7730388134679094,0.8226727849577289,1.0,0.996173241514445,1.0,False,True,False,False,True,False,outside_inner_prior
QUMOND,1,test,2,1.0,0.3,,60,fitted_grid,outside_inner_prior,11,326111001,envelope,covariates_only66,sparse_floor,1000,1000,230,0,770,770,0,1000,0.0,13.223,11.986,0.23,0.20497969372023053,0.2570867558619693,0.0,2.168404344971009e-19,0.0038267584855551234,0.77,0.7429132441380307,0.7950203062797695,1.0,0.996173241514445,1.0,False,True,False,False,True,False,outside_inner_prior
QUMOND,1,test,2,1.0,0.3,,160,fitted_grid,outside_inner_prior,12,326112001,baseline,covariates_only66,uniform_white,1000,1000,410,0,590,590,0,1000,0.0,13.139,11.905,0.41,0.3799172576460708,0.4407715588813291,0.0,2.168404344971009e-19,0.0038267584855551234,0.59,0.5592284411186709,0.6200827423539291,1.0,0.996173241514445,1.0,False,True,False,False,True,False,outside_inner_prior
QUMOND,1,test,2,1.0,0.3,,160,fitted_grid,outside_inner_prior,12,326112001,baseline,covariates_only66,clustered_correlated,1000,1000,400,0,600,599,1,999,0.0,13.135,11.887,0.4,0.37007478121137727,0.4306905704857338,0.0,2.168404344971009e-19,0.0038267584855551234,0.6,0.5693094295142662,0.6299252187886226,0.999,0.9943574414020421,0.9998234536293739,False,True,False,False,True,False,outside_inner_prior
QUMOND,1,test,2,1.0,0.3,,160,fitted_grid,outside_inner_prior,12,326112001,baseline,covariates_only66,sparse_floor,1000,1000,462,0,538,538,0,1000,0.0,13.139,11.795,0.462,0.43130413072430196,0.4929867029206003,0.0,2.168404344971009e-19,0.0038267584855551234,0.538,0.5070132970793998,0.5686958692756982,1.0,0.996173241514445,1.0,False,True,False,False,True,False,outside_inner_prior
QUMOND,1,test,2,1.0,0.3,,160,fitted_grid,outside_inner_prior,12,326112001,baseline,conditional66,uniform_white,1000,1000,989,0,11,0,11,989,0.000433,1.67,1.008,0.989,0.9804106042992137,0.9938468259019134,0.0,2.168404344971009e-19,0.0038267584855551234,0.011,0.006153174098086638,0.019589395700786275,0.989,0.9804106042992137,0.9938468259019134,True,False,False,True,False,False,outside_inner_prior
QUMOND,1,test,2,1.0,0.3,,160,fitted_grid,outside_inner_prior,12,326112001,envelope,covariates_only66,uniform_white,1000,1000,217,0,783,783,0,1000,0.0,13.139,11.905,0.217,0.19256080207751963,0.24360514322530458,0.0,2.168404344971009e-19,0.0038267584855551234,0.783,0.7563948567746954,0.8074391979224804,1.0,0.996173241514445,1.0,False,True,False,False,True,False,outside_inner_prior
QUMOND,1,test,2,1.0,0.3,,160,fitted_grid,outside_inner_prior,12,326112001,envelope,covariates_only66,clustered_correlated,1000,1000,197,0,803,803,0,1000,0.0,13.135,11.887,0.197,0.17352816173578522,0.22279085390646125,0.0,2.168404344971009e-19,0.0038267584855551234,0.803,0.7772091460935389,0.8264718382642149,1.0,0.996173241514445,1.0,False,True,False,False,True,False,outside_inner_prior
QUMOND,1,test,2,1.0,0.3,,160,fitted_grid,outside_inner_prior,12,326112001,envelope,covariates_only66,sparse_floor,1000,1000,240,0,760,760,0,1000,0.0,13.139,11.795,0.24,0.21455652518754262,0.2674333892249461,0.0,2.168404344971009e-19,0.0038267584855551234,0.76,0.7325666107750539,0.7854434748124575,1.0,0.996173241514445,1.0,False,True,False,False,True,False,outside_inner_prior
QUMOND,1,test,2,1.3,0.0,,,fitted_grid,pure,13,326113001,baseline,covariates_only66,uniform_white,1000,1000,6,0,994,994,0,1000,0.0,13.164,14.366,0.006,0.0027526691418763745,0.01302816824185209,0.0,2.168404344971009e-19,0.0038267584855551234,0.994,0.9869718317581478,0.9972473308581237,1.0,0.996173241514445,1.0,False,True,False,False,True,False,fitted_family
QUMOND,1,test,2,1.3,0.0,,,fitted_grid,pure,13,326113001,baseline,covariates_only66,clustered_correlated,1000,1000,6,0,994,994,0,1000,0.0,13.145,14.339,0.006,0.0027526691418763745,0.01302816824185209,0.0,2.168404344971009e-19,0.0038267584855551234,0.994,0.9869718317581478,0.9972473308581237,1.0,0.996173241514445,1.0,False,True,False,False,True,False,fitted_family
QUMOND,1,test,2,1.3,0.0,,,fitted_grid,pure,13,326113001,baseline,covariates_only66,sparse_floor,1000,1000,12,1,987,987,0,999,0.0,13.154,14.314,0.012,0.006877647806403522,0.02085726847549828,0.001,0.00017654637062607809,0.0056425585979579355,0.987,0.9778855576244203,0.9923871796106489,0.999,0.9943574414020421,0.9998234536293739,False,True,False,False,True,False,fitted_family
QUMOND,1,test,2,1.3,0.0,,,fitted_grid,pure,13,326113001,envelope,covariates_only66,uniform_white,1000,1000,1,0,999,999,0,1000,0.0,13.164,14.366,0.001,0.00017654637062607809,0.0056425585979579355,0.0,2.168404344971009e-19,0.0038267584855551234,0.999,0.9943574414020421,0.9998234536293739,1.0,0.996173241514445,1.0,False,True,False,False,True,False,fitted_family
QUMOND,1,test,2,1.3,0.0,,,fitted_grid,pure,13,326113001,envelope,covariates_only66,clustered_correlated,1000,1000,0,0,1000,1000,0,1000,0.0,13.145,14.339,0.0,2.168404344971009e-19,0.0038267584855551234,0.0,2.168404344971009e-19,0.0038267584855551234,1.0,0.996173241514445,1.0,1.0,0.996173241514445,1.0,False,True,False,False,True,False,fitted_family
QUMOND,1,test,2,1.3,0.0,,,fitted_grid,pure,13,326113001,envelope,covariates_only66,sparse_floor,1000,1000,2,0,998,998,0,1000,0.0,13.154,14.314,0.002,0.000548643588120728,0.007262807863492177,0.0,2.168404344971009e-19,0.0038267584855551234,0.998,0.9927371921365079,0.9994513564118793,1.0,0.996173241514445,1.0,False,True,False,False,True,False,fitted_family
QUMOND,1,test,2,1.3,0.075,,40,fitted_grid,fitted_prior,14,326114001,baseline,covariates_only66,uniform_white,1000,1000,11,1,988,988,0,999,0.0,13.154,14.315,0.011,0.006153174098086638,0.019589395700786275,0.001,0.00017654637062607809,0.0056425585979579355,0.988,0.9791427315245017,0.9931223521935965,0.999,0.9943574414020421,0.9998234536293739,False,True,False,False,True,False,fitted_family
QUMOND,1,test,2,1.3,0.075,,40,fitted_grid,fitted_prior,14,326114001,baseline,covariates_only66,clustered_correlated,1000,1000,8,1,991,990,1,998,0.0,13.135,14.295,0.008,0.004059195818806103,0.015706334530980144,0.001,0.00017654637062607809,0.0056425585979579355,0.991,0.982984183834662,0.9952579393325229,0.998,0.9927371921365079,0.9994513564118793,False,True,False,False,True,False,fitted_family
QUMOND,1,test,2,1.3,0.075,,40,fitted_grid,fitted_prior,14,326114001,baseline,covariates_only66,sparse_floor,1000,1000,19,1,980,979,1,998,0.0,13.144,14.323,0.019,0.012196885750790904,0.02948445591231312,0.001,0.00017654637062607809,0.0056425585979579355,0.98,0.9693099947702822,0.987016317083585,0.998,0.9927371921365079,0.9994513564118793,False,True,False,False,True,False,fitted_family
QUMOND,1,test,2,1.3,0.075,,40,fitted_grid,fitted_prior,14,326114001,envelope,covariates_only66,uniform_white,1000,1000,1,1,998,998,0,999,0.0,13.154,14.315,0.001,0.00017654637062607809,0.0056425585979579355,0.001,0.00017654637062607809,0.0056425585979579355,0.998,0.9927371921365079,0.9994513564118793,0.999,0.9943574414020421,0.9998234536293739,False,True,False,False,True,False,fitted_family
QUMOND,1,test,2,1.3,0.075,,40,fitted_grid,fitted_prior,14,326114001,envelope,covariates_only66,clustered_correlated,1000,1000,2,1,997,997,0,999,0.0,13.135,14.295,0.002,0.000548643588120728,0.007262807863492177,0.001,0.00017654637062607809,0.0056425585979579355,0.997,0.9912169859464969,0.9989792161188614,0.999,0.9943574414020421,0.9998234536293739,False,True,False,False,True,False,fitted_family
QUMOND,1,test,2,1.3,0.075,,40,fitted_grid,fitted_prior,14,326114001,envelope,covariates_only66,sparse_floor,1000,1000,0,0,1000,999,1,999,0.0,13.144,14.323,0.0,2.168404344971009e-19,0.0038267584855551234,0.0,2.168404344971009e-19,0.0038267584855551234,1.0,0.996173241514445,1.0,0.999,0.9943574414020421,0.9998234536293739,False,True,False,False,True,False,fitted_family
QUMOND,1,test,2,1.3,0.075,,80,fitted_grid,fitted_prior,15,326115001,baseline,covariates_only66,uniform_white,1000,1000,9,2,989,988,1,997,0.0,13.178,14.296,0.009,0.004742060667477063,0.01701581616533807,0.002,0.000548643588120728,0.007262807863492177,0.989,0.9804106042992137,0.9938468259019134,0.997,0.9912169859464969,0.9989792161188614,False,True,False,False,True,False,fitted_family
QUMOND,1,test,2,1.3,0.075,,80,fitted_grid,fitted_prior,15,326115001,baseline,covariates_only66,clustered_correlated,1000,1000,8,0,992,990,2,998,0.0,13.163,14.303,0.008,0.004059195818806103,0.015706334530980144,0.0,2.168404344971009e-19,0.0038267584855551234,0.992,0.9842936654690199,0.995940804181194,0.998,0.9927371921365079,0.9994513564118793,False,True,False,False,True,False,fitted_family
QUMOND,1,test,2,1.3,0.075,,80,fitted_grid,fitted_prior,15,326115001,baseline,covariates_only66,sparse_floor,1000,1000,19,2,979,979,0,998,0.0,13.185,14.299,0.019,0.012196885750790904,0.02948445591231312,0.002,0.000548643588120728,0.007262807863492177,0.979,0.9681097049387625,0.9862242604320758,0.998,0.9927371921365079,0.9994513564118793,False,True,False,False,True,False,fitted_family
QUMOND,1,test,2,1.3,0.075,,80,fitted_grid,fitted_prior,15,326115001,envelope,covariates_only66,uniform_white,1000,1000,2,1,997,996,1,998,0.0,13.178,14.296,0.002,0.000548643588120728,0.007262807863492177,0.001,0.00017654637062607809,0.0056425585979579355,0.997,0.9912169859464969,0.9989792161188614,0.998,0.9927371921365079,0.9994513564118793,False,True,False,False,True,False,fitted_family
QUMOND,1,test,2,1.3,0.075,,80,fitted_grid,fitted_prior,15,326115001,envelope,covariates_only66,clustered_correlated,1000,1000,1,0,999,998,1,999,0.0,13.163,14.303,0.001,0.00017654637062607809,0.0056425585979579355,0.0,2.168404344971009e-19,0.0038267584855551234,0.999,0.9943574414020421,0.9998234536293739,0.999,0.9943574414020421,0.9998234536293739,False,True,False,False,True,False,fitted_family
QUMOND,1,test,2,1.3,0.075,,80,fitted_grid,fitted_prior,15,326115001,envelope,covariates_only66,sparse_floor,1000,1000,3,1,996,996,0,999,0.0,13.185,14.299,0.003,0.0010207838811386186,0.008783014053503173,0.001,0.00017654637062607809,0.0056425585979579355,0.996,0.9897604437227377,0.9984434118595916,0.999,0.9943574414020421,0.9998234536293739,False,True,False,False,True,False,fitted_family
QUMOND,1,test,2,1.3,0.075,,60,fitted_grid,outside_inner_prior,16,326116001,baseline,covariates_only66,uniform_white,1000,1000,8,0,992,992,0,1000,0.0,13.094,14.309,0.008,0.004059195818806103,0.015706334530980144,0.0,2.168404344971009e-19,0.0038267584855551234,0.992,0.9842936654690199,0.995940804181194,1.0,0.996173241514445,1.0,False,True,False,False,True,False,outside_inner_prior
QUMOND,1,test,2,1.3,0.075,,60,fitted_grid,outside_inner_prior,16,326116001,baseline,covariates_only66,clustered_correlated,1000,1000,9,1,990,989,1,998,0.0,13.106,14.305,0.009,0.004742060667477063,0.01701581616533807,0.001,0.00017654637062607809,0.0056425585979579355,0.99,0.9816905311296853,0.9945592455544707,0.998,0.9927371921365079,0.9994513564118793,False,True,False,False,True,False,outside_inner_prior
QUMOND,1,test,2,1.3,0.075,,60,fitted_grid,outside_inner_prior,16,326116001,baseline,covariates_only66,sparse_floor,1000,1000,15,1,984,984,0,999,0.0,13.095,14.32,0.015,0.009110978804081668,0.024600976926906798,0.001,0.00017654637062607809,0.0056425585979579355,0.984,0.97416793978826,0.9901277579977227,0.999,0.9943574414020421,0.9998234536293739,False,True,False,False,True,False,outside_inner_prior
QUMOND,1,test,2,1.3,0.075,,60,fitted_grid,outside_inner_prior,16,326116001,envelope,covariates_only66,uniform_white,1000,1000,1,0,999,999,0,1000,0.0,13.094,14.309,0.001,0.00017654637062607809,0.0056425585979579355,0.0,2.168404344971009e-19,0.0038267584855551234,0.999,0.9943574414020421,0.9998234536293739,1.0,0.996173241514445,1.0,False,True,False,False,True,False,outside_inner_prior
QUMOND,1,test,2,1.3,0.075,,60,fitted_grid,outside_inner_prior,16,326116001,envelope,covariates_only66,clustered_correlated,1000,1000,1,1,998,998,0,999,0.0,13.106,14.305,0.001,0.00017654637062607809,0.0056425585979579355,0.001,0.00017654637062607809,0.0056425585979579355,0.998,0.9927371921365079,0.9994513564118793,0.999,0.9943574414020421,0.9998234536293739,False,True,False,False,True,False,outside_inner_prior
QUMOND,1,test,2,1.3,0.075,,60,fitted_grid,outside_inner_prior,16,326116001,envelope,covariates_only66,sparse_floor,1000,1000,1,1,998,998,0,999,0.0,13.095,14.32,0.001,0.00017654637062607809,0.0056425585979579355,0.001,0.00017654637062607809,0.0056425585979579355,0.998,0.9927371921365079,0.9994513564118793,0.999,0.9943574414020421,0.9998234536293739,False,True,False,False,True,False,outside_inner_prior
QUMOND,1,test,2,1.3,0.075,,160,fitted_grid,outside_inner_prior,17,326117001,baseline,covariates_only66,uniform_white,1000,1000,8,2,990,986,4,994,0.0,13.162,14.12,0.008,0.004059195818806103,0.015706334530980144,0.002,0.000548643588120728,0.007262807863492177,0.99,0.9816905311296853,0.9945592455544707,0.994,0.9869718317581478,0.9972473308581237,False,True,False,False,False,False,outside_inner_prior
QUMOND,1,test,2,1.3,0.075,,160,fitted_grid,outside_inner_prior,17,326117001,baseline,covariates_only66,clustered_correlated,1000,1000,10,3,987,984,3,994,0.0,13.167,14.149,0.01,0.005440754445529249,0.018309468870314774,0.003,0.0010207838811386186,0.008783014053503173,0.987,0.9778855576244203,0.9923871796106489,0.994,0.9869718317581478,0.9972473308581237,False,True,False,False,False,False,outside_inner_prior
QUMOND,1,test,2,1.3,0.075,,160,fitted_grid,outside_inner_prior,17,326117001,baseline,covariates_only66,sparse_floor,1000,1000,15,3,982,978,4,993,0.0,13.159,14.082,0.015,0.009110978804081668,0.024600976926906798,0.003,0.0010207838811386186,0.008783014053503173,0.982,0.9717267448294926,0.9885842599904322,0.993,0.9856216845342334,0.9966051315990092,False,True,False,False,False,False,outside_inner_prior
QUMOND,1,test,2,1.3,0.075,,160,fitted_grid,outside_inner_prior,17,326117001,envelope,covariates_only66,uniform_white,1000,1000,0,4,996,994,2,994,0.0,13.162,14.12,0.0,2.168404344971009e-19,0.0038267584855551234,0.004,0.0015565881404084308,0.010239556277262253,0.996,0.9897604437227377,0.9984434118595916,0.994,0.9869718317581478,0.9972473308581237,False,True,False,False,False,False,outside_inner_prior
QUMOND,1,test,2,1.3,0.075,,160,fitted_grid,outside_inner_prior,17,326117001,envelope,covariates_only66,clustered_correlated,1000,1000,1,2,997,995,2,996,0.0,13.167,14.149,0.001,0.00017654637062607809,0.0056425585979579355,0.002,0.000548643588120728,0.007262807863492177,0.997,0.9912169859464969,0.9989792161188614,0.996,0.9897604437227377,0.9984434118595916,False,True,False,False,False,False,outside_inner_prior
QUMOND,1,test,2,1.3,0.075,,160,fitted_grid,outside_inner_prior,17,326117001,envelope,covariates_only66,sparse_floor,1000,1000,0,4,996,994,2,994,0.0,13.159,14.082,0.0,2.168404344971009e-19,0.0038267584855551234,0.004,0.0015565881404084308,0.010239556277262253,0.996,0.9897604437227377,0.9984434118595916,0.994,0.9869718317581478,0.9972473308581237,False,True,False,False,False,False,outside_inner_prior
QUMOND,1,test,2,1.3,0.225,,40,fitted_grid,fitted_prior,18,326118001,baseline,covariates_only66,uniform_white,1000,1000,10,0,990,990,0,1000,0.0,13.121,14.079,0.01,0.005440754445529249,0.018309468870314774,0.0,2.168404344971009e-19,0.0038267584855551234,0.99,0.9816905311296853,0.9945592455544707,1.0,0.996173241514445,1.0,False,True,False,False,True,False,fitted_family
QUMOND,1,test,2,1.3,0.225,,40,fitted_grid,fitted_prior,18,326118001,baseline,covariates_only66,clustered_correlated,1000,1000,10,0,990,988,2,998,0.0,13.124,14.11,0.01,0.005440754445529249,0.018309468870314774,0.0,2.168404344971009e-19,0.0038267584855551234,0.99,0.9816905311296853,0.9945592455544707,0.998,0.9927371921365079,0.9994513564118793,False,True,False,False,True,False,fitted_family
QUMOND,1,test,2,1.3,0.225,,40,fitted_grid,fitted_prior,18,326118001,baseline,covariates_only66,sparse_floor,1000,1000,18,1,981,981,0,999,0.0,13.13,14.053,0.018,0.011415740009567788,0.028273255170507345,0.001,0.00017654637062607809,0.0056425585979579355,0.981,0.9705155440876868,0.9878031142492091,0.999,0.9943574414020421,0.9998234536293739,False,True,False,False,True,False,fitted_family
QUMOND,1,test,2,1.3,0.225,,40,fitted_grid,fitted_prior,18,326118001,envelope,covariates_only66,uniform_white,1000,1000,0,0,1000,1000,0,1000,0.0,13.121,14.079,0.0,2.168404344971009e-19,0.0038267584855551234,0.0,2.168404344971009e-19,0.0038267584855551234,1.0,0.996173241514445,1.0,1.0,0.996173241514445,1.0,False,True,False,False,True,False,fitted_family
QUMOND,1,test,2,1.3,0.225,,40,fitted_grid,fitted_prior,18,326118001,envelope,covariates_only66,clustered_correlated,1000,1000,0,0,1000,999,1,999,0.0,13.124,14.11,0.0,2.168404344971009e-19,0.0038267584855551234,0.0,2.168404344971009e-19,0.0038267584855551234,1.0,0.996173241514445,1.0,0.999,0.9943574414020421,0.9998234536293739,False,True,False,False,True,False,fitted_family
QUMOND,1,test,2,1.3,0.225,,40,fitted_grid,fitted_prior,18,326118001,envelope,covariates_only66,sparse_floor,1000,1000,0,1,999,999,0,999,0.0,13.13,14.053,0.0,2.168404344971009e-19,0.0038267584855551234,0.001,0.00017654637062607809,0.0056425585979579355,0.999,0.9943574414020421,0.9998234536293739,0.999,0.9943574414020421,0.9998234536293739,False,True,False,False,True,False,fitted_family
QUMOND,1,test,2,1.3,0.225,,80,fitted_grid,fitted_prior,19,326119001,baseline,covariates_only66,uniform_white,1000,1000,9,0,991,991,0,1000,0.0,13.149,14.393,0.009,0.004742060667477063,0.01701581616533807,0.0,2.168404344971009e-19,0.0038267584855551234,0.991,0.982984183834662,0.9952579393325229,1.0,0.996173241514445,1.0,False,True,False,False,True,False,fitted_family
QUMOND,1,test,2,1.3,0.225,,80,fitted_grid,fitted_prior,19,326119001,baseline,covariates_only66,clustered_correlated,1000,1000,10,2,988,986,2,996,0.0,13.143,14.35,0.01,0.005440754445529249,0.018309468870314774,0.002,0.000548643588120728,0.007262807863492177,0.988,0.9791427315245017,0.9931223521935965,0.996,0.9897604437227377,0.9984434118595916,False,True,False,False,False,False,fitted_family
QUMOND,1,test,2,1.3,0.225,,80,fitted_grid,fitted_prior,19,326119001,baseline,covariates_only66,sparse_floor,1000,1000,15,0,985,985,0,1000,0.0,13.164,14.413,0.015,0.009110978804081668,0.024600976926906798,0.0,2.168404344971009e-19,0.0038267584855551234,0.985,0.9753990230730932,0.9908890211959184,1.0,0.996173241514445,1.0,False,True,False,False,True,False,fitted_family
QUMOND,1,test,2,1.3,0.225,,80,fitted_grid,fitted_prior,19,326119001,envelope,covariates_only66,uniform_white,1000,1000,1,0,999,999,0,1000,0.0,13.149,14.393,0.001,0.00017654637062607809,0.0056425585979579355,0.0,2.168404344971009e-19,0.0038267584855551234,0.999,0.9943574414020421,0.9998234536293739,1.0,0.996173241514445,1.0,False,True,False,False,True,False,fitted_family
QUMOND,1,test,2,1.3,0.225,,80,fitted_grid,fitted_prior,19,326119001,envelope,covariates_only66,clustered_correlated,1000,1000,3,0,997,997,0,1000,0.0,13.143,14.35,0.003,0.0010207838811386186,0.008783014053503173,0.0,2.168404344971009e-19,0.0038267584855551234,0.997,0.9912169859464969,0.9989792161188614,1.0,0.996173241514445,1.0,False,True,False,False,True,False,fitted_family
QUMOND,1,test,2,1.3,0.225,,80,fitted_grid,fitted_prior,19,326119001,envelope,covariates_only66,sparse_floor,1000,1000,2,0,998,998,0,1000,0.0,13.164,14.413,0.002,0.000548643588120728,0.007262807863492177,0.0,2.168404344971009e-19,0.0038267584855551234,0.998,0.9927371921365079,0.9994513564118793,1.0,0.996173241514445,1.0,False,True,False,False,True,False,fitted_family
QUMOND,1,test,2,1.3,0.225,,60,fitted_grid,outside_inner_prior,20,326120001,baseline,covariates_only66,uniform_white,1000,1000,4,0,996,996,0,1000,0.0,13.128,14.328,0.004,0.0015565881404084308,0.010239556277262253,0.0,2.168404344971009e-19,0.0038267584855551234,0.996,0.9897604437227377,0.9984434118595916,1.0,0.996173241514445,1.0,False,True,False,False,True,False,outside_inner_prior
QUMOND,1,test,2,1.3,0.225,,60,fitted_grid,outside_inner_prior,20,326120001,baseline,covariates_only66,clustered_correlated,1000,1000,8,0,992,992,0,1000,0.0,13.137,14.347,0.008,0.004059195818806103,0.015706334530980144,0.0,2.168404344971009e-19,0.0038267584855551234,0.992,0.9842936654690199,0.995940804181194,1.0,0.996173241514445,1.0,False,True,False,False,True,False,outside_inner_prior
QUMOND,1,test,2,1.3,0.225,,60,fitted_grid,outside_inner_prior,20,326120001,baseline,covariates_only66,sparse_floor,1000,1000,17,0,983,983,0,1000,0.0,13.121,14.278,0.017,0.010640689856816328,0.027055958840229925,0.0,2.168404344971009e-19,0.0038267584855551234,0.983,0.9729440411597701,0.9893593101431837,1.0,0.996173241514445,1.0,False,True,False,False,True,False,outside_inner_prior
QUMOND,1,test,2,1.3,0.225,,60,fitted_grid,outside_inner_prior,20,326120001,envelope,covariates_only66,uniform_white,1000,1000,0,0,1000,1000,0,1000,0.0,13.128,14.328,0.0,2.168404344971009e-19,0.0038267584855551234,0.0,2.168404344971009e-19,0.0038267584855551234,1.0,0.996173241514445,1.0,1.0,0.996173241514445,1.0,False,True,False,False,True,False,outside_inner_prior
QUMOND,1,test,2,1.3,0.225,,60,fitted_grid,outside_inner_prior,20,326120001,envelope,covariates_only66,clustered_correlated,1000,1000,1,0,999,999,0,1000,0.0,13.137,14.347,0.001,0.00017654637062607809,0.0056425585979579355,0.0,2.168404344971009e-19,0.0038267584855551234,0.999,0.9943574414020421,0.9998234536293739,1.0,0.996173241514445,1.0,False,True,False,False,True,False,outside_inner_prior
QUMOND,1,test,2,1.3,0.225,,60,fitted_grid,outside_inner_prior,20,326120001,envelope,covariates_only66,sparse_floor,1000,1000,2,0,998,998,0,1000,0.0,13.121,14.278,0.002,0.000548643588120728,0.007262807863492177,0.0,2.168404344971009e-19,0.0038267584855551234,0.998,0.9927371921365079,0.9994513564118793,1.0,0.996173241514445,1.0,False,True,False,False,True,False,outside_inner_prior
QUMOND,1,test,2,1.3,0.225,,160,fitted_grid,outside_inner_prior,21,326121001,baseline,covariates_only66,uniform_white,1000,1000,4,1,995,994,1,998,0.0,13.117,14.35,0.004,0.0015565881404084308,0.010239556277262253,0.001,0.00017654637062607809,0.0056425585979579355,0.995,0.9883490446266249,0.9978624644726756,0.998,0.9927371921365079,0.9994513564118793,False,True,False,False,True,False,outside_inner_prior
QUMOND,1,test,2,1.3,0.225,,160,fitted_grid,outside_inner_prior,21,326121001,baseline,covariates_only66,clustered_correlated,1000,1000,10,0,990,989,1,999,0.0,13.113,14.317,0.01,0.005440754445529249,0.018309468870314774,0.0,2.168404344971009e-19,0.0038267584855551234,0.99,0.9816905311296853,0.9945592455544707,0.999,0.9943574414020421,0.9998234536293739,False,True,False,False,True,False,outside_inner_prior
QUMOND,1,test,2,1.3,0.225,,160,fitted_grid,outside_inner_prior,21,326121001,baseline,covariates_only66,sparse_floor,1000,1000,7,3,990,989,1,996,0.0,13.112,14.324,0.007,0.0033948684009907646,0.014378315465766588,0.003,0.0010207838811386186,0.008783014053503173,0.99,0.9816905311296853,0.9945592455544707,0.996,0.9897604437227377,0.9984434118595916,False,True,False,False,False,False,outside_inner_prior
QUMOND,1,test,2,1.3,0.225,,160,fitted_grid,outside_inner_prior,21,326121001,envelope,covariates_only66,uniform_white,1000,1000,0,1,999,998,1,998,0.0,13.117,14.35,0.0,2.168404344971009e-19,0.0038267584855551234,0.001,0.00017654637062607809,0.0056425585979579355,0.999,0.9943574414020421,0.9998234536293739,0.998,0.9927371921365079,0.9994513564118793,False,True,False,False,True,False,outside_inner_prior
QUMOND,1,test,2,1.3,0.225,,160,fitted_grid,outside_inner_prior,21,326121001,envelope,covariates_only66,clustered_correlated,1000,1000,0,0,1000,999,1,999,0.0,13.113,14.317,0.0,2.168404344971009e-19,0.0038267584855551234,0.0,2.168404344971009e-19,0.0038267584855551234,1.0,0.996173241514445,1.0,0.999,0.9943574414020421,0.9998234536293739,False,True,False,False,True,False,outside_inner_prior
QUMOND,1,test,2,1.3,0.225,,160,fitted_grid,outside_inner_prior,21,326121001,envelope,covariates_only66,sparse_floor,1000,1000,0,1,999,998,1,998,0.0,13.112,14.324,0.0,2.168404344971009e-19,0.0038267584855551234,0.001,0.00017654637062607809,0.0056425585979579355,0.999,0.9943574414020421,0.9998234536293739,0.998,0.9927371921365079,0.9994513564118793,False,True,False,False,True,False,outside_inner_prior
QUMOND,1,test,2,1.3,0.3,,40,fitted_grid,fitted_prior,22,326122001,baseline,covariates_only66,uniform_white,1000,1000,5,0,995,995,0,1000,0.0,13.149,14.181,0.005,0.0021375355273244596,0.011650955373375113,0.0,2.168404344971009e-19,0.0038267584855551234,0.995,0.9883490446266249,0.9978624644726756,1.0,0.996173241514445,1.0,False,True,False,False,True,False,fitted_family
QUMOND,1,test,2,1.3,0.3,,40,fitted_grid,fitted_prior,22,326122001,baseline,covariates_only66,clustered_correlated,1000,1000,5,1,994,994,0,999,0.0,13.152,14.181,0.005,0.0021375355273244596,0.011650955373375113,0.001,0.00017654637062607809,0.0056425585979579355,0.994,0.9869718317581478,0.9972473308581237,0.999,0.9943574414020421,0.9998234536293739,False,True,False,False,True,False,fitted_family
QUMOND,1,test,2,1.3,0.3,,40,fitted_grid,fitted_prior,22,326122001,baseline,covariates_only66,sparse_floor,1000,1000,16,0,984,984,0,1000,0.0,13.154,14.151,0.016,0.009872242002277388,0.02583206021173997,0.0,2.168404344971009e-19,0.0038267584855551234,0.984,0.97416793978826,0.9901277579977227,1.0,0.996173241514445,1.0,False,True,False,False,True,False,fitted_family
QUMOND,1,test,2,1.3,0.3,,40,fitted_grid,fitted_prior,22,326122001,envelope,covariates_only66,uniform_white,1000,1000,0,0,1000,1000,0,1000,0.0,13.149,14.181,0.0,2.168404344971009e-19,0.0038267584855551234,0.0,2.168404344971009e-19,0.0038267584855551234,1.0,0.996173241514445,1.0,1.0,0.996173241514445,1.0,False,True,False,False,True,False,fitted_family
QUMOND,1,test,2,1.3,0.3,,40,fitted_grid,fitted_prior,22,326122001,envelope,covariates_only66,clustered_correlated,1000,1000,0,1,999,999,0,999,0.0,13.152,14.181,0.0,2.168404344971009e-19,0.0038267584855551234,0.001,0.00017654637062607809,0.0056425585979579355,0.999,0.9943574414020421,0.9998234536293739,0.999,0.9943574414020421,0.9998234536293739,False,True,False,False,True,False,fitted_family
QUMOND,1,test,2,1.3,0.3,,40,fitted_grid,fitted_prior,22,326122001,envelope,covariates_only66,sparse_floor,1000,1000,0,0,1000,1000,0,1000,0.0,13.154,14.151,0.0,2.168404344971009e-19,0.0038267584855551234,0.0,2.168404344971009e-19,0.0038267584855551234,1.0,0.996173241514445,1.0,1.0,0.996173241514445,1.0,False,True,False,False,True,False,fitted_family
QUMOND,1,test,2,1.3,0.3,,80,fitted_grid,fitted_prior,23,326123001,baseline,covariates_only66,uniform_white,1000,1000,14,0,986,986,0,1000,0.0,13.147,14.324,0.014,0.00835757513042392,0.02336203411753566,0.0,2.168404344971009e-19,0.0038267584855551234,0.986,0.9766379658824644,0.9916424248695761,1.0,0.996173241514445,1.0,False,True,False,False,True,False,fitted_family
QUMOND,1,test,2,1.3,0.3,,80,fitted_grid,fitted_prior,23,326123001,baseline,covariates_only66,clustered_correlated,1000,1000,11,0,989,989,0,1000,0.0,13.142,14.368,0.011,0.006153174098086638,0.019589395700786275,0.0,2.168404344971009e-19,0.0038267584855551234,0.989,0.9804106042992137,0.9938468259019134,1.0,0.996173241514445,1.0,False,True,False,False,True,False,fitted_family
QUMOND,1,test,2,1.3,0.3,,80,fitted_grid,fitted_prior,23,326123001,baseline,covariates_only66,sparse_floor,1000,1000,24,0,976,976,0,1000,0.0,13.162,14.287,0.024,0.016180168466636995,0.03546290561161149,0.0,2.168404344971009e-19,0.0038267584855551234,0.976,0.9645370943883885,0.9838198315333629,1.0,0.996173241514445,1.0,False,True,False,False,True,False,fitted_family
QUMOND,1,test,2,1.3,0.3,,80,fitted_grid,fitted_prior,23,326123001,envelope,covariates_only66,uniform_white,1000,1000,1,0,999,999,0,1000,0.0,13.147,14.324,0.001,0.00017654637062607809,0.0056425585979579355,0.0,2.168404344971009e-19,0.0038267584855551234,0.999,0.9943574414020421,0.9998234536293739,1.0,0.996173241514445,1.0,False,True,False,False,True,False,fitted_family
QUMOND,1,test,2,1.3,0.3,,80,fitted_grid,fitted_prior,23,326123001,envelope,covariates_only66,clustered_correlated,1000,1000,0,0,1000,1000,0,1000,0.0,13.142,14.368,0.0,2.168404344971009e-19,0.0038267584855551234,0.0,2.168404344971009e-19,0.0038267584855551234,1.0,0.996173241514445,1.0,1.0,0.996173241514445,1.0,False,True,False,False,True,False,fitted_family
QUMOND,1,test,2,1.3,0.3,,80,fitted_grid,fitted_prior,23,326123001,envelope,covariates_only66,sparse_floor,1000,1000,3,0,997,997,0,1000,0.0,13.162,14.287,0.003,0.0010207838811386186,0.008783014053503173,0.0,2.168404344971009e-19,0.0038267584855551234,0.997,0.9912169859464969,0.9989792161188614,1.0,0.996173241514445,1.0,False,True,False,False,True,False,fitted_family
QUMOND,1,test,2,1.3,0.3,,60,fitted_grid,outside_inner_prior,24,326124001,baseline,covariates_only66,uniform_white,1000,1000,9,1,990,989,1,998,0.0,13.102,14.533,0.009,0.004742060667477063,0.01701581616533807,0.001,0.00017654637062607809,0.0056425585979579355,0.99,0.9816905311296853,0.9945592455544707,0.998,0.9927371921365079,0.9994513564118793,False,True,False,False,True,False,outside_inner_prior
QUMOND,1,test,2,1.3,0.3,,60,fitted_grid,outside_inner_prior,24,326124001,baseline,covariates_only66,clustered_correlated,1000,1000,10,2,988,987,1,997,0.0,13.101,14.563,0.01,0.005440754445529249,0.018309468870314774,0.002,0.000548643588120728,0.007262807863492177,0.988,0.9791427315245017,0.9931223521935965,0.997,0.9912169859464969,0.9989792161188614,False,True,False,False,True,False,outside_inner_prior
QUMOND,1,test,2,1.3,0.3,,60,fitted_grid,outside_inner_prior,24,326124001,baseline,covariates_only66,sparse_floor,1000,1000,19,2,979,979,0,998,0.0,13.086,14.554,0.019,0.012196885750790904,0.02948445591231312,0.002,0.000548643588120728,0.007262807863492177,0.979,0.9681097049387625,0.9862242604320758,0.998,0.9927371921365079,0.9994513564118793,False,True,False,False,True,False,outside_inner_prior
QUMOND,1,test,2,1.3,0.3,,60,fitted_grid,outside_inner_prior,24,326124001,envelope,covariates_only66,uniform_white,1000,1000,2,1,997,996,1,998,0.0,13.102,14.533,0.002,0.000548643588120728,0.007262807863492177,0.001,0.00017654637062607809,0.0056425585979579355,0.997,0.9912169859464969,0.9989792161188614,0.998,0.9927371921365079,0.9994513564118793,False,True,False,False,True,False,outside_inner_prior
QUMOND,1,test,2,1.3,0.3,,60,fitted_grid,outside_inner_prior,24,326124001,envelope,covariates_only66,clustered_correlated,1000,1000,2,1,997,997,0,999,0.0,13.101,14.563,0.002,0.000548643588120728,0.007262807863492177,0.001,0.00017654637062607809,0.0056425585979579355,0.997,0.9912169859464969,0.9989792161188614,0.999,0.9943574414020421,0.9998234536293739,False,True,False,False,True,False,outside_inner_prior
QUMOND,1,test,2,1.3,0.3,,60,fitted_grid,outside_inner_prior,24,326124001,envelope,covariates_only66,sparse_floor,1000,1000,1,1,998,998,0,999,0.0,13.086,14.554,0.001,0.00017654637062607809,0.0056425585979579355,0.001,0.00017654637062607809,0.0056425585979579355,0.998,0.9927371921365079,0.9994513564118793,0.999,0.9943574414020421,0.9998234536293739,False,True,False,False,True,False,outside_inner_prior
QUMOND,1,test,2,1.3,0.3,,160,fitted_grid,outside_inner_prior,25,326125001,baseline,covariates_only66,uniform_white,1000,1000,6,1,993,993,0,999,0.0,13.088,14.192,0.006,0.0027526691418763745,0.01302816824185209,0.001,0.00017654637062607809,0.0056425585979579355,0.993,0.9856216845342334,0.9966051315990092,0.999,0.9943574414020421,0.9998234536293739,False,True,False,False,True,False,outside_inner_prior
QUMOND,1,test,2,1.3,0.3,,160,fitted_grid,outside_inner_prior,25,326125001,baseline,covariates_only66,clustered_correlated,1000,1000,8,3,989,989,0,997,0.0,13.092,14.163,0.008,0.004059195818806103,0.015706334530980144,0.003,0.0010207838811386186,0.008783014053503173,0.989,0.9804106042992137,0.9938468259019134,0.997,0.9912169859464969,0.9989792161188614,False,True,False,False,True,False,outside_inner_prior
QUMOND,1,test,2,1.3,0.3,,160,fitted_grid,outside_inner_prior,25,326125001,baseline,covariates_only66,sparse_floor,1000,1000,12,1,987,987,0,999,0.0,13.088,14.229,0.012,0.006877647806403522,0.02085726847549828,0.001,0.00017654637062607809,0.0056425585979579355,0.987,0.9778855576244203,0.9923871796106489,0.999,0.9943574414020421,0.9998234536293739,False,True,False,False,True,False,outside_inner_prior
QUMOND,1,test,2,1.3,0.3,,160,fitted_grid,outside_inner_prior,25,326125001,envelope,covariates_only66,uniform_white,1000,1000,0,0,1000,1000,0,1000,0.0,13.088,14.192,0.0,2.168404344971009e-19,0.0038267584855551234,0.0,2.168404344971009e-19,0.0038267584855551234,1.0,0.996173241514445,1.0,1.0,0.996173241514445,1.0,False,True,False,False,True,False,outside_inner_prior
QUMOND,1,test,2,1.3,0.3,,160,fitted_grid,outside_inner_prior,25,326125001,envelope,covariates_only66,clustered_correlated,1000,1000,2,2,996,996,0,998,0.0,13.092,14.163,0.002,0.000548643588120728,0.007262807863492177,0.002,0.000548643588120728,0.007262807863492177,0.996,0.9897604437227377,0.9984434118595916,0.998,0.9927371921365079,0.9994513564118793,False,True,False,False,True,False,outside_inner_prior
QUMOND,1,test,2,1.3,0.3,,160,fitted_grid,outside_inner_prior,25,326125001,envelope,covariates_only66,sparse_floor,1000,1000,2,0,998,998,0,1000,0.0,13.088,14.229,0.002,0.000548643588120728,0.007262807863492177,0.0,2.168404344971009e-19,0.0038267584855551234,0.998,0.9927371921365079,0.9994513564118793,1.0,0.996173241514445,1.0,False,True,False,False,True,False,outside_inner_prior
QUMOND,1,test,2,1.6,0.0,,,fitted_grid,pure,26,326126001,baseline,covariates_only66,uniform_white,1000,1000,19,1,980,978,2,997,0.0,13.04,14.157,0.019,0.012196885750790904,0.02948445591231312,0.001,0.00017654637062607809,0.0056425585979579355,0.98,0.9693099947702822,0.987016317083585,0.997,0.9912169859464969,0.9989792161188614,False,True,False,False,True,False,fitted_family
QUMOND,1,test,2,1.6,0.0,,,fitted_grid,pure,26,326126001,baseline,covariates_only66,clustered_correlated,1000,1000,16,2,982,978,4,994,0.0,13.031,14.098,0.016,0.009872242002277388,0.02583206021173997,0.002,0.000548643588120728,0.007262807863492177,0.982,0.9717267448294926,0.9885842599904322,0.994,0.9869718317581478,0.9972473308581237,False,True,False,False,False,False,fitted_family
QUMOND,1,test,2,1.6,0.0,,,fitted_grid,pure,26,326126001,baseline,covariates_only66,sparse_floor,1000,1000,35,2,963,961,2,996,0.0,13.039,14.114,0.035,0.02527226301711295,0.04828662237445333,0.002,0.000548643588120728,0.007262807863492177,0.963,0.9494176025179306,0.9730388191244452,0.996,0.9897604437227377,0.9984434118595916,False,True,False,False,False,False,fitted_family
QUMOND,1,test,2,1.6,0.0,,,fitted_grid,pure,26,326126001,envelope,covariates_only66,uniform_white,1000,1000,4,1,995,993,2,997,0.0,13.04,14.157,0.004,0.0015565881404084308,0.010239556277262253,0.001,0.00017654637062607809,0.0056425585979579355,0.995,0.9883490446266249,0.9978624644726756,0.997,0.9912169859464969,0.9989792161188614,False,True,False,False,True,False,fitted_family
QUMOND,1,test,2,1.6,0.0,,,fitted_grid,pure,26,326126001,envelope,covariates_only66,clustered_correlated,1000,1000,4,3,993,992,1,996,0.0,13.031,14.098,0.004,0.0015565881404084308,0.010239556277262253,0.003,0.0010207838811386186,0.008783014053503173,0.993,0.9856216845342334,0.9966051315990092,0.996,0.9897604437227377,0.9984434118595916,False,True,False,False,False,False,fitted_family
QUMOND,1,test,2,1.6,0.0,,,fitted_grid,pure,26,326126001,envelope,covariates_only66,sparse_floor,1000,1000,4,1,995,993,2,997,0.0,13.039,14.114,0.004,0.0015565881404084308,0.010239556277262253,0.001,0.00017654637062607809,0.0056425585979579355,0.995,0.9883490446266249,0.9978624644726756,0.997,0.9912169859464969,0.9989792161188614,False,True,False,False,True,False,fitted_family
QUMOND,1,test,2,1.6,0.075,,40,fitted_grid,fitted_prior,27,326127001,baseline,covariates_only66,uniform_white,1000,1000,24,2,974,974,0,998,0.0,13.049,14.25,0.024,0.016180168466636995,0.03546290561161149,0.002,0.000548643588120728,0.007262807863492177,0.974,0.9621761711573101,0.9821960617983837,0.998,0.9927371921365079,0.9994513564118793,False,True,False,False,True,False,fitted_family
QUMOND,1,test,2,1.6,0.075,,40,fitted_grid,fitted_prior,27,326127001,baseline,covariates_only66,clustered_correlated,1000,1000,20,2,978,976,2,996,0.0,13.062,14.224,0.02,0.012983682916415136,0.030690005229717786,0.002,0.000548643588120728,0.007262807863492177,0.978,0.9669143266526004,0.985427292235209,0.996,0.9897604437227377,0.9984434118595916,False,True,False,False,False,False,fitted_family
QUMOND,1,test,2,1.6,0.075,,40,fitted_grid,fitted_prior,27,326127001,baseline,covariates_only66,sparse_floor,1000,1000,44,1,955,953,2,997,0.0,13.069,14.292,0.044,0.0329382145884185,0.058551789150407776,0.001,0.00017654637062607809,0.0056425585979579355,0.955,0.9403171620637766,0.9662004877143683,0.997,0.9912169859464969,0.9989792161188614,False,True,False,False,True,False,fitted_family
QUMOND,1,test,2,1.6,0.075,,40,fitted_grid,fitted_prior,27,326127001,envelope,covariates_only66,uniform_white,1000,1000,1,1,998,998,0,999,0.0,13.049,14.25,0.001,0.00017654637062607809,0.0056425585979579355,0.001,0.00017654637062607809,0.0056425585979579355,0.998,0.9927371921365079,0.9994513564118793,0.999,0.9943574414020421,0.9998234536293739,False,True,False,False,True,False,fitted_family
QUMOND,1,test,2,1.6,0.075,,40,fitted_grid,fitted_prior,27,326127001,envelope,covariates_only66,clustered_correlated,1000,1000,3,1,996,996,0,999,0.0,13.062,14.224,0.003,0.0010207838811386186,0.008783014053503173,0.001,0.00017654637062607809,0.0056425585979579355,0.996,0.9897604437227377,0.9984434118595916,0.999,0.9943574414020421,0.9998234536293739,False,True,False,False,True,False,fitted_family
QUMOND,1,test,2,1.6,0.075,,40,fitted_grid,fitted_prior,27,326127001,envelope,covariates_only66,sparse_floor,1000,1000,4,1,995,993,2,997,0.0,13.069,14.292,0.004,0.0015565881404084308,0.010239556277262253,0.001,0.00017654637062607809,0.0056425585979579355,0.995,0.9883490446266249,0.9978624644726756,0.997,0.9912169859464969,0.9989792161188614,False,True,False,False,True,False,fitted_family
QUMOND,1,test,2,1.6,0.075,,80,fitted_grid,fitted_prior,28,326128001,baseline,covariates_only66,uniform_white,1000,1000,26,1,973,973,0,999,0.0,13.003,14.22,0.026,0.017803938201616326,0.03782382884268993,0.001,0.00017654637062607809,0.0056425585979579355,0.973,0.9610012692469598,0.9813786172257051,0.999,0.9943574414020421,0.9998234536293739,False,True,False,False,True,False,fitted_family
QUMOND,1,test,2,1.6,0.075,,80,fitted_grid,fitted_prior,28,326128001,baseline,covariates_only66,clustered_correlated,1000,1000,22,0,978,977,1,999,0.0,13.004,14.139,0.022,0.014572707764791058,0.03308567334739963,0.0,2.168404344971009e-19,0.0038267584855551234,0.978,0.9669143266526004,0.985427292235209,0.999,0.9943574414020421,0.9998234536293739,False,True,False,False,True,False,fitted_family
QUMOND,1,test,2,1.6,0.075,,80,fitted_grid,fitted_prior,28,326128001,baseline,covariates_only66,sparse_floor,1000,1000,55,1,944,943,1,998,0.0,12.996,14.191,0.055,0.04249742737476844,0.07090838767737563,0.001,0.00017654637062607809,0.0056425585979579355,0.944,0.927976651850269,0.9566251866145581,0.998,0.9927371921365079,0.9994513564118793,False,True,False,False,True,False,fitted_family
QUMOND,1,test,2,1.6,0.075,,80,fitted_grid,fitted_prior,28,326128001,envelope,covariates_only66,uniform_white,1000,1000,0,0,1000,1000,0,1000,0.0,13.003,14.22,0.0,2.168404344971009e-19,0.0038267584855551234,0.0,2.168404344971009e-19,0.0038267584855551234,1.0,0.996173241514445,1.0,1.0,0.996173241514445,1.0,False,True,False,False,True,False,fitted_family
QUMOND,1,test,2,1.6,0.075,,80,fitted_grid,fitted_prior,28,326128001,envelope,covariates_only66,clustered_correlated,1000,1000,2,0,998,998,0,1000,0.0,13.004,14.139,0.002,0.000548643588120728,0.007262807863492177,0.0,2.168404344971009e-19,0.0038267584855551234,0.998,0.9927371921365079,0.9994513564118793,1.0,0.996173241514445,1.0,False,True,False,False,True,False,fitted_family
QUMOND,1,test,2,1.6,0.075,,80,fitted_grid,fitted_prior,28,326128001,envelope,covariates_only66,sparse_floor,1000,1000,2,0,998,997,1,999,0.0,12.996,14.191,0.002,0.000548643588120728,0.007262807863492177,0.0,2.168404344971009e-19,0.0038267584855551234,0.998,0.9927371921365079,0.9994513564118793,0.999,0.9943574414020421,0.9998234536293739,False,True,False,False,True,False,fitted_family
QUMOND,1,test,2,1.6,0.075,,60,fitted_grid,outside_inner_prior,29,326129001,baseline,covariates_only66,uniform_white,1000,1000,16,2,982,982,0,998,0.0,13.091,13.88,0.016,0.009872242002277388,0.02583206021173997,0.002,0.000548643588120728,0.007262807863492177,0.982,0.9717267448294926,0.9885842599904322,0.998,0.9927371921365079,0.9994513564118793,False,True,False,False,True,False,outside_inner_prior
QUMOND,1,test,2,1.6,0.075,,60,fitted_grid,outside_inner_prior,29,326129001,baseline,covariates_only66,clustered_correlated,1000,1000,24,3,973,973,0,997,0.0,13.093,13.876,0.024,0.016180168466636995,0.03546290561161149,0.003,0.0010207838811386186,0.008783014053503173,0.973,0.9610012692469598,0.9813786172257051,0.997,0.9912169859464969,0.9989792161188614,False,True,False,False,True,False,outside_inner_prior
QUMOND,1,test,2,1.6,0.075,,60,fitted_grid,outside_inner_prior,29,326129001,baseline,covariates_only66,sparse_floor,1000,1000,32,2,966,965,1,997,0.0,13.107,13.856,0.032,0.022757107858710962,0.04482473808376865,0.002,0.000548643588120728,0.007262807863492177,0.966,0.9528648097546889,0.9755686513367737,0.997,0.9912169859464969,0.9989792161188614,False,True,False,False,True,False,outside_inner_prior
QUMOND,1,test,2,1.6,0.075,,60,fitted_grid,outside_inner_prior,29,326129001,envelope,covariates_only66,uniform_white,1000,1000,0,1,999,999,0,999,0.0,13.091,13.88,0.0,2.168404344971009e-19,0.0038267584855551234,0.001,0.00017654637062607809,0.0056425585979579355,0.999,0.9943574414020421,0.9998234536293739,0.999,0.9943574414020421,0.9998234536293739,False,True,False,False,True,False,outside_inner_prior
QUMOND,1,test,2,1.6,0.075,,60,fitted_grid,outside_inner_prior,29,326129001,envelope,covariates_only66,clustered_correlated,1000,1000,0,1,999,999,0,999,0.0,13.093,13.876,0.0,2.168404344971009e-19,0.0038267584855551234,0.001,0.00017654637062607809,0.0056425585979579355,0.999,0.9943574414020421,0.9998234536293739,0.999,0.9943574414020421,0.9998234536293739,False,True,False,False,True,False,outside_inner_prior
QUMOND,1,test,2,1.6,0.075,,60,fitted_grid,outside_inner_prior,29,326129001,envelope,covariates_only66,sparse_floor,1000,1000,1,1,998,997,1,998,0.0,13.107,13.856,0.001,0.00017654637062607809,0.0056425585979579355,0.001,0.00017654637062607809,0.0056425585979579355,0.998,0.9927371921365079,0.9994513564118793,0.998,0.9927371921365079,0.9994513564118793,False,True,False,False,True,False,outside_inner_prior
QUMOND,1,test,2,1.6,0.075,,160,fitted_grid,outside_inner_prior,30,326130001,baseline,covariates_only66,uniform_white,1000,1000,17,8,975,975,0,992,0.0,13.019,14.15,0.017,0.010640689856816328,0.027055958840229925,0.008,0.004059195818806103,0.015706334530980144,0.975,0.9633547107321566,0.9830098687065659,0.992,0.9842936654690199,0.995940804181194,False,True,False,False,False,False,outside_inner_prior
QUMOND,1,test,2,1.6,0.075,,160,fitted_grid,outside_inner_prior,30,326130001,baseline,covariates_only66,clustered_correlated,1000,1000,10,6,984,984,0,994,0.0,13.017,14.12,0.01,0.005440754445529249,0.018309468870314774,0.006,0.0027526691418763745,0.01302816824185209,0.984,0.97416793978826,0.9901277579977227,0.994,0.9869718317581478,0.9972473308581237,False,True,False,False,False,False,outside_inner_prior
QUMOND,1,test,2,1.6,0.075,,160,fitted_grid,outside_inner_prior,30,326130001,baseline,covariates_only66,sparse_floor,1000,1000,29,9,962,962,0,991,0.0,13.013,14.083,0.029,0.02026644815669875,0.04133835833669418,0.009,0.004742060667477063,0.01701581616533807,0.962,0.9482730796686497,0.9721909954906974,0.991,0.982984183834662,0.9952579393325229,False,True,False,False,False,False,outside_inner_prior
QUMOND,1,test,2,1.6,0.075,,160,fitted_grid,outside_inner_prior,30,326130001,envelope,covariates_only66,uniform_white,1000,1000,1,5,994,994,0,995,0.0,13.019,14.15,0.001,0.00017654637062607809,0.0056425585979579355,0.005,0.0021375355273244596,0.011650955373375113,0.994,0.9869718317581478,0.9972473308581237,0.995,0.9883490446266249,0.9978624644726756,False,True,False,False,False,False,outside_inner_prior
QUMOND,1,test,2,1.6,0.075,,160,fitted_grid,outside_inner_prior,30,326130001,envelope,covariates_only66,clustered_correlated,1000,1000,0,6,994,994,0,994,0.0,13.017,14.12,0.0,2.168404344971009e-19,0.0038267584855551234,0.006,0.0027526691418763745,0.01302816824185209,0.994,0.9869718317581478,0.9972473308581237,0.994,0.9869718317581478,0.9972473308581237,False,True,False,False,False,False,outside_inner_prior
QUMOND,1,test,2,1.6,0.075,,160,fitted_grid,outside_inner_prior,30,326130001,envelope,covariates_only66,sparse_floor,1000,1000,1,6,993,993,0,994,0.0,13.013,14.083,0.001,0.00017654637062607809,0.0056425585979579355,0.006,0.0027526691418763745,0.01302816824185209,0.993,0.9856216845342334,0.9966051315990092,0.994,0.9869718317581478,0.9972473308581237,False,True,False,False,False,False,outside_inner_prior
QUMOND,1,test,2,1.6,0.225,,40,fitted_grid,fitted_prior,31,326131001,baseline,covariates_only66,uniform_white,1000,1000,22,5,973,973,0,995,0.0,13.108,14.084,0.022,0.014572707764791058,0.03308567334739963,0.005,0.0021375355273244596,0.011650955373375113,0.973,0.9610012692469598,0.9813786172257051,0.995,0.9883490446266249,0.9978624644726756,False,True,False,False,False,False,fitted_family
QUMOND,1,test,2,1.6,0.225,,40,fitted_grid,fitted_prior,31,326131001,baseline,covariates_only66,clustered_correlated,1000,1000,25,5,970,970,0,995,0.0,13.095,14.075,0.025,0.016990131293434067,0.0366452892678433,0.005,0.0021375355273244596,0.011650955373375113,0.97,0.9574965858524128,0.9789062611711653,0.995,0.9883490446266249,0.9978624644726756,False,True,False,False,False,False,fitted_family
QUMOND,1,test,2,1.6,0.225,,40,fitted_grid,fitted_prior,31,326131001,baseline,covariates_only66,sparse_floor,1000,1000,45,4,951,951,0,996,0.0,13.101,14.058,0.045,0.03379951228563171,0.059682837936223455,0.004,0.0015565881404084308,0.010239556277262253,0.951,0.9358092984933898,0.9627389653526394,0.996,0.9897604437227377,0.9984434118595916,False,True,False,False,False,False,fitted_family
QUMOND,1,test,2,1.6,0.225,,40,fitted_grid,fitted_prior,31,326131001,baseline,conditional66,uniform_white,1000,1000,949,1,50,50,0,999,0.00035999999999999997,1.868,1.206,0.949,0.9335645136552383,0.9609990572247332,0.001,0.00017654637062607809,0.0056425585979579355,0.05,0.03813026239274882,0.06531382024425081,0.999,0.9943574414020421,0.9998234536293739,False,True,False,False,True,False,fitted_family
QUMOND,1,test,2,1.6,0.225,,40,fitted_grid,fitted_prior,31,326131001,envelope,covariates_only66,uniform_white,1000,1000,0,5,995,995,0,995,0.0,13.108,14.084,0.0,2.168404344971009e-19,0.0038267584855551234,0.005,0.0021375355273244596,0.011650955373375113,0.995,0.9883490446266249,0.9978624644726756,0.995,0.9883490446266249,0.9978624644726756,False,True,False,False,False,False,fitted_family
QUMOND,1,test,2,1.6,0.225,,40,fitted_grid,fitted_prior,31,326131001,envelope,covariates_only66,clustered_correlated,1000,1000,0,5,995,995,0,995,0.0,13.095,14.075,0.0,2.168404344971009e-19,0.0038267584855551234,0.005,0.0021375355273244596,0.011650955373375113,0.995,0.9883490446266249,0.9978624644726756,0.995,0.9883490446266249,0.9978624644726756,False,True,False,False,False,False,fitted_family
QUMOND,1,test,2,1.6,0.225,,40,fitted_grid,fitted_prior,31,326131001,envelope,covariates_only66,sparse_floor,1000,1000,0,4,996,996,0,996,0.0,13.101,14.058,0.0,2.168404344971009e-19,0.0038267584855551234,0.004,0.0015565881404084308,0.010239556277262253,0.996,0.9897604437227377,0.9984434118595916,0.996,0.9897604437227377,0.9984434118595916,False,True,False,False,False,False,fitted_family
QUMOND,1,test,2,1.6,0.225,,40,fitted_grid,fitted_prior,31,326131001,envelope,conditional66,uniform_white,1000,1000,949,1,50,50,0,999,0.00035999999999999997,1.868,1.206,0.949,0.9335645136552383,0.9609990572247332,0.001,0.00017654637062607809,0.0056425585979579355,0.05,0.03813026239274882,0.06531382024425081,0.999,0.9943574414020421,0.9998234536293739,False,True,False,False,True,False,fitted_family
QUMOND,1,test,2,1.6,0.225,,80,fitted_grid,fitted_prior,32,326132001,baseline,covariates_only66,uniform_white,1000,1000,16,1,983,982,1,998,0.0,13.003,14.114,0.016,0.009872242002277388,0.02583206021173997,0.001,0.00017654637062607809,0.0056425585979579355,0.983,0.9729440411597701,0.9893593101431837,0.998,0.9927371921365079,0.9994513564118793,False,True,False,False,True,False,fitted_family
QUMOND,1,test,2,1.6,0.225,,80,fitted_grid,fitted_prior,32,326132001,baseline,covariates_only66,clustered_correlated,1000,1000,23,2,975,974,1,997,0.0,13.008,14.075,0.023,0.015374276932992918,0.03427645066222667,0.002,0.000548643588120728,0.007262807863492177,0.975,0.9633547107321566,0.9830098687065659,0.997,0.9912169859464969,0.9989792161188614,False,True,False,False,True,False,fitted_family
QUMOND,1,test,2,1.6,0.225,,80,fitted_grid,fitted_prior,32,326132001,baseline,covariates_only66,sparse_floor,1000,1000,38,2,960,960,0,998,0.0,13.011,14.144,0.038,0.02780900450930263,0.05172692033135032,0.002,0.000548643588120728,0.007262807863492177,0.96,0.945990355878742,0.9704890263145473,0.998,0.9927371921365079,0.9994513564118793,False,True,False,False,True,False,fitted_family
QUMOND,1,test,2,1.6,0.225,,80,fitted_grid,fitted_prior,32,326132001,envelope,covariates_only66,uniform_white,1000,1000,0,1,999,998,1,998,0.0,13.003,14.114,0.0,2.168404344971009e-19,0.0038267584855551234,0.001,0.00017654637062607809,0.0056425585979579355,0.999,0.9943574414020421,0.9998234536293739,0.998,0.9927371921365079,0.9994513564118793,False,True,False,False,True,False,fitted_family
QUMOND,1,test,2,1.6,0.225,,80,fitted_grid,fitted_prior,32,326132001,envelope,covariates_only66,clustered_correlated,1000,1000,1,1,998,997,1,998,0.0,13.008,14.075,0.001,0.00017654637062607809,0.0056425585979579355,0.001,0.00017654637062607809,0.0056425585979579355,0.998,0.9927371921365079,0.9994513564118793,0.998,0.9927371921365079,0.9994513564118793,False,True,False,False,True,False,fitted_family
QUMOND,1,test,2,1.6,0.225,,80,fitted_grid,fitted_prior,32,326132001,envelope,covariates_only66,sparse_floor,1000,1000,2,1,997,997,0,999,0.0,13.011,14.144,0.002,0.000548643588120728,0.007262807863492177,0.001,0.00017654637062607809,0.0056425585979579355,0.997,0.9912169859464969,0.9989792161188614,0.999,0.9943574414020421,0.9998234536293739,False,True,False,False,True,False,fitted_family
QUMOND,1,test,2,1.6,0.225,,60,fitted_grid,outside_inner_prior,33,326133001,baseline,covariates_only66,uniform_white,1000,1000,15,2,983,983,0,998,0.0,13.06,14.011,0.015,0.009110978804081668,0.024600976926906798,0.002,0.000548643588120728,0.007262807863492177,0.983,0.9729440411597701,0.9893593101431837,0.998,0.9927371921365079,0.9994513564118793,False,True,False,False,True,False,outside_inner_prior
QUMOND,1,test,2,1.6,0.225,,60,fitted_grid,outside_inner_prior,33,326133001,baseline,covariates_only66,clustered_correlated,1000,1000,13,1,986,986,0,999,0.0,13.054,13.98,0.013,0.0076128203893510256,0.022114442375579666,0.001,0.00017654637062607809,0.0056425585979579355,0.986,0.9766379658824644,0.9916424248695761,0.999,0.9943574414020421,0.9998234536293739,False,True,False,False,True,False,outside_inner_prior
QUMOND,1,test,2,1.6,0.225,,60,fitted_grid,outside_inner_prior,33,326133001,baseline,covariates_only66,sparse_floor,1000,1000,29,2,969,969,0,998,0.0,13.055,13.998,0.029,0.02026644815669875,0.04133835833669418,0.002,0.000548643588120728,0.007262807863492177,0.969,0.9563345039877078,0.9780759965528414,0.998,0.9927371921365079,0.9994513564118793,False,True,False,False,True,False,outside_inner_prior
QUMOND,1,test,2,1.6,0.225,,60,fitted_grid,outside_inner_prior,33,326133001,envelope,covariates_only66,uniform_white,1000,1000,0,2,998,998,0,998,0.0,13.06,14.011,0.0,2.168404344971009e-19,0.0038267584855551234,0.002,0.000548643588120728,0.007262807863492177,0.998,0.9927371921365079,0.9994513564118793,0.998,0.9927371921365079,0.9994513564118793,False,True,False,False,True,False,outside_inner_prior
QUMOND,1,test,2,1.6,0.225,,60,fitted_grid,outside_inner_prior,33,326133001,envelope,covariates_only66,clustered_correlated,1000,1000,0,1,999,999,0,999,0.0,13.054,13.98,0.0,2.168404344971009e-19,0.0038267584855551234,0.001,0.00017654637062607809,0.0056425585979579355,0.999,0.9943574414020421,0.9998234536293739,0.999,0.9943574414020421,0.9998234536293739,False,True,False,False,True,False,outside_inner_prior
QUMOND,1,test,2,1.6,0.225,,60,fitted_grid,outside_inner_prior,33,326133001,envelope,covariates_only66,sparse_floor,1000,1000,1,1,998,998,0,999,0.0,13.055,13.998,0.001,0.00017654637062607809,0.0056425585979579355,0.001,0.00017654637062607809,0.0056425585979579355,0.998,0.9927371921365079,0.9994513564118793,0.999,0.9943574414020421,0.9998234536293739,False,True,False,False,True,False,outside_inner_prior
QUMOND,1,test,2,1.6,0.225,,160,fitted_grid,outside_inner_prior,34,326134001,baseline,covariates_only66,uniform_white,1000,1000,16,2,982,979,3,995,0.0,13.015,14.026,0.016,0.009872242002277388,0.02583206021173997,0.002,0.000548643588120728,0.007262807863492177,0.982,0.9717267448294926,0.9885842599904322,0.995,0.9883490446266249,0.9978624644726756,False,True,False,False,False,False,outside_inner_prior
QUMOND,1,test,2,1.6,0.225,,160,fitted_grid,outside_inner_prior,34,326134001,baseline,covariates_only66,clustered_correlated,1000,1000,16,2,982,980,2,996,0.0,13.013,14.052,0.016,0.009872242002277388,0.02583206021173997,0.002,0.000548643588120728,0.007262807863492177,0.982,0.9717267448294926,0.9885842599904322,0.996,0.9897604437227377,0.9984434118595916,False,True,False,False,False,False,outside_inner_prior
QUMOND,1,test,2,1.6,0.225,,160,fitted_grid,outside_inner_prior,34,326134001,baseline,covariates_only66,sparse_floor,1000,1000,29,5,966,965,1,994,0.0,13.011,14.025,0.029,0.02026644815669875,0.04133835833669418,0.005,0.0021375355273244596,0.011650955373375113,0.966,0.9528648097546889,0.9755686513367737,0.994,0.9869718317581478,0.9972473308581237,False,True,False,False,False,False,outside_inner_prior
QUMOND,1,test,2,1.6,0.225,,160,fitted_grid,outside_inner_prior,34,326134001,envelope,covariates_only66,uniform_white,1000,1000,2,2,996,994,2,996,0.0,13.015,14.026,0.002,0.000548643588120728,0.007262807863492177,0.002,0.000548643588120728,0.007262807863492177,0.996,0.9897604437227377,0.9984434118595916,0.996,0.9897604437227377,0.9984434118595916,False,True,False,False,False,False,outside_inner_prior
QUMOND,1,test,2,1.6,0.225,,160,fitted_grid,outside_inner_prior,34,326134001,envelope,covariates_only66,clustered_correlated,1000,1000,0,2,998,996,2,996,0.0,13.013,14.052,0.0,2.168404344971009e-19,0.0038267584855551234,0.002,0.000548643588120728,0.007262807863492177,0.998,0.9927371921365079,0.9994513564118793,0.996,0.9897604437227377,0.9984434118595916,False,True,False,False,False,False,outside_inner_prior
QUMOND,1,test,2,1.6,0.225,,160,fitted_grid,outside_inner_prior,34,326134001,envelope,covariates_only66,sparse_floor,1000,1000,2,3,995,994,1,996,0.0,13.011,14.025,0.002,0.000548643588120728,0.007262807863492177,0.003,0.0010207838811386186,0.008783014053503173,0.995,0.9883490446266249,0.9978624644726756,0.996,0.9897604437227377,0.9984434118595916,False,True,False,False,False,False,outside_inner_prior
QUMOND,1,test,2,1.6,0.3,,40,fitted_grid,fitted_prior,35,326135001,baseline,covariates_only66,uniform_white,1000,1000,18,1,981,980,1,998,0.0,13.049,14.134,0.018,0.011415740009567788,0.028273255170507345,0.001,0.00017654637062607809,0.0056425585979579355,0.981,0.9705155440876868,0.9878031142492091,0.998,0.9927371921365079,0.9994513564118793,False,True,False,False,True,False,fitted_family
QUMOND,1,test,2,1.6,0.3,,40,fitted_grid,fitted_prior,35,326135001,baseline,covariates_only66,clustered_correlated,1000,1000,17,2,981,980,1,997,0.0,13.041,14.116,0.017,0.010640689856816328,0.027055958840229925,0.002,0.000548643588120728,0.007262807863492177,0.981,0.9705155440876868,0.9878031142492091,0.997,0.9912169859464969,0.9989792161188614,False,True,False,False,True,False,fitted_family
QUMOND,1,test,2,1.6,0.3,,40,fitted_grid,fitted_prior,35,326135001,baseline,covariates_only66,sparse_floor,1000,1000,40,4,956,953,3,993,0.0,13.054,14.027,0.04,0.02951097368545276,0.05400964412125796,0.004,0.0015565881404084308,0.010239556277262253,0.956,0.9414482108495923,0.9670617854115815,0.993,0.9856216845342334,0.9966051315990092,False,True,False,False,False,False,fitted_family
QUMOND,1,test,2,1.6,0.3,,40,fitted_grid,fitted_prior,35,326135001,baseline,conditional66,uniform_white,1000,1000,934,0,66,66,0,1000,0.00043,1.783,1.023,0.934,0.9168907240940241,0.9477876495405142,0.0,2.168404344971009e-19,0.0038267584855551234,0.066,0.05221235045948584,0.08310927590597601,1.0,0.996173241514445,1.0,False,True,False,False,True,False,fitted_family
QUMOND,1,test,2,1.6,0.3,,40,fitted_grid,fitted_prior,35,326135001,envelope,covariates_only66,uniform_white,1000,1000,1,1,998,997,1,998,0.0,13.049,14.134,0.001,0.00017654637062607809,0.0056425585979579355,0.001,0.00017654637062607809,0.0056425585979579355,0.998,0.9927371921365079,0.9994513564118793,0.998,0.9927371921365079,0.9994513564118793,False,True,False,False,True,False,fitted_family
QUMOND,1,test,2,1.6,0.3,,40,fitted_grid,fitted_prior,35,326135001,envelope,covariates_only66,clustered_correlated,1000,1000,1,2,997,996,1,997,0.0,13.041,14.116,0.001,0.00017654637062607809,0.0056425585979579355,0.002,0.000548643588120728,0.007262807863492177,0.997,0.9912169859464969,0.9989792161188614,0.997,0.9912169859464969,0.9989792161188614,False,True,False,False,True,False,fitted_family
QUMOND,1,test,2,1.6,0.3,,40,fitted_grid,fitted_prior,35,326135001,envelope,covariates_only66,sparse_floor,1000,1000,1,3,996,993,3,994,0.0,13.054,14.027,0.001,0.00017654637062607809,0.0056425585979579355,0.003,0.0010207838811386186,0.008783014053503173,0.996,0.9897604437227377,0.9984434118595916,0.994,0.9869718317581478,0.9972473308581237,False,True,False,False,False,False,fitted_family
QUMOND,1,test,2,1.6,0.3,,40,fitted_grid,fitted_prior,35,326135001,envelope,conditional66,uniform_white,1000,1000,933,0,67,67,0,1000,0.00043,1.783,1.023,0.933,0.9157879467581331,0.9468980803933762,0.0,2.168404344971009e-19,0.0038267584855551234,0.067,0.05310191960662385,0.08421205324186688,1.0,0.996173241514445,1.0,False,True,False,False,True,False,fitted_family
QUMOND,1,test,2,1.6,0.3,,80,fitted_grid,fitted_prior,36,326136001,baseline,covariates_only66,uniform_white,1000,1000,23,1,976,974,2,997,0.0,13.069,14.214,0.023,0.015374276932992918,0.03427645066222667,0.001,0.00017654637062607809,0.0056425585979579355,0.976,0.9645370943883885,0.9838198315333629,0.997,0.9912169859464969,0.9989792161188614,False,True,False,False,True,False,fitted_family
QUMOND,1,test,2,1.6,0.3,,80,fitted_grid,fitted_prior,36,326136001,baseline,covariates_only66,clustered_correlated,1000,1000,25,1,974,974,0,999,0.0,13.072,14.2,0.025,0.016990131293434067,0.0366452892678433,0.001,0.00017654637062607809,0.0056425585979579355,0.974,0.9621761711573101,0.9821960617983837,0.999,0.9943574414020421,0.9998234536293739,False,True,False,False,True,False,fitted_family
QUMOND,1,test,2,1.6,0.3,,80,fitted_grid,fitted_prior,36,326136001,baseline,covariates_only66,sparse_floor,1000,1000,49,0,951,950,1,999,0.0,13.073,14.278,0.049,0.037261034647360615,0.06419070150661013,0.0,2.168404344971009e-19,0.0038267584855551234,0.951,0.9358092984933898,0.9627389653526394,0.999,0.9943574414020421,0.9998234536293739,False,True,False,False,True,False,fitted_family
QUMOND,1,test,2,1.6,0.3,,80,fitted_grid,fitted_prior,36,326136001,baseline,conditional66,clustered_correlated,1000,1000,945,3,52,52,0,997,0.000803,1.994,1.015,0.945,0.9290916123226243,0.9575025726252315,0.003,0.0010207838811386186,0.008783014053503173,0.052,0.03987303628377742,0.06755573931927998,0.997,0.9912169859464969,0.9989792161188614,False,True,False,False,True,False,fitted_family
QUMOND,1,test,2,1.6,0.3,,80,fitted_grid,fitted_prior,36,326136001,envelope,covariates_only66,uniform_white,1000,1000,2,1,997,995,2,997,0.0,13.069,14.214,0.002,0.000548643588120728,0.007262807863492177,0.001,0.00017654637062607809,0.0056425585979579355,0.997,0.9912169859464969,0.9989792161188614,0.997,0.9912169859464969,0.9989792161188614,False,True,False,False,True,False,fitted_family
QUMOND,1,test,2,1.6,0.3,,80,fitted_grid,fitted_prior,36,326136001,envelope,covariates_only66,clustered_correlated,1000,1000,1,0,999,999,0,1000,0.0,13.072,14.2,0.001,0.00017654637062607809,0.0056425585979579355,0.0,2.168404344971009e-19,0.0038267584855551234,0.999,0.9943574414020421,0.9998234536293739,1.0,0.996173241514445,1.0,False,True,False,False,True,False,fitted_family
QUMOND,1,test,2,1.6,0.3,,80,fitted_grid,fitted_prior,36,326136001,envelope,covariates_only66,sparse_floor,1000,1000,4,0,996,995,1,999,0.0,13.073,14.278,0.004,0.0015565881404084308,0.010239556277262253,0.0,2.168404344971009e-19,0.0038267584855551234,0.996,0.9897604437227377,0.9984434118595916,0.999,0.9943574414020421,0.9998234536293739,False,True,False,False,True,False,fitted_family
QUMOND,1,test,2,1.6,0.3,,80,fitted_grid,fitted_prior,36,326136001,envelope,conditional66,clustered_correlated,1000,1000,945,3,52,52,0,997,0.000803,1.994,1.015,0.945,0.9290916123226243,0.9575025726252315,0.003,0.0010207838811386186,0.008783014053503173,0.052,0.03987303628377742,0.06755573931927998,0.997,0.9912169859464969,0.9989792161188614,False,True,False,False,True,False,fitted_family
QUMOND,1,test,2,1.6,0.3,,60,fitted_grid,outside_inner_prior,37,326137001,baseline,covariates_only66,uniform_white,1000,1000,11,4,985,985,0,996,0.0,13.076,14.052,0.011,0.006153174098086638,0.019589395700786275,0.004,0.0015565881404084308,0.010239556277262253,0.985,0.9753990230730932,0.9908890211959184,0.996,0.9897604437227377,0.9984434118595916,False,True,False,False,False,False,outside_inner_prior
QUMOND,1,test,2,1.6,0.3,,60,fitted_grid,outside_inner_prior,37,326137001,baseline,covariates_only66,clustered_correlated,1000,1000,17,5,978,978,0,995,0.0,13.076,14.11,0.017,0.010640689856816328,0.027055958840229925,0.005,0.0021375355273244596,0.011650955373375113,0.978,0.9669143266526004,0.985427292235209,0.995,0.9883490446266249,0.9978624644726756,False,True,False,False,False,False,outside_inner_prior
QUMOND,1,test,2,1.6,0.3,,60,fitted_grid,outside_inner_prior,37,326137001,baseline,covariates_only66,sparse_floor,1000,1000,24,2,974,972,2,996,0.0,13.083,14.008,0.024,0.016180168466636995,0.03546290561161149,0.002,0.000548643588120728,0.007262807863492177,0.974,0.9621761711573101,0.9821960617983837,0.996,0.9897604437227377,0.9984434118595916,False,True,False,False,False,False,outside_inner_prior
QUMOND,1,test,2,1.6,0.3,,60,fitted_grid,outside_inner_prior,37,326137001,envelope,covariates_only66,uniform_white,1000,1000,1,4,995,995,0,996,0.0,13.076,14.052,0.001,0.00017654637062607809,0.0056425585979579355,0.004,0.0015565881404084308,0.010239556277262253,0.995,0.9883490446266249,0.9978624644726756,0.996,0.9897604437227377,0.9984434118595916,False,True,False,False,False,False,outside_inner_prior
QUMOND,1,test,2,1.6,0.3,,60,fitted_grid,outside_inner_prior,37,326137001,envelope,covariates_only66,clustered_correlated,1000,1000,1,3,996,996,0,997,0.0,13.076,14.11,0.001,0.00017654637062607809,0.0056425585979579355,0.003,0.0010207838811386186,0.008783014053503173,0.996,0.9897604437227377,0.9984434118595916,0.997,0.9912169859464969,0.9989792161188614,False,True,False,False,True,False,outside_inner_prior
QUMOND,1,test,2,1.6,0.3,,60,fitted_grid,outside_inner_prior,37,326137001,envelope,covariates_only66,sparse_floor,1000,1000,2,2,996,995,1,997,0.0,13.083,14.008,0.002,0.000548643588120728,0.007262807863492177,0.002,0.000548643588120728,0.007262807863492177,0.996,0.9897604437227377,0.9984434118595916,0.997,0.9912169859464969,0.9989792161188614,False,True,False,False,True,False,outside_inner_prior
QUMOND,1,test,2,1.6,0.3,,160,fitted_grid,outside_inner_prior,38,326138001,baseline,covariates_only66,uniform_white,1000,1000,14,6,980,980,0,994,0.0,13.086,13.972,0.014,0.00835757513042392,0.02336203411753566,0.006,0.0027526691418763745,0.01302816824185209,0.98,0.9693099947702822,0.987016317083585,0.994,0.9869718317581478,0.9972473308581237,False,True,False,False,False,False,outside_inner_prior
QUMOND,1,test,2,1.6,0.3,,160,fitted_grid,outside_inner_prior,38,326138001,baseline,covariates_only66,clustered_correlated,1000,1000,15,6,979,978,1,993,0.0,13.078,13.974,0.015,0.009110978804081668,0.024600976926906798,0.006,0.0027526691418763745,0.01302816824185209,0.979,0.9681097049387625,0.9862242604320758,0.993,0.9856216845342334,0.9966051315990092,False,True,False,False,False,False,outside_inner_prior
QUMOND,1,test,2,1.6,0.3,,160,fitted_grid,outside_inner_prior,38,326138001,baseline,covariates_only66,sparse_floor,1000,1000,25,6,969,969,0,994,0.0,13.085,13.953,0.025,0.016990131293434067,0.0366452892678433,0.006,0.0027526691418763745,0.01302816824185209,0.969,0.9563345039877078,0.9780759965528414,0.994,0.9869718317581478,0.9972473308581237,False,True,False,False,False,False,outside_inner_prior
QUMOND,1,test,2,1.6,0.3,,160,fitted_grid,outside_inner_prior,38,326138001,envelope,covariates_only66,uniform_white,1000,1000,2,5,993,993,0,995,0.0,13.086,13.972,0.002,0.000548643588120728,0.007262807863492177,0.005,0.0021375355273244596,0.011650955373375113,0.993,0.9856216845342334,0.9966051315990092,0.995,0.9883490446266249,0.9978624644726756,False,True,False,False,False,False,outside_inner_prior
QUMOND,1,test,2,1.6,0.3,,160,fitted_grid,outside_inner_prior,38,326138001,envelope,covariates_only66,clustered_correlated,1000,1000,2,4,994,993,1,995,0.0,13.078,13.974,0.002,0.000548643588120728,0.007262807863492177,0.004,0.0015565881404084308,0.010239556277262253,0.994,0.9869718317581478,0.9972473308581237,0.995,0.9883490446266249,0.9978624644726756,False,True,False,False,False,False,outside_inner_prior
QUMOND,1,test,2,1.6,0.3,,160,fitted_grid,outside_inner_prior,38,326138001,envelope,covariates_only66,sparse_floor,1000,1000,0,4,996,996,0,996,0.0,13.085,13.953,0.0,2.168404344971009e-19,0.0038267584855551234,0.004,0.0015565881404084308,0.010239556277262253,0.996,0.9897604437227377,0.9984434118595916,0.996,0.9897604437227377,0.9984434118595916,False,True,False,False,False,False,outside_inner_prior
QUMOND,1,test,2,1.15,0.0,,,outside_beta_grid,pure,39,326139001,baseline,covariates_only66,uniform_white,1000,1000,6,5,989,989,0,995,0.0,14.612,13.045,0.006,0.0027526691418763745,0.01302816824185209,0.005,0.0021375355273244596,0.011650955373375113,0.989,0.9804106042992137,0.9938468259019134,0.995,0.9883490446266249,0.9978624644726756,False,True,False,False,False,False,outside_beta_grid
QUMOND,1,test,2,1.15,0.0,,,outside_beta_grid,pure,39,326139001,baseline,covariates_only66,clustered_correlated,1000,1000,4,8,988,987,1,991,0.0,14.651,13.044,0.004,0.0015565881404084308,0.010239556277262253,0.008,0.004059195818806103,0.015706334530980144,0.988,0.9791427315245017,0.9931223521935965,0.991,0.982984183834662,0.9952579393325229,False,True,False,False,False,False,outside_beta_grid
QUMOND,1,test,2,1.15,0.0,,,outside_beta_grid,pure,39,326139001,baseline,covariates_only66,sparse_floor,1000,1000,10,7,983,983,0,993,0.0,14.656,13.048,0.01,0.005440754445529249,0.018309468870314774,0.007,0.0033948684009907646,0.014378315465766588,0.983,0.9729440411597701,0.9893593101431837,0.993,0.9856216845342334,0.9966051315990092,False,True,False,False,False,False,outside_beta_grid
QUMOND,1,test,2,1.15,0.0,,,outside_beta_grid,pure,39,326139001,envelope,covariates_only66,uniform_white,1000,1000,1,5,994,994,0,995,0.0,14.612,13.045,0.001,0.00017654637062607809,0.0056425585979579355,0.005,0.0021375355273244596,0.011650955373375113,0.994,0.9869718317581478,0.9972473308581237,0.995,0.9883490446266249,0.9978624644726756,False,True,False,False,False,False,outside_beta_grid
QUMOND,1,test,2,1.15,0.0,,,outside_beta_grid,pure,39,326139001,envelope,covariates_only66,clustered_correlated,1000,1000,1,5,994,994,0,995,0.0,14.651,13.044,0.001,0.00017654637062607809,0.0056425585979579355,0.005,0.0021375355273244596,0.011650955373375113,0.994,0.9869718317581478,0.9972473308581237,0.995,0.9883490446266249,0.9978624644726756,False,True,False,False,False,False,outside_beta_grid
QUMOND,1,test,2,1.15,0.0,,,outside_beta_grid,pure,39,326139001,envelope,covariates_only66,sparse_floor,1000,1000,2,2,996,996,0,998,0.0,14.656,13.048,0.002,0.000548643588120728,0.007262807863492177,0.002,0.000548643588120728,0.007262807863492177,0.996,0.9897604437227377,0.9984434118595916,0.998,0.9927371921365079,0.9994513564118793,False,True,False,False,True,False,outside_beta_grid
QUMOND,1,test,2,1.15,0.3,,60,outside_beta_grid,outside_inner_prior,40,326140001,baseline,covariates_only66,uniform_white,1000,1000,11,11,978,977,1,988,0.0,14.606,13.009,0.011,0.006153174098086638,0.019589395700786275,0.011,0.006153174098086638,0.019589395700786275,0.978,0.9669143266526004,0.985427292235209,0.988,0.9791427315245017,0.9931223521935965,False,False,False,False,False,False,outside_beta_grid
QUMOND,1,test,2,1.15,0.3,,60,outside_beta_grid,outside_inner_prior,40,326140001,baseline,covariates_only66,clustered_correlated,1000,1000,11,8,981,981,0,992,0.0,14.624,13.006,0.011,0.006153174098086638,0.019589395700786275,0.008,0.004059195818806103,0.015706334530980144,0.981,0.9705155440876868,0.9878031142492091,0.992,0.9842936654690199,0.995940804181194,False,True,False,False,False,False,outside_beta_grid
QUMOND,1,test,2,1.15,0.3,,60,outside_beta_grid,outside_inner_prior,40,326140001,baseline,covariates_only66,sparse_floor,1000,1000,12,10,978,978,0,990,0.0,14.676,13.017,0.012,0.006877647806403522,0.02085726847549828,0.01,0.005440754445529249,0.018309468870314774,0.978,0.9669143266526004,0.985427292235209,0.99,0.9816905311296853,0.9945592455544707,False,True,False,False,False,False,outside_beta_grid
QUMOND,1,test,2,1.15,0.3,,60,outside_beta_grid,outside_inner_prior,40,326140001,envelope,covariates_only66,uniform_white,1000,1000,4,9,987,986,1,990,0.0,14.606,13.009,0.004,0.0015565881404084308,0.010239556277262253,0.009,0.004742060667477063,0.01701581616533807,0.987,0.9778855576244203,0.9923871796106489,0.99,0.9816905311296853,0.9945592455544707,False,True,False,False,False,False,outside_beta_grid
QUMOND,1,test,2,1.15,0.3,,60,outside_beta_grid,outside_inner_prior,40,326140001,envelope,covariates_only66,clustered_correlated,1000,1000,4,6,990,990,0,994,0.0,14.624,13.006,0.004,0.0015565881404084308,0.010239556277262253,0.006,0.0027526691418763745,0.01302816824185209,0.99,0.9816905311296853,0.9945592455544707,0.994,0.9869718317581478,0.9972473308581237,False,True,False,False,False,False,outside_beta_grid
QUMOND,1,test,2,1.15,0.3,,60,outside_beta_grid,outside_inner_prior,40,326140001,envelope,covariates_only66,sparse_floor,1000,1000,3,2,995,995,0,998,0.0,14.676,13.017,0.003,0.0010207838811386186,0.008783014053503173,0.002,0.000548643588120728,0.007262807863492177,0.995,0.9883490446266249,0.9978624644726756,0.998,0.9927371921365079,0.9994513564118793,False,True,False,False,True,False,outside_beta_grid
QUMOND,1,test,2,1.15,0.3,,160,outside_beta_grid,outside_inner_prior,41,326141001,baseline,no_diagnostics66,uniform_white,1000,1000,985,0,15,0,15,985,8.7e-05,1.862,1.371,0.985,0.9753990230730932,0.9908890211959184,0.0,2.168404344971009e-19,0.0038267584855551234,0.015,0.009110978804081668,0.024600976926906798,0.985,0.9753990230730932,0.9908890211959184,True,False,False,True,False,False,outside_beta_grid
QUMOND,1,test,2,1.15,0.3,,160,outside_beta_grid,outside_inner_prior,41,326141001,baseline,no_diagnostics66,sparse_floor,1000,1000,985,0,15,0,15,985,0.000102,1.873,1.436,0.985,0.9753990230730932,0.9908890211959184,0.0,2.168404344971009e-19,0.0038267584855551234,0.015,0.009110978804081668,0.024600976926906798,0.985,0.9753990230730932,0.9908890211959184,True,False,False,True,False,False,outside_beta_grid
QUMOND,1,test,2,1.15,0.3,,160,outside_beta_grid,outside_inner_prior,41,326141001,baseline,covariates_only66,uniform_white,1000,1000,7,10,983,982,1,989,0.0,14.546,12.994,0.007,0.0033948684009907646,0.014378315465766588,0.01,0.005440754445529249,0.018309468870314774,0.983,0.9729440411597701,0.9893593101431837,0.989,0.9804106042992137,0.9938468259019134,False,False,False,False,False,False,outside_beta_grid
QUMOND,1,test,2,1.15,0.3,,160,outside_beta_grid,outside_inner_prior,41,326141001,baseline,covariates_only66,clustered_correlated,1000,1000,10,13,977,977,0,987,0.0,14.596,12.994,0.01,0.005440754445529249,0.018309468870314774,0.013,0.0076128203893510256,0.022114442375579666,0.977,0.9657235493377733,0.9846257230670071,0.987,0.9778855576244203,0.9923871796106489,False,False,False,False,False,False,outside_beta_grid
QUMOND,1,test,2,1.15,0.3,,160,outside_beta_grid,outside_inner_prior,41,326141001,baseline,covariates_only66,sparse_floor,1000,1000,10,12,978,977,1,987,0.0,14.54,12.995,0.01,0.005440754445529249,0.018309468870314774,0.012,0.006877647806403522,0.02085726847549828,0.978,0.9669143266526004,0.985427292235209,0.987,0.9778855576244203,0.9923871796106489,False,False,False,False,False,False,outside_beta_grid
QUMOND,1,test,2,1.15,0.3,,160,outside_beta_grid,outside_inner_prior,41,326141001,envelope,no_diagnostics66,uniform_white,1000,1000,987,0,13,0,13,987,8.7e-05,1.862,1.371,0.987,0.9778855576244203,0.9923871796106489,0.0,2.168404344971009e-19,0.0038267584855551234,0.013,0.0076128203893510256,0.022114442375579666,0.987,0.9778855576244203,0.9923871796106489,True,False,False,True,False,False,outside_beta_grid
QUMOND,1,test,2,1.15,0.3,,160,outside_beta_grid,outside_inner_prior,41,326141001,envelope,no_diagnostics66,sparse_floor,1000,1000,987,0,13,0,13,987,0.000102,1.873,1.436,0.987,0.9778855576244203,0.9923871796106489,0.0,2.168404344971009e-19,0.0038267584855551234,0.013,0.0076128203893510256,0.022114442375579666,0.987,0.9778855576244203,0.9923871796106489,True,False,False,True,False,False,outside_beta_grid
QUMOND,1,test,2,1.15,0.3,,160,outside_beta_grid,outside_inner_prior,41,326141001,envelope,covariates_only66,uniform_white,1000,1000,1,7,992,992,0,993,0.0,14.546,12.994,0.001,0.00017654637062607809,0.0056425585979579355,0.007,0.0033948684009907646,0.014378315465766588,0.992,0.9842936654690199,0.995940804181194,0.993,0.9856216845342334,0.9966051315990092,False,True,False,False,False,False,outside_beta_grid
QUMOND,1,test,2,1.15,0.3,,160,outside_beta_grid,outside_inner_prior,41,326141001,envelope,covariates_only66,clustered_correlated,1000,1000,1,4,995,995,0,996,0.0,14.596,12.994,0.001,0.00017654637062607809,0.0056425585979579355,0.004,0.0015565881404084308,0.010239556277262253,0.995,0.9883490446266249,0.9978624644726756,0.996,0.9897604437227377,0.9984434118595916,False,True,False,False,False,False,outside_beta_grid
QUMOND,1,test,2,1.15,0.3,,160,outside_beta_grid,outside_inner_prior,41,326141001,envelope,covariates_only66,sparse_floor,1000,1000,2,3,995,994,1,996,0.0,14.54,12.995,0.002,0.000548643588120728,0.007262807863492177,0.003,0.0010207838811386186,0.008783014053503173,0.995,0.9883490446266249,0.9978624644726756,0.996,0.9897604437227377,0.9984434118595916,False,True,False,False,False,False,outside_beta_grid
QUMOND,1,test,2,1.45,0.0,,,outside_beta_grid,pure,42,326142001,baseline,covariates_only66,uniform_white,1000,1000,0,3,997,997,0,997,0.0,14.323,13.102,0.0,2.168404344971009e-19,0.0038267584855551234,0.003,0.0010207838811386186,0.008783014053503173,0.997,0.9912169859464969,0.9989792161188614,0.997,0.9912169859464969,0.9989792161188614,False,True,False,False,True,False,outside_beta_grid
QUMOND,1,test,2,1.45,0.0,,,outside_beta_grid,pure,42,326142001,baseline,covariates_only66,clustered_correlated,1000,1000,0,3,997,997,0,997,0.0,14.33,13.099,0.0,2.168404344971009e-19,0.0038267584855551234,0.003,0.0010207838811386186,0.008783014053503173,0.997,0.9912169859464969,0.9989792161188614,0.997,0.9912169859464969,0.9989792161188614,False,True,False,False,True,False,outside_beta_grid
QUMOND,1,test,2,1.45,0.0,,,outside_beta_grid,pure,42,326142001,baseline,covariates_only66,sparse_floor,1000,1000,1,5,994,994,0,995,0.0,14.356,13.088,0.001,0.00017654637062607809,0.0056425585979579355,0.005,0.0021375355273244596,0.011650955373375113,0.994,0.9869718317581478,0.9972473308581237,0.995,0.9883490446266249,0.9978624644726756,False,True,False,False,False,False,outside_beta_grid
QUMOND,1,test,2,1.45,0.0,,,outside_beta_grid,pure,42,326142001,envelope,covariates_only66,uniform_white,1000,1000,0,1,999,999,0,999,0.0,14.323,13.102,0.0,2.168404344971009e-19,0.0038267584855551234,0.001,0.00017654637062607809,0.0056425585979579355,0.999,0.9943574414020421,0.9998234536293739,0.999,0.9943574414020421,0.9998234536293739,False,True,False,False,True,False,outside_beta_grid
QUMOND,1,test,2,1.45,0.0,,,outside_beta_grid,pure,42,326142001,envelope,covariates_only66,clustered_correlated,1000,1000,0,1,999,999,0,999,0.0,14.33,13.099,0.0,2.168404344971009e-19,0.0038267584855551234,0.001,0.00017654637062607809,0.0056425585979579355,0.999,0.9943574414020421,0.9998234536293739,0.999,0.9943574414020421,0.9998234536293739,False,True,False,False,True,False,outside_beta_grid
QUMOND,1,test,2,1.45,0.0,,,outside_beta_grid,pure,42,326142001,envelope,covariates_only66,sparse_floor,1000,1000,0,2,998,998,0,998,0.0,14.356,13.088,0.0,2.168404344971009e-19,0.0038267584855551234,0.002,0.000548643588120728,0.007262807863492177,0.998,0.9927371921365079,0.9994513564118793,0.998,0.9927371921365079,0.9994513564118793,False,True,False,False,True,False,outside_beta_grid
QUMOND,1,test,2,1.45,0.3,,60,outside_beta_grid,outside_inner_prior,43,326143001,baseline,covariates_only66,uniform_white,1000,1000,0,6,994,993,1,993,0.0,14.248,13.109,0.0,2.168404344971009e-19,0.0038267584855551234,0.006,0.0027526691418763745,0.01302816824185209,0.994,0.9869718317581478,0.9972473308581237,0.993,0.9856216845342334,0.9966051315990092,False,True,False,False,False,False,outside_beta_grid
QUMOND,1,test,2,1.45,0.3,,60,outside_beta_grid,outside_inner_prior,43,326143001,baseline,covariates_only66,clustered_correlated,1000,1000,1,5,994,993,1,994,0.0,14.288,13.113,0.001,0.00017654637062607809,0.0056425585979579355,0.005,0.0021375355273244596,0.011650955373375113,0.994,0.9869718317581478,0.9972473308581237,0.994,0.9869718317581478,0.9972473308581237,False,True,False,False,False,False,outside_beta_grid
QUMOND,1,test,2,1.45,0.3,,60,outside_beta_grid,outside_inner_prior,43,326143001,baseline,covariates_only66,sparse_floor,1000,1000,2,9,989,988,1,990,0.0,14.236,13.119,0.002,0.000548643588120728,0.007262807863492177,0.009,0.004742060667477063,0.01701581616533807,0.989,0.9804106042992137,0.9938468259019134,0.99,0.9816905311296853,0.9945592455544707,False,True,False,False,False,False,outside_beta_grid
QUMOND,1,test,2,1.45,0.3,,60,outside_beta_grid,outside_inner_prior,43,326143001,envelope,covariates_only66,uniform_white,1000,1000,0,6,994,993,1,993,0.0,14.248,13.109,0.0,2.168404344971009e-19,0.0038267584855551234,0.006,0.0027526691418763745,0.01302816824185209,0.994,0.9869718317581478,0.9972473308581237,0.993,0.9856216845342334,0.9966051315990092,False,True,False,False,False,False,outside_beta_grid
QUMOND,1,test,2,1.45,0.3,,60,outside_beta_grid,outside_inner_prior,43,326143001,envelope,covariates_only66,clustered_correlated,1000,1000,0,5,995,995,0,995,0.0,14.288,13.113,0.0,2.168404344971009e-19,0.0038267584855551234,0.005,0.0021375355273244596,0.011650955373375113,0.995,0.9883490446266249,0.9978624644726756,0.995,0.9883490446266249,0.9978624644726756,False,True,False,False,False,False,outside_beta_grid
QUMOND,1,test,2,1.45,0.3,,60,outside_beta_grid,outside_inner_prior,43,326143001,envelope,covariates_only66,sparse_floor,1000,1000,0,4,996,995,1,995,0.0,14.236,13.119,0.0,2.168404344971009e-19,0.0038267584855551234,0.004,0.0015565881404084308,0.010239556277262253,0.996,0.9897604437227377,0.9984434118595916,0.995,0.9883490446266249,0.9978624644726756,False,True,False,False,False,False,outside_beta_grid
QUMOND,1,test,2,1.45,0.3,,160,outside_beta_grid,outside_inner_prior,44,326144001,baseline,covariates_only66,uniform_white,1000,1000,1,8,991,991,0,992,0.0,14.371,13.103,0.001,0.00017654637062607809,0.0056425585979579355,0.008,0.004059195818806103,0.015706334530980144,0.991,0.982984183834662,0.9952579393325229,0.992,0.9842936654690199,0.995940804181194,False,True,False,False,False,False,outside_beta_grid
QUMOND,1,test,2,1.45,0.3,,160,outside_beta_grid,outside_inner_prior,44,326144001,baseline,covariates_only66,clustered_correlated,1000,1000,0,8,992,992,0,992,0.0,14.316,13.094,0.0,2.168404344971009e-19,0.0038267584855551234,0.008,0.004059195818806103,0.015706334530980144,0.992,0.9842936654690199,0.995940804181194,0.992,0.9842936654690199,0.995940804181194,False,True,False,False,False,False,outside_beta_grid
QUMOND,1,test,2,1.45,0.3,,160,outside_beta_grid,outside_inner_prior,44,326144001,baseline,covariates_only66,sparse_floor,1000,1000,4,8,988,987,1,991,0.0,14.43,13.109,0.004,0.0015565881404084308,0.010239556277262253,0.008,0.004059195818806103,0.015706334530980144,0.988,0.9791427315245017,0.9931223521935965,0.991,0.982984183834662,0.9952579393325229,False,True,False,False,False,False,outside_beta_grid
QUMOND,1,test,2,1.45,0.3,,160,outside_beta_grid,outside_inner_prior,44,326144001,envelope,covariates_only66,uniform_white,1000,1000,0,5,995,995,0,995,0.0,14.371,13.103,0.0,2.168404344971009e-19,0.0038267584855551234,0.005,0.0021375355273244596,0.011650955373375113,0.995,0.9883490446266249,0.9978624644726756,0.995,0.9883490446266249,0.9978624644726756,False,True,False,False,False,False,outside_beta_grid
QUMOND,1,test,2,1.45,0.3,,160,outside_beta_grid,outside_inner_prior,44,326144001,envelope,covariates_only66,clustered_correlated,1000,1000,0,7,993,993,0,993,0.0,14.316,13.094,0.0,2.168404344971009e-19,0.0038267584855551234,0.007,0.0033948684009907646,0.014378315465766588,0.993,0.9856216845342334,0.9966051315990092,0.993,0.9856216845342334,0.9966051315990092,False,True,False,False,False,False,outside_beta_grid
QUMOND,1,test,2,1.45,0.3,,160,outside_beta_grid,outside_inner_prior,44,326144001,envelope,covariates_only66,sparse_floor,1000,1000,0,2,998,997,1,997,0.0,14.43,13.109,0.0,2.168404344971009e-19,0.0038267584855551234,0.002,0.000548643588120728,0.007262807863492177,0.998,0.9927371921365079,0.9994513564118793,0.997,0.9912169859464969,0.9989792161188614,False,True,False,False,True,False,outside_beta_grid
