realization,gravity,beta,f,prior,seed,beta_family,companion_family,mode,scenario,N_catalogues,difference_direction,correct_gained,correct_lost,correct_difference,wrong_gained,wrong_lost,wrong_difference,indeterminate_gained,indeterminate_lost,indeterminate_difference,true_retained_gained,true_retained_lost,true_retained_difference,baseline_double_rejected_to_correct,baseline_double_rejected_to_wrong,baseline_correct_to_both_retained
1,Newton,1.0,0.0,,325000001,fitted_grid,pure,full66,uniform_white,1000,envelope_minus_baseline,0,0,0.0,0,0,0.0,0,0,0.0,0,0,0.0,0,0,0
1,Newton,1.0,0.0,,325000001,fitted_grid,pure,full66,clustered_correlated,1000,envelope_minus_baseline,0,0,0.0,0,0,0.0,0,0,0.0,0,0,0.0,0,0,0
1,Newton,1.0,0.0,,325000001,fitted_grid,pure,full66,sparse_floor,1000,envelope_minus_baseline,0,0,0.0,0,0,0.0,0,0,0.0,0,0,0.0,0,0,0
1,Newton,1.0,0.0,,325000001,fitted_grid,pure,no_diagnostics66,uniform_white,1000,envelope_minus_baseline,0,0,0.0,0,0,0.0,0,0,0.0,0,0,0.0,0,0,0
1,Newton,1.0,0.0,,325000001,fitted_grid,pure,no_diagnostics66,clustered_correlated,1000,envelope_minus_baseline,0,0,0.0,0,0,0.0,0,0,0.0,0,0,0.0,0,0,0
1,Newton,1.0,0.0,,325000001,fitted_grid,pure,no_diagnostics66,sparse_floor,1000,envelope_minus_baseline,0,0,0.0,0,0,0.0,0,0,0.0,0,0,0.0,0,0,0
1,Newton,1.0,0.0,,325000001,fitted_grid,pure,full34,uniform_white,1000,envelope_minus_baseline,0,2,-0.0020000000000000018,0,0,0.0,2,0,0.0019999999999999983,0,0,0.0,0,0,2
1,Newton,1.0,0.0,,325000001,fitted_grid,pure,full34,clustered_correlated,1000,envelope_minus_baseline,0,3,-0.0030000000000000027,0,0,0.0,3,0,0.003000000000000001,0,0,0.0,0,0,3
1,Newton,1.0,0.0,,325000001,fitted_grid,pure,full34,sparse_floor,1000,envelope_minus_baseline,0,0,0.0,0,0,0.0,0,0,0.0,0,0,0.0,0,0,0
1,Newton,1.0,0.0,,325000001,fitted_grid,pure,covariates_only66,uniform_white,1000,envelope_minus_baseline,0,2,-0.002,0,1,-0.001,3,0,0.0030000000000000027,1,0,0.0010000000000000009,0,0,2
1,Newton,1.0,0.0,,325000001,fitted_grid,pure,covariates_only66,clustered_correlated,1000,envelope_minus_baseline,0,4,-0.003999999999999998,0,1,-0.001,5,0,0.0050000000000000044,1,0,0.0010000000000000009,0,0,4
1,Newton,1.0,0.0,,325000001,fitted_grid,pure,covariates_only66,sparse_floor,1000,envelope_minus_baseline,0,8,-0.007999999999999998,0,3,-0.003,11,0,0.01100000000000001,3,0,0.0030000000000000027,0,0,8
1,Newton,1.0,0.0,,325000001,fitted_grid,pure,conditional66,uniform_white,1000,envelope_minus_baseline,0,0,0.0,0,0,0.0,0,0,0.0,0,0,0.0,0,0,0
1,Newton,1.0,0.0,,325000001,fitted_grid,pure,conditional66,clustered_correlated,1000,envelope_minus_baseline,0,0,0.0,0,0,0.0,0,0,0.0,0,0,0.0,0,0,0
1,Newton,1.0,0.0,,325000001,fitted_grid,pure,conditional66,sparse_floor,1000,envelope_minus_baseline,0,0,0.0,0,0,0.0,0,0,0.0,0,0,0.0,0,0,0
1,Newton,1.0,0.075,40,325001001,fitted_grid,fitted_prior,full66,uniform_white,1000,envelope_minus_baseline,0,0,0.0,0,0,0.0,0,0,0.0,0,0,0.0,0,0,0
1,Newton,1.0,0.075,40,325001001,fitted_grid,fitted_prior,full66,clustered_correlated,1000,envelope_minus_baseline,0,0,0.0,0,0,0.0,0,0,0.0,0,0,0.0,0,0,0
1,Newton,1.0,0.075,40,325001001,fitted_grid,fitted_prior,full66,sparse_floor,1000,envelope_minus_baseline,0,0,0.0,0,0,0.0,0,0,0.0,0,0,0.0,0,0,0
1,Newton,1.0,0.075,40,325001001,fitted_grid,fitted_prior,no_diagnostics66,uniform_white,1000,envelope_minus_baseline,0,0,0.0,0,0,0.0,0,0,0.0,0,0,0.0,0,0,0
1,Newton,1.0,0.075,40,325001001,fitted_grid,fitted_prior,no_diagnostics66,clustered_correlated,1000,envelope_minus_baseline,0,0,0.0,0,0,0.0,0,0,0.0,0,0,0.0,0,0,0
1,Newton,1.0,0.075,40,325001001,fitted_grid,fitted_prior,no_diagnostics66,sparse_floor,1000,envelope_minus_baseline,0,0,0.0,0,0,0.0,0,0,0.0,0,0,0.0,0,0,0
1,Newton,1.0,0.075,40,325001001,fitted_grid,fitted_prior,full34,uniform_white,1000,envelope_minus_baseline,0,0,0.0,0,0,0.0,0,0,0.0,0,0,0.0,0,0,0
1,Newton,1.0,0.075,40,325001001,fitted_grid,fitted_prior,full34,clustered_correlated,1000,envelope_minus_baseline,0,0,0.0,0,0,0.0,0,0,0.0,0,0,0.0,0,0,0
1,Newton,1.0,0.075,40,325001001,fitted_grid,fitted_prior,full34,sparse_floor,1000,envelope_minus_baseline,0,0,0.0,0,0,0.0,0,0,0.0,0,0,0.0,0,0,0
1,Newton,1.0,0.075,40,325001001,fitted_grid,fitted_prior,covariates_only66,uniform_white,1000,envelope_minus_baseline,0,4,-0.004,0,0,0.0,4,0,0.0040000000000000036,0,0,0.0,0,0,4
1,Newton,1.0,0.075,40,325001001,fitted_grid,fitted_prior,covariates_only66,clustered_correlated,1000,envelope_minus_baseline,0,9,-0.009000000000000001,0,1,-0.001,10,0,0.010000000000000009,1,0,0.0010000000000000009,0,0,9
1,Newton,1.0,0.075,40,325001001,fitted_grid,fitted_prior,covariates_only66,sparse_floor,1000,envelope_minus_baseline,0,9,-0.009000000000000001,0,0,0.0,9,0,0.009000000000000008,0,0,0.0,0,0,9
1,Newton,1.0,0.075,40,325001001,fitted_grid,fitted_prior,conditional66,uniform_white,1000,envelope_minus_baseline,0,0,0.0,0,0,0.0,0,0,0.0,0,0,0.0,0,0,0
1,Newton,1.0,0.075,40,325001001,fitted_grid,fitted_prior,conditional66,clustered_correlated,1000,envelope_minus_baseline,0,0,0.0,0,0,0.0,0,0,0.0,0,0,0.0,0,0,0
1,Newton,1.0,0.075,40,325001001,fitted_grid,fitted_prior,conditional66,sparse_floor,1000,envelope_minus_baseline,0,0,0.0,0,0,0.0,0,0,0.0,0,0,0.0,0,0,0
1,Newton,1.0,0.075,80,325002001,fitted_grid,fitted_prior,full66,uniform_white,1000,envelope_minus_baseline,0,0,0.0,0,0,0.0,0,0,0.0,0,0,0.0,0,0,0
1,Newton,1.0,0.075,80,325002001,fitted_grid,fitted_prior,full66,clustered_correlated,1000,envelope_minus_baseline,0,0,0.0,0,0,0.0,0,0,0.0,0,0,0.0,0,0,0
1,Newton,1.0,0.075,80,325002001,fitted_grid,fitted_prior,full66,sparse_floor,1000,envelope_minus_baseline,0,0,0.0,0,0,0.0,0,0,0.0,0,0,0.0,0,0,0
1,Newton,1.0,0.075,80,325002001,fitted_grid,fitted_prior,no_diagnostics66,uniform_white,1000,envelope_minus_baseline,0,0,0.0,0,0,0.0,0,0,0.0,0,0,0.0,0,0,0
1,Newton,1.0,0.075,80,325002001,fitted_grid,fitted_prior,no_diagnostics66,clustered_correlated,1000,envelope_minus_baseline,0,0,0.0,0,0,0.0,0,0,0.0,0,0,0.0,0,0,0
1,Newton,1.0,0.075,80,325002001,fitted_grid,fitted_prior,no_diagnostics66,sparse_floor,1000,envelope_minus_baseline,0,0,0.0,0,0,0.0,0,0,0.0,0,0,0.0,0,0,0
1,Newton,1.0,0.075,80,325002001,fitted_grid,fitted_prior,full34,uniform_white,1000,envelope_minus_baseline,0,0,0.0,0,0,0.0,0,0,0.0,0,0,0.0,0,0,0
1,Newton,1.0,0.075,80,325002001,fitted_grid,fitted_prior,full34,clustered_correlated,1000,envelope_minus_baseline,0,0,0.0,0,0,0.0,0,0,0.0,0,0,0.0,0,0,0
1,Newton,1.0,0.075,80,325002001,fitted_grid,fitted_prior,full34,sparse_floor,1000,envelope_minus_baseline,0,0,0.0,0,0,0.0,0,0,0.0,0,0,0.0,0,0,0
1,Newton,1.0,0.075,80,325002001,fitted_grid,fitted_prior,covariates_only66,uniform_white,1000,envelope_minus_baseline,0,5,-0.004999999999999999,0,1,-0.001,6,0,0.006000000000000005,1,0,0.0010000000000000009,0,0,5
1,Newton,1.0,0.075,80,325002001,fitted_grid,fitted_prior,covariates_only66,clustered_correlated,1000,envelope_minus_baseline,0,7,-0.007000000000000001,0,1,-0.001,8,0,0.008000000000000007,1,0,0.0010000000000000009,0,0,7
1,Newton,1.0,0.075,80,325002001,fitted_grid,fitted_prior,covariates_only66,sparse_floor,1000,envelope_minus_baseline,0,12,-0.012,0,1,-0.001,13,0,0.013000000000000012,1,0,0.0010000000000000009,0,0,12
1,Newton,1.0,0.075,80,325002001,fitted_grid,fitted_prior,conditional66,uniform_white,1000,envelope_minus_baseline,0,0,0.0,0,0,0.0,0,0,0.0,0,0,0.0,0,0,0
1,Newton,1.0,0.075,80,325002001,fitted_grid,fitted_prior,conditional66,clustered_correlated,1000,envelope_minus_baseline,0,0,0.0,0,0,0.0,0,0,0.0,0,0,0.0,0,0,0
1,Newton,1.0,0.075,80,325002001,fitted_grid,fitted_prior,conditional66,sparse_floor,1000,envelope_minus_baseline,0,0,0.0,0,0,0.0,0,0,0.0,0,0,0.0,0,0,0
1,Newton,1.0,0.075,60,325003001,fitted_grid,outside_inner_prior,full66,uniform_white,1000,envelope_minus_baseline,0,0,0.0,0,0,0.0,0,0,0.0,0,0,0.0,0,0,0
1,Newton,1.0,0.075,60,325003001,fitted_grid,outside_inner_prior,full66,clustered_correlated,1000,envelope_minus_baseline,0,0,0.0,0,0,0.0,0,0,0.0,0,0,0.0,0,0,0
1,Newton,1.0,0.075,60,325003001,fitted_grid,outside_inner_prior,full66,sparse_floor,1000,envelope_minus_baseline,0,0,0.0,0,0,0.0,0,0,0.0,0,0,0.0,0,0,0
1,Newton,1.0,0.075,60,325003001,fitted_grid,outside_inner_prior,no_diagnostics66,uniform_white,1000,envelope_minus_baseline,0,0,0.0,0,0,0.0,0,0,0.0,0,0,0.0,0,0,0
1,Newton,1.0,0.075,60,325003001,fitted_grid,outside_inner_prior,no_diagnostics66,clustered_correlated,1000,envelope_minus_baseline,0,0,0.0,0,0,0.0,0,0,0.0,0,0,0.0,0,0,0
1,Newton,1.0,0.075,60,325003001,fitted_grid,outside_inner_prior,no_diagnostics66,sparse_floor,1000,envelope_minus_baseline,0,0,0.0,0,0,0.0,0,0,0.0,0,0,0.0,0,0,0
1,Newton,1.0,0.075,60,325003001,fitted_grid,outside_inner_prior,full34,uniform_white,1000,envelope_minus_baseline,0,0,0.0,0,0,0.0,0,0,0.0,0,0,0.0,0,0,0
1,Newton,1.0,0.075,60,325003001,fitted_grid,outside_inner_prior,full34,clustered_correlated,1000,envelope_minus_baseline,0,0,0.0,0,0,0.0,0,0,0.0,0,0,0.0,0,0,0
1,Newton,1.0,0.075,60,325003001,fitted_grid,outside_inner_prior,full34,sparse_floor,1000,envelope_minus_baseline,0,0,0.0,0,0,0.0,0,0,0.0,0,0,0.0,0,0,0
1,Newton,1.0,0.075,60,325003001,fitted_grid,outside_inner_prior,covariates_only66,uniform_white,1000,envelope_minus_baseline,0,6,-0.006,0,0,0.0,6,0,0.006000000000000005,0,0,0.0,0,0,6
1,Newton,1.0,0.075,60,325003001,fitted_grid,outside_inner_prior,covariates_only66,clustered_correlated,1000,envelope_minus_baseline,0,1,-0.0009999999999999992,1,0,0.001,1,1,0.0,0,0,0.0,0,1,1
1,Newton,1.0,0.075,60,325003001,fitted_grid,outside_inner_prior,covariates_only66,sparse_floor,1000,envelope_minus_baseline,0,21,-0.020999999999999998,0,0,0.0,21,0,0.02100000000000002,0,0,0.0,0,0,21
1,Newton,1.0,0.075,60,325003001,fitted_grid,outside_inner_prior,conditional66,uniform_white,1000,envelope_minus_baseline,0,0,0.0,0,0,0.0,0,0,0.0,0,0,0.0,0,0,0
1,Newton,1.0,0.075,60,325003001,fitted_grid,outside_inner_prior,conditional66,clustered_correlated,1000,envelope_minus_baseline,0,0,0.0,0,0,0.0,0,0,0.0,0,0,0.0,0,0,0
1,Newton,1.0,0.075,60,325003001,fitted_grid,outside_inner_prior,conditional66,sparse_floor,1000,envelope_minus_baseline,0,0,0.0,0,0,0.0,0,0,0.0,0,0,0.0,0,0,0
1,Newton,1.0,0.075,160,325004001,fitted_grid,outside_inner_prior,full66,uniform_white,1000,envelope_minus_baseline,0,0,0.0,0,0,0.0,0,0,0.0,0,0,0.0,0,0,0
1,Newton,1.0,0.075,160,325004001,fitted_grid,outside_inner_prior,full66,clustered_correlated,1000,envelope_minus_baseline,0,0,0.0,0,0,0.0,0,0,0.0,0,0,0.0,0,0,0
1,Newton,1.0,0.075,160,325004001,fitted_grid,outside_inner_prior,full66,sparse_floor,1000,envelope_minus_baseline,0,0,0.0,0,0,0.0,0,0,0.0,0,0,0.0,0,0,0
1,Newton,1.0,0.075,160,325004001,fitted_grid,outside_inner_prior,no_diagnostics66,uniform_white,1000,envelope_minus_baseline,0,0,0.0,0,0,0.0,0,0,0.0,0,0,0.0,0,0,0
1,Newton,1.0,0.075,160,325004001,fitted_grid,outside_inner_prior,no_diagnostics66,clustered_correlated,1000,envelope_minus_baseline,0,0,0.0,0,0,0.0,0,0,0.0,0,0,0.0,0,0,0
1,Newton,1.0,0.075,160,325004001,fitted_grid,outside_inner_prior,no_diagnostics66,sparse_floor,1000,envelope_minus_baseline,0,0,0.0,0,0,0.0,0,0,0.0,0,0,0.0,0,0,0
1,Newton,1.0,0.075,160,325004001,fitted_grid,outside_inner_prior,full34,uniform_white,1000,envelope_minus_baseline,0,1,-0.0010000000000000009,0,0,0.0,1,0,0.001,0,0,0.0,0,0,1
1,Newton,1.0,0.075,160,325004001,fitted_grid,outside_inner_prior,full34,clustered_correlated,1000,envelope_minus_baseline,0,2,-0.0020000000000000018,0,0,0.0,2,0,0.002,0,0,0.0,0,0,2
1,Newton,1.0,0.075,160,325004001,fitted_grid,outside_inner_prior,full34,sparse_floor,1000,envelope_minus_baseline,0,0,0.0,0,0,0.0,0,0,0.0,0,0,0.0,0,0,0
1,Newton,1.0,0.075,160,325004001,fitted_grid,outside_inner_prior,covariates_only66,uniform_white,1000,envelope_minus_baseline,0,2,-0.002,0,0,0.0,2,0,0.0020000000000000018,0,0,0.0,0,0,2
1,Newton,1.0,0.075,160,325004001,fitted_grid,outside_inner_prior,covariates_only66,clustered_correlated,1000,envelope_minus_baseline,1,3,-0.002,0,1,-0.001,4,1,0.0030000000000000027,2,0,0.0020000000000000018,1,0,3
1,Newton,1.0,0.075,160,325004001,fitted_grid,outside_inner_prior,covariates_only66,sparse_floor,1000,envelope_minus_baseline,0,16,-0.016,0,1,-0.001,17,0,0.017000000000000015,1,0,0.0010000000000000009,0,0,16
1,Newton,1.0,0.075,160,325004001,fitted_grid,outside_inner_prior,conditional66,uniform_white,1000,envelope_minus_baseline,0,0,0.0,0,0,0.0,0,0,0.0,0,0,0.0,0,0,0
1,Newton,1.0,0.075,160,325004001,fitted_grid,outside_inner_prior,conditional66,clustered_correlated,1000,envelope_minus_baseline,0,0,0.0,0,0,0.0,0,0,0.0,0,0,0.0,0,0,0
1,Newton,1.0,0.075,160,325004001,fitted_grid,outside_inner_prior,conditional66,sparse_floor,1000,envelope_minus_baseline,0,0,0.0,0,0,0.0,0,0,0.0,0,0,0.0,0,0,0
1,Newton,1.0,0.225,40,325005001,fitted_grid,fitted_prior,full66,uniform_white,1000,envelope_minus_baseline,0,0,0.0,0,0,0.0,0,0,0.0,0,0,0.0,0,0,0
1,Newton,1.0,0.225,40,325005001,fitted_grid,fitted_prior,full66,clustered_correlated,1000,envelope_minus_baseline,0,0,0.0,0,0,0.0,0,0,0.0,0,0,0.0,0,0,0
1,Newton,1.0,0.225,40,325005001,fitted_grid,fitted_prior,full66,sparse_floor,1000,envelope_minus_baseline,0,0,0.0,0,0,0.0,0,0,0.0,0,0,0.0,0,0,0
1,Newton,1.0,0.225,40,325005001,fitted_grid,fitted_prior,no_diagnostics66,uniform_white,1000,envelope_minus_baseline,0,0,0.0,0,0,0.0,0,0,0.0,0,0,0.0,0,0,0
1,Newton,1.0,0.225,40,325005001,fitted_grid,fitted_prior,no_diagnostics66,clustered_correlated,1000,envelope_minus_baseline,0,0,0.0,0,0,0.0,0,0,0.0,0,0,0.0,0,0,0
1,Newton,1.0,0.225,40,325005001,fitted_grid,fitted_prior,no_diagnostics66,sparse_floor,1000,envelope_minus_baseline,0,0,0.0,0,0,0.0,0,0,0.0,0,0,0.0,0,0,0
1,Newton,1.0,0.225,40,325005001,fitted_grid,fitted_prior,full34,uniform_white,1000,envelope_minus_baseline,0,2,-0.0020000000000000018,0,0,0.0,2,0,0.002,0,0,0.0,0,0,2
1,Newton,1.0,0.225,40,325005001,fitted_grid,fitted_prior,full34,clustered_correlated,1000,envelope_minus_baseline,0,1,-0.0010000000000000009,0,0,0.0,1,0,0.001,0,0,0.0,0,0,1
1,Newton,1.0,0.225,40,325005001,fitted_grid,fitted_prior,full34,sparse_floor,1000,envelope_minus_baseline,0,0,0.0,0,0,0.0,0,0,0.0,0,0,0.0,0,0,0
1,Newton,1.0,0.225,40,325005001,fitted_grid,fitted_prior,covariates_only66,uniform_white,1000,envelope_minus_baseline,0,1,-0.0010000000000000009,0,1,-0.001,2,0,0.0020000000000000018,1,0,0.0010000000000000009,0,0,1
1,Newton,1.0,0.225,40,325005001,fitted_grid,fitted_prior,covariates_only66,clustered_correlated,1000,envelope_minus_baseline,0,4,-0.003999999999999998,0,2,-0.002,6,0,0.006000000000000005,2,0,0.0020000000000000018,0,0,4
1,Newton,1.0,0.225,40,325005001,fitted_grid,fitted_prior,covariates_only66,sparse_floor,1000,envelope_minus_baseline,0,10,-0.01,0,2,-0.002,12,0,0.01200000000000001,2,0,0.0020000000000000018,0,0,10
1,Newton,1.0,0.225,40,325005001,fitted_grid,fitted_prior,conditional66,uniform_white,1000,envelope_minus_baseline,0,0,0.0,0,0,0.0,0,0,0.0,0,0,0.0,0,0,0
1,Newton,1.0,0.225,40,325005001,fitted_grid,fitted_prior,conditional66,clustered_correlated,1000,envelope_minus_baseline,0,0,0.0,0,0,0.0,0,0,0.0,0,0,0.0,0,0,0
1,Newton,1.0,0.225,40,325005001,fitted_grid,fitted_prior,conditional66,sparse_floor,1000,envelope_minus_baseline,0,0,0.0,0,0,0.0,0,0,0.0,0,0,0.0,0,0,0
1,Newton,1.0,0.225,80,325006001,fitted_grid,fitted_prior,full66,uniform_white,1000,envelope_minus_baseline,0,0,0.0,0,0,0.0,0,0,0.0,0,0,0.0,0,0,0
1,Newton,1.0,0.225,80,325006001,fitted_grid,fitted_prior,full66,clustered_correlated,1000,envelope_minus_baseline,0,0,0.0,0,0,0.0,0,0,0.0,0,0,0.0,0,0,0
1,Newton,1.0,0.225,80,325006001,fitted_grid,fitted_prior,full66,sparse_floor,1000,envelope_minus_baseline,0,0,0.0,0,0,0.0,0,0,0.0,0,0,0.0,0,0,0
1,Newton,1.0,0.225,80,325006001,fitted_grid,fitted_prior,no_diagnostics66,uniform_white,1000,envelope_minus_baseline,0,0,0.0,0,0,0.0,0,0,0.0,0,0,0.0,0,0,0
1,Newton,1.0,0.225,80,325006001,fitted_grid,fitted_prior,no_diagnostics66,clustered_correlated,1000,envelope_minus_baseline,0,0,0.0,0,0,0.0,0,0,0.0,0,0,0.0,0,0,0
1,Newton,1.0,0.225,80,325006001,fitted_grid,fitted_prior,no_diagnostics66,sparse_floor,1000,envelope_minus_baseline,1,0,0.0010000000000000009,0,0,0.0,0,1,-0.001,1,0,0.0010000000000000009,1,0,0
1,Newton,1.0,0.225,80,325006001,fitted_grid,fitted_prior,full34,uniform_white,1000,envelope_minus_baseline,0,0,0.0,0,0,0.0,0,0,0.0,0,0,0.0,0,0,0
1,Newton,1.0,0.225,80,325006001,fitted_grid,fitted_prior,full34,clustered_correlated,1000,envelope_minus_baseline,0,3,-0.0030000000000000027,0,0,0.0,3,0,0.003,0,0,0.0,0,0,3
1,Newton,1.0,0.225,80,325006001,fitted_grid,fitted_prior,full34,sparse_floor,1000,envelope_minus_baseline,0,0,0.0,0,0,0.0,0,0,0.0,0,0,0.0,0,0,0
1,Newton,1.0,0.225,80,325006001,fitted_grid,fitted_prior,covariates_only66,uniform_white,1000,envelope_minus_baseline,0,3,-0.002999999999999999,0,1,-0.001,4,0,0.0040000000000000036,1,0,0.0010000000000000009,0,0,3
1,Newton,1.0,0.225,80,325006001,fitted_grid,fitted_prior,covariates_only66,clustered_correlated,1000,envelope_minus_baseline,0,5,-0.005000000000000001,0,2,-0.002,7,0,0.007000000000000006,2,0,0.0020000000000000018,0,0,5
1,Newton,1.0,0.225,80,325006001,fitted_grid,fitted_prior,covariates_only66,sparse_floor,1000,envelope_minus_baseline,0,9,-0.009000000000000001,0,4,-0.004,13,0,0.013000000000000012,4,0,0.0040000000000000036,0,0,9
1,Newton,1.0,0.225,80,325006001,fitted_grid,fitted_prior,conditional66,uniform_white,1000,envelope_minus_baseline,0,0,0.0,0,0,0.0,0,0,0.0,0,0,0.0,0,0,0
1,Newton,1.0,0.225,80,325006001,fitted_grid,fitted_prior,conditional66,clustered_correlated,1000,envelope_minus_baseline,0,0,0.0,0,0,0.0,0,0,0.0,0,0,0.0,0,0,0
1,Newton,1.0,0.225,80,325006001,fitted_grid,fitted_prior,conditional66,sparse_floor,1000,envelope_minus_baseline,0,0,0.0,0,0,0.0,0,0,0.0,0,0,0.0,0,0,0
1,Newton,1.0,0.225,60,325007001,fitted_grid,outside_inner_prior,full66,uniform_white,1000,envelope_minus_baseline,0,0,0.0,0,0,0.0,0,0,0.0,0,0,0.0,0,0,0
1,Newton,1.0,0.225,60,325007001,fitted_grid,outside_inner_prior,full66,clustered_correlated,1000,envelope_minus_baseline,0,0,0.0,0,0,0.0,0,0,0.0,0,0,0.0,0,0,0
1,Newton,1.0,0.225,60,325007001,fitted_grid,outside_inner_prior,full66,sparse_floor,1000,envelope_minus_baseline,0,0,0.0,0,0,0.0,0,0,0.0,0,0,0.0,0,0,0
1,Newton,1.0,0.225,60,325007001,fitted_grid,outside_inner_prior,no_diagnostics66,uniform_white,1000,envelope_minus_baseline,0,0,0.0,0,0,0.0,0,0,0.0,0,0,0.0,0,0,0
1,Newton,1.0,0.225,60,325007001,fitted_grid,outside_inner_prior,no_diagnostics66,clustered_correlated,1000,envelope_minus_baseline,0,0,0.0,0,0,0.0,0,0,0.0,0,0,0.0,0,0,0
1,Newton,1.0,0.225,60,325007001,fitted_grid,outside_inner_prior,no_diagnostics66,sparse_floor,1000,envelope_minus_baseline,0,0,0.0,0,0,0.0,0,0,0.0,0,0,0.0,0,0,0
1,Newton,1.0,0.225,60,325007001,fitted_grid,outside_inner_prior,full34,uniform_white,1000,envelope_minus_baseline,0,0,0.0,0,0,0.0,0,0,0.0,0,0,0.0,0,0,0
1,Newton,1.0,0.225,60,325007001,fitted_grid,outside_inner_prior,full34,clustered_correlated,1000,envelope_minus_baseline,0,0,0.0,0,0,0.0,0,0,0.0,0,0,0.0,0,0,0
1,Newton,1.0,0.225,60,325007001,fitted_grid,outside_inner_prior,full34,sparse_floor,1000,envelope_minus_baseline,0,0,0.0,0,0,0.0,0,0,0.0,0,0,0.0,0,0,0
1,Newton,1.0,0.225,60,325007001,fitted_grid,outside_inner_prior,covariates_only66,uniform_white,1000,envelope_minus_baseline,0,2,-0.0020000000000000018,0,1,-0.001,3,0,0.0030000000000000027,1,0,0.0010000000000000009,0,0,2
1,Newton,1.0,0.225,60,325007001,fitted_grid,outside_inner_prior,covariates_only66,clustered_correlated,1000,envelope_minus_baseline,0,8,-0.008,0,2,-0.002,10,0,0.010000000000000009,2,0,0.0020000000000000018,0,0,8
1,Newton,1.0,0.225,60,325007001,fitted_grid,outside_inner_prior,covariates_only66,sparse_floor,1000,envelope_minus_baseline,0,10,-0.010000000000000002,0,3,-0.003,13,0,0.013000000000000012,3,0,0.0030000000000000027,0,0,10
1,Newton,1.0,0.225,60,325007001,fitted_grid,outside_inner_prior,conditional66,uniform_white,1000,envelope_minus_baseline,0,0,0.0,0,0,0.0,0,0,0.0,0,0,0.0,0,0,0
1,Newton,1.0,0.225,60,325007001,fitted_grid,outside_inner_prior,conditional66,clustered_correlated,1000,envelope_minus_baseline,0,0,0.0,0,0,0.0,0,0,0.0,0,0,0.0,0,0,0
1,Newton,1.0,0.225,60,325007001,fitted_grid,outside_inner_prior,conditional66,sparse_floor,1000,envelope_minus_baseline,0,0,0.0,0,0,0.0,0,0,0.0,0,0,0.0,0,0,0
1,Newton,1.0,0.225,160,325008001,fitted_grid,outside_inner_prior,full66,uniform_white,1000,envelope_minus_baseline,0,0,0.0,0,0,0.0,0,0,0.0,0,0,0.0,0,0,0
1,Newton,1.0,0.225,160,325008001,fitted_grid,outside_inner_prior,full66,clustered_correlated,1000,envelope_minus_baseline,0,0,0.0,0,0,0.0,0,0,0.0,0,0,0.0,0,0,0
1,Newton,1.0,0.225,160,325008001,fitted_grid,outside_inner_prior,full66,sparse_floor,1000,envelope_minus_baseline,0,0,0.0,0,0,0.0,0,0,0.0,0,0,0.0,0,0,0
1,Newton,1.0,0.225,160,325008001,fitted_grid,outside_inner_prior,no_diagnostics66,uniform_white,1000,envelope_minus_baseline,0,0,0.0,0,0,0.0,0,0,0.0,0,0,0.0,0,0,0
1,Newton,1.0,0.225,160,325008001,fitted_grid,outside_inner_prior,no_diagnostics66,clustered_correlated,1000,envelope_minus_baseline,0,0,0.0,0,0,0.0,0,0,0.0,0,0,0.0,0,0,0
1,Newton,1.0,0.225,160,325008001,fitted_grid,outside_inner_prior,no_diagnostics66,sparse_floor,1000,envelope_minus_baseline,0,0,0.0,0,0,0.0,0,0,0.0,0,0,0.0,0,0,0
1,Newton,1.0,0.225,160,325008001,fitted_grid,outside_inner_prior,full34,uniform_white,1000,envelope_minus_baseline,0,3,-0.0030000000000000027,0,0,0.0,3,0,0.002999999999999999,0,0,0.0,0,0,3
1,Newton,1.0,0.225,160,325008001,fitted_grid,outside_inner_prior,full34,clustered_correlated,1000,envelope_minus_baseline,0,2,-0.0020000000000000018,0,0,0.0,2,0,0.002,0,0,0.0,0,0,2
1,Newton,1.0,0.225,160,325008001,fitted_grid,outside_inner_prior,full34,sparse_floor,1000,envelope_minus_baseline,0,0,0.0,0,0,0.0,0,0,0.0,0,0,0.0,0,0,0
1,Newton,1.0,0.225,160,325008001,fitted_grid,outside_inner_prior,covariates_only66,uniform_white,1000,envelope_minus_baseline,0,5,-0.004999999999999999,0,1,-0.001,6,0,0.006000000000000005,1,0,0.0010000000000000009,0,0,5
1,Newton,1.0,0.225,160,325008001,fitted_grid,outside_inner_prior,covariates_only66,clustered_correlated,1000,envelope_minus_baseline,0,5,-0.004999999999999999,0,1,-0.001,6,0,0.006000000000000005,1,0,0.0010000000000000009,0,0,5
1,Newton,1.0,0.225,160,325008001,fitted_grid,outside_inner_prior,covariates_only66,sparse_floor,1000,envelope_minus_baseline,0,13,-0.013,0,1,-0.001,14,0,0.014000000000000012,1,0,0.0010000000000000009,0,0,13
1,Newton,1.0,0.225,160,325008001,fitted_grid,outside_inner_prior,conditional66,uniform_white,1000,envelope_minus_baseline,0,0,0.0,0,0,0.0,0,0,0.0,0,0,0.0,0,0,0
1,Newton,1.0,0.225,160,325008001,fitted_grid,outside_inner_prior,conditional66,clustered_correlated,1000,envelope_minus_baseline,0,0,0.0,0,0,0.0,0,0,0.0,0,0,0.0,0,0,0
1,Newton,1.0,0.225,160,325008001,fitted_grid,outside_inner_prior,conditional66,sparse_floor,1000,envelope_minus_baseline,0,0,0.0,0,0,0.0,0,0,0.0,0,0,0.0,0,0,0
1,Newton,1.0,0.3,40,325009001,fitted_grid,fitted_prior,full66,uniform_white,1000,envelope_minus_baseline,0,0,0.0,0,0,0.0,0,0,0.0,0,0,0.0,0,0,0
1,Newton,1.0,0.3,40,325009001,fitted_grid,fitted_prior,full66,clustered_correlated,1000,envelope_minus_baseline,0,0,0.0,0,0,0.0,0,0,0.0,0,0,0.0,0,0,0
1,Newton,1.0,0.3,40,325009001,fitted_grid,fitted_prior,full66,sparse_floor,1000,envelope_minus_baseline,2,0,0.0020000000000000018,0,0,0.0,0,2,-0.002,2,0,0.0020000000000000018,2,0,0
1,Newton,1.0,0.3,40,325009001,fitted_grid,fitted_prior,no_diagnostics66,uniform_white,1000,envelope_minus_baseline,0,0,0.0,0,0,0.0,0,0,0.0,0,0,0.0,0,0,0
1,Newton,1.0,0.3,40,325009001,fitted_grid,fitted_prior,no_diagnostics66,clustered_correlated,1000,envelope_minus_baseline,0,0,0.0,0,0,0.0,0,0,0.0,0,0,0.0,0,0,0
1,Newton,1.0,0.3,40,325009001,fitted_grid,fitted_prior,no_diagnostics66,sparse_floor,1000,envelope_minus_baseline,0,0,0.0,0,0,0.0,0,0,0.0,0,0,0.0,0,0,0
1,Newton,1.0,0.3,40,325009001,fitted_grid,fitted_prior,full34,uniform_white,1000,envelope_minus_baseline,1,1,0.0,0,0,0.0,1,1,0.0,1,0,0.0010000000000000009,1,0,1
1,Newton,1.0,0.3,40,325009001,fitted_grid,fitted_prior,full34,clustered_correlated,1000,envelope_minus_baseline,1,2,-0.0010000000000000009,0,1,-0.001,3,1,0.002,2,0,0.0020000000000000018,1,0,2
1,Newton,1.0,0.3,40,325009001,fitted_grid,fitted_prior,full34,sparse_floor,1000,envelope_minus_baseline,0,0,0.0,0,0,0.0,0,0,0.0,0,0,0.0,0,0,0
1,Newton,1.0,0.3,40,325009001,fitted_grid,fitted_prior,covariates_only66,uniform_white,1000,envelope_minus_baseline,0,2,-0.0020000000000000018,0,2,-0.002,4,0,0.0040000000000000036,2,0,0.0020000000000000018,0,0,2
1,Newton,1.0,0.3,40,325009001,fitted_grid,fitted_prior,covariates_only66,clustered_correlated,1000,envelope_minus_baseline,0,6,-0.005999999999999998,0,2,-0.002,8,0,0.008000000000000007,2,0,0.0020000000000000018,0,0,6
1,Newton,1.0,0.3,40,325009001,fitted_grid,fitted_prior,covariates_only66,sparse_floor,1000,envelope_minus_baseline,0,9,-0.009000000000000001,0,2,-0.002,11,0,0.01100000000000001,2,0,0.0020000000000000018,0,0,9
1,Newton,1.0,0.3,40,325009001,fitted_grid,fitted_prior,conditional66,uniform_white,1000,envelope_minus_baseline,0,0,0.0,0,1,-0.001,1,0,0.0010000000000000009,1,0,0.0010000000000000009,0,0,0
1,Newton,1.0,0.3,40,325009001,fitted_grid,fitted_prior,conditional66,clustered_correlated,1000,envelope_minus_baseline,0,0,0.0,0,0,0.0,0,0,0.0,0,0,0.0,0,0,0
1,Newton,1.0,0.3,40,325009001,fitted_grid,fitted_prior,conditional66,sparse_floor,1000,envelope_minus_baseline,1,0,0.0010000000000000009,0,0,0.0,0,1,-0.001,1,0,0.0010000000000000009,1,0,0
1,Newton,1.0,0.3,80,325010001,fitted_grid,fitted_prior,full66,uniform_white,1000,envelope_minus_baseline,0,0,0.0,0,0,0.0,0,0,0.0,0,0,0.0,0,0,0
1,Newton,1.0,0.3,80,325010001,fitted_grid,fitted_prior,full66,clustered_correlated,1000,envelope_minus_baseline,0,0,0.0,0,0,0.0,0,0,0.0,0,0,0.0,0,0,0
1,Newton,1.0,0.3,80,325010001,fitted_grid,fitted_prior,full66,sparse_floor,1000,envelope_minus_baseline,0,0,0.0,0,0,0.0,0,0,0.0,0,0,0.0,0,0,0
1,Newton,1.0,0.3,80,325010001,fitted_grid,fitted_prior,no_diagnostics66,uniform_white,1000,envelope_minus_baseline,0,0,0.0,0,0,0.0,0,0,0.0,0,0,0.0,0,0,0
1,Newton,1.0,0.3,80,325010001,fitted_grid,fitted_prior,no_diagnostics66,clustered_correlated,1000,envelope_minus_baseline,0,0,0.0,0,0,0.0,0,0,0.0,0,0,0.0,0,0,0
1,Newton,1.0,0.3,80,325010001,fitted_grid,fitted_prior,no_diagnostics66,sparse_floor,1000,envelope_minus_baseline,3,0,0.0030000000000000027,0,0,0.0,0,3,-0.002999999999999999,3,0,0.0030000000000000027,3,0,0
1,Newton,1.0,0.3,80,325010001,fitted_grid,fitted_prior,full34,uniform_white,1000,envelope_minus_baseline,0,6,-0.006000000000000005,0,1,-0.001,7,0,0.007000000000000003,1,0,0.0010000000000000009,0,0,6
1,Newton,1.0,0.3,80,325010001,fitted_grid,fitted_prior,full34,clustered_correlated,1000,envelope_minus_baseline,0,3,-0.0030000000000000027,0,0,0.0,3,0,0.003,0,0,0.0,0,0,3
1,Newton,1.0,0.3,80,325010001,fitted_grid,fitted_prior,full34,sparse_floor,1000,envelope_minus_baseline,0,0,0.0,0,0,0.0,0,0,0.0,0,0,0.0,0,0,0
1,Newton,1.0,0.3,80,325010001,fitted_grid,fitted_prior,covariates_only66,uniform_white,1000,envelope_minus_baseline,0,5,-0.005000000000000001,0,1,-0.001,6,0,0.006000000000000005,1,0,0.0010000000000000009,0,0,5
1,Newton,1.0,0.3,80,325010001,fitted_grid,fitted_prior,covariates_only66,clustered_correlated,1000,envelope_minus_baseline,0,2,-0.002,0,1,-0.001,3,0,0.0030000000000000027,2,0,0.0020000000000000018,0,0,2
1,Newton,1.0,0.3,80,325010001,fitted_grid,fitted_prior,covariates_only66,sparse_floor,1000,envelope_minus_baseline,0,12,-0.012,0,2,-0.002,14,0,0.014000000000000012,2,0,0.0020000000000000018,0,0,12
1,Newton,1.0,0.3,80,325010001,fitted_grid,fitted_prior,conditional66,uniform_white,1000,envelope_minus_baseline,1,0,0.0010000000000000009,0,0,0.0,0,1,-0.0010000000000000009,1,0,0.0010000000000000009,1,0,0
1,Newton,1.0,0.3,80,325010001,fitted_grid,fitted_prior,conditional66,clustered_correlated,1000,envelope_minus_baseline,0,0,0.0,0,0,0.0,0,0,0.0,0,0,0.0,0,0,0
1,Newton,1.0,0.3,80,325010001,fitted_grid,fitted_prior,conditional66,sparse_floor,1000,envelope_minus_baseline,0,0,0.0,0,0,0.0,0,0,0.0,0,0,0.0,0,0,0
1,Newton,1.0,0.3,60,325011001,fitted_grid,outside_inner_prior,full66,uniform_white,1000,envelope_minus_baseline,0,0,0.0,0,0,0.0,0,0,0.0,0,0,0.0,0,0,0
1,Newton,1.0,0.3,60,325011001,fitted_grid,outside_inner_prior,full66,clustered_correlated,1000,envelope_minus_baseline,0,0,0.0,0,0,0.0,0,0,0.0,0,0,0.0,0,0,0
1,Newton,1.0,0.3,60,325011001,fitted_grid,outside_inner_prior,full66,sparse_floor,1000,envelope_minus_baseline,1,0,0.0010000000000000009,0,0,0.0,0,1,-0.001,1,0,0.0010000000000000009,1,0,0
1,Newton,1.0,0.3,60,325011001,fitted_grid,outside_inner_prior,no_diagnostics66,uniform_white,1000,envelope_minus_baseline,0,0,0.0,0,0,0.0,0,0,0.0,0,0,0.0,0,0,0
1,Newton,1.0,0.3,60,325011001,fitted_grid,outside_inner_prior,no_diagnostics66,clustered_correlated,1000,envelope_minus_baseline,0,0,0.0,0,0,0.0,0,0,0.0,0,0,0.0,0,0,0
1,Newton,1.0,0.3,60,325011001,fitted_grid,outside_inner_prior,no_diagnostics66,sparse_floor,1000,envelope_minus_baseline,5,0,0.0050000000000000044,0,0,0.0,0,5,-0.005,5,0,0.0050000000000000044,5,0,0
1,Newton,1.0,0.3,60,325011001,fitted_grid,outside_inner_prior,full34,uniform_white,1000,envelope_minus_baseline,0,8,-0.008000000000000007,1,0,0.001,8,1,0.006999999999999999,0,0,0.0,0,1,8
1,Newton,1.0,0.3,60,325011001,fitted_grid,outside_inner_prior,full34,clustered_correlated,1000,envelope_minus_baseline,1,4,-0.0030000000000000027,0,1,-0.001,5,1,0.004,2,0,0.0020000000000000018,1,0,4
1,Newton,1.0,0.3,60,325011001,fitted_grid,outside_inner_prior,full34,sparse_floor,1000,envelope_minus_baseline,0,0,0.0,0,0,0.0,0,0,0.0,0,0,0.0,0,0,0
1,Newton,1.0,0.3,60,325011001,fitted_grid,outside_inner_prior,covariates_only66,uniform_white,1000,envelope_minus_baseline,0,2,-0.002,0,3,-0.003,5,0,0.0050000000000000044,3,0,0.0030000000000000027,0,0,2
1,Newton,1.0,0.3,60,325011001,fitted_grid,outside_inner_prior,covariates_only66,clustered_correlated,1000,envelope_minus_baseline,0,4,-0.004,0,2,-0.002,6,0,0.006000000000000005,3,0,0.0030000000000000027,0,0,4
1,Newton,1.0,0.3,60,325011001,fitted_grid,outside_inner_prior,covariates_only66,sparse_floor,1000,envelope_minus_baseline,0,9,-0.009000000000000001,0,4,-0.004,13,0,0.013000000000000012,4,0,0.0040000000000000036,0,0,9
1,Newton,1.0,0.3,60,325011001,fitted_grid,outside_inner_prior,conditional66,uniform_white,1000,envelope_minus_baseline,0,0,0.0,0,0,0.0,0,0,0.0,0,0,0.0,0,0,0
1,Newton,1.0,0.3,60,325011001,fitted_grid,outside_inner_prior,conditional66,clustered_correlated,1000,envelope_minus_baseline,0,0,0.0,0,0,0.0,0,0,0.0,0,0,0.0,0,0,0
1,Newton,1.0,0.3,60,325011001,fitted_grid,outside_inner_prior,conditional66,sparse_floor,1000,envelope_minus_baseline,1,0,0.0010000000000000009,0,0,0.0,0,1,-0.0010000000000000009,1,0,0.0010000000000000009,1,0,0
1,Newton,1.0,0.3,160,325012001,fitted_grid,outside_inner_prior,full66,uniform_white,1000,envelope_minus_baseline,3,0,0.0030000000000000027,0,0,0.0,0,3,-0.002999999999999999,3,0,0.0030000000000000027,3,0,0
1,Newton,1.0,0.3,160,325012001,fitted_grid,outside_inner_prior,full66,clustered_correlated,1000,envelope_minus_baseline,0,0,0.0,0,0,0.0,0,0,0.0,0,0,0.0,0,0,0
1,Newton,1.0,0.3,160,325012001,fitted_grid,outside_inner_prior,full66,sparse_floor,1000,envelope_minus_baseline,1,0,0.0010000000000000009,0,0,0.0,0,1,-0.001,1,0,0.0010000000000000009,1,0,0
1,Newton,1.0,0.3,160,325012001,fitted_grid,outside_inner_prior,no_diagnostics66,uniform_white,1000,envelope_minus_baseline,0,0,0.0,0,0,0.0,0,0,0.0,0,0,0.0,0,0,0
1,Newton,1.0,0.3,160,325012001,fitted_grid,outside_inner_prior,no_diagnostics66,clustered_correlated,1000,envelope_minus_baseline,0,0,0.0,0,0,0.0,0,0,0.0,0,0,0.0,0,0,0
1,Newton,1.0,0.3,160,325012001,fitted_grid,outside_inner_prior,no_diagnostics66,sparse_floor,1000,envelope_minus_baseline,6,0,0.006000000000000005,0,0,0.0,0,6,-0.005999999999999999,6,0,0.006000000000000005,6,0,0
1,Newton,1.0,0.3,160,325012001,fitted_grid,outside_inner_prior,full34,uniform_white,1000,envelope_minus_baseline,0,2,-0.0020000000000000018,0,0,0.0,2,0,0.0020000000000000018,0,0,0.0,0,0,2
1,Newton,1.0,0.3,160,325012001,fitted_grid,outside_inner_prior,full34,clustered_correlated,1000,envelope_minus_baseline,2,4,-0.0020000000000000018,0,4,-0.004,8,2,0.006000000000000002,6,0,0.006000000000000005,2,0,4
1,Newton,1.0,0.3,160,325012001,fitted_grid,outside_inner_prior,full34,sparse_floor,1000,envelope_minus_baseline,0,0,0.0,0,0,0.0,0,0,0.0,0,0,0.0,0,0,0
1,Newton,1.0,0.3,160,325012001,fitted_grid,outside_inner_prior,covariates_only66,uniform_white,1000,envelope_minus_baseline,0,6,-0.005999999999999999,0,0,0.0,6,0,0.006000000000000005,0,0,0.0,0,0,6
1,Newton,1.0,0.3,160,325012001,fitted_grid,outside_inner_prior,covariates_only66,clustered_correlated,1000,envelope_minus_baseline,0,5,-0.005,0,2,-0.002,7,0,0.007000000000000006,2,0,0.0020000000000000018,0,0,5
1,Newton,1.0,0.3,160,325012001,fitted_grid,outside_inner_prior,covariates_only66,sparse_floor,1000,envelope_minus_baseline,0,12,-0.012,0,0,0.0,12,0,0.01200000000000001,0,0,0.0,0,0,12
1,Newton,1.0,0.3,160,325012001,fitted_grid,outside_inner_prior,conditional66,uniform_white,1000,envelope_minus_baseline,2,0,0.0020000000000000018,0,1,-0.001,1,2,-0.0010000000000000009,3,0,0.0030000000000000027,2,0,0
1,Newton,1.0,0.3,160,325012001,fitted_grid,outside_inner_prior,conditional66,clustered_correlated,1000,envelope_minus_baseline,0,0,0.0,0,0,0.0,0,0,0.0,0,0,0.0,0,0,0
1,Newton,1.0,0.3,160,325012001,fitted_grid,outside_inner_prior,conditional66,sparse_floor,1000,envelope_minus_baseline,2,0,0.0020000000000000018,0,1,-0.001,1,2,-0.0010000000000000009,3,0,0.0030000000000000027,2,0,0
1,Newton,1.3,0.0,,325013001,fitted_grid,pure,full66,uniform_white,1000,envelope_minus_baseline,0,0,0.0,0,0,0.0,0,0,0.0,0,0,0.0,0,0,0
1,Newton,1.3,0.0,,325013001,fitted_grid,pure,full66,clustered_correlated,1000,envelope_minus_baseline,0,0,0.0,0,0,0.0,0,0,0.0,0,0,0.0,0,0,0
1,Newton,1.3,0.0,,325013001,fitted_grid,pure,full66,sparse_floor,1000,envelope_minus_baseline,0,0,0.0,0,0,0.0,0,0,0.0,0,0,0.0,0,0,0
1,Newton,1.3,0.0,,325013001,fitted_grid,pure,no_diagnostics66,uniform_white,1000,envelope_minus_baseline,0,0,0.0,0,0,0.0,0,0,0.0,0,0,0.0,0,0,0
1,Newton,1.3,0.0,,325013001,fitted_grid,pure,no_diagnostics66,clustered_correlated,1000,envelope_minus_baseline,0,0,0.0,0,0,0.0,0,0,0.0,0,0,0.0,0,0,0
1,Newton,1.3,0.0,,325013001,fitted_grid,pure,no_diagnostics66,sparse_floor,1000,envelope_minus_baseline,0,0,0.0,0,0,0.0,0,0,0.0,0,0,0.0,0,0,0
1,Newton,1.3,0.0,,325013001,fitted_grid,pure,full34,uniform_white,1000,envelope_minus_baseline,0,3,-0.0030000000000000027,0,1,-0.001,4,0,0.004,1,0,0.0010000000000000009,0,0,3
1,Newton,1.3,0.0,,325013001,fitted_grid,pure,full34,clustered_correlated,1000,envelope_minus_baseline,0,1,-0.0010000000000000009,0,3,-0.003,4,0,0.004,3,0,0.0030000000000000027,0,0,1
1,Newton,1.3,0.0,,325013001,fitted_grid,pure,full34,sparse_floor,1000,envelope_minus_baseline,0,0,0.0,0,0,0.0,0,0,0.0,0,0,0.0,0,0,0
1,Newton,1.3,0.0,,325013001,fitted_grid,pure,covariates_only66,uniform_white,1000,envelope_minus_baseline,0,4,-0.004,0,1,-0.001,5,0,0.0050000000000000044,1,0,0.0010000000000000009,0,0,4
1,Newton,1.3,0.0,,325013001,fitted_grid,pure,covariates_only66,clustered_correlated,1000,envelope_minus_baseline,0,11,-0.011,0,2,-0.002,13,0,0.013000000000000012,2,0,0.0020000000000000018,0,0,11
1,Newton,1.3,0.0,,325013001,fitted_grid,pure,covariates_only66,sparse_floor,1000,envelope_minus_baseline,0,10,-0.01,0,1,-0.001,11,0,0.01100000000000001,1,0,0.0010000000000000009,0,0,10
1,Newton,1.3,0.0,,325013001,fitted_grid,pure,conditional66,uniform_white,1000,envelope_minus_baseline,0,0,0.0,0,0,0.0,0,0,0.0,0,0,0.0,0,0,0
1,Newton,1.3,0.0,,325013001,fitted_grid,pure,conditional66,clustered_correlated,1000,envelope_minus_baseline,0,0,0.0,0,0,0.0,0,0,0.0,0,0,0.0,0,0,0
1,Newton,1.3,0.0,,325013001,fitted_grid,pure,conditional66,sparse_floor,1000,envelope_minus_baseline,0,0,0.0,0,1,-0.001,1,0,0.001,1,0,0.0010000000000000009,0,0,0
1,Newton,1.3,0.075,40,325014001,fitted_grid,fitted_prior,full66,uniform_white,1000,envelope_minus_baseline,0,0,0.0,0,0,0.0,0,0,0.0,0,0,0.0,0,0,0
1,Newton,1.3,0.075,40,325014001,fitted_grid,fitted_prior,full66,clustered_correlated,1000,envelope_minus_baseline,0,0,0.0,0,0,0.0,0,0,0.0,0,0,0.0,0,0,0
1,Newton,1.3,0.075,40,325014001,fitted_grid,fitted_prior,full66,sparse_floor,1000,envelope_minus_baseline,0,0,0.0,0,0,0.0,0,0,0.0,0,0,0.0,0,0,0
1,Newton,1.3,0.075,40,325014001,fitted_grid,fitted_prior,no_diagnostics66,uniform_white,1000,envelope_minus_baseline,0,0,0.0,0,0,0.0,0,0,0.0,0,0,0.0,0,0,0
1,Newton,1.3,0.075,40,325014001,fitted_grid,fitted_prior,no_diagnostics66,clustered_correlated,1000,envelope_minus_baseline,0,0,0.0,0,0,0.0,0,0,0.0,0,0,0.0,0,0,0
1,Newton,1.3,0.075,40,325014001,fitted_grid,fitted_prior,no_diagnostics66,sparse_floor,1000,envelope_minus_baseline,0,0,0.0,0,0,0.0,0,0,0.0,0,0,0.0,0,0,0
1,Newton,1.3,0.075,40,325014001,fitted_grid,fitted_prior,full34,uniform_white,1000,envelope_minus_baseline,0,3,-0.0030000000000000027,0,0,0.0,3,0,0.003,0,0,0.0,0,0,3
1,Newton,1.3,0.075,40,325014001,fitted_grid,fitted_prior,full34,clustered_correlated,1000,envelope_minus_baseline,0,0,0.0,0,0,0.0,0,0,0.0,0,0,0.0,0,0,0
1,Newton,1.3,0.075,40,325014001,fitted_grid,fitted_prior,full34,sparse_floor,1000,envelope_minus_baseline,0,0,0.0,0,0,0.0,0,0,0.0,0,0,0.0,0,0,0
1,Newton,1.3,0.075,40,325014001,fitted_grid,fitted_prior,covariates_only66,uniform_white,1000,envelope_minus_baseline,0,2,-0.002,0,0,0.0,2,0,0.0020000000000000018,0,0,0.0,0,0,2
1,Newton,1.3,0.075,40,325014001,fitted_grid,fitted_prior,covariates_only66,clustered_correlated,1000,envelope_minus_baseline,1,2,-0.0010000000000000009,0,0,0.0,2,1,0.0010000000000000009,2,0,0.0020000000000000018,1,0,2
1,Newton,1.3,0.075,40,325014001,fitted_grid,fitted_prior,covariates_only66,sparse_floor,1000,envelope_minus_baseline,0,9,-0.009,0,1,-0.001,10,0,0.010000000000000009,1,0,0.0010000000000000009,0,0,9
1,Newton,1.3,0.075,40,325014001,fitted_grid,fitted_prior,conditional66,uniform_white,1000,envelope_minus_baseline,0,0,0.0,0,0,0.0,0,0,0.0,0,0,0.0,0,0,0
1,Newton,1.3,0.075,40,325014001,fitted_grid,fitted_prior,conditional66,clustered_correlated,1000,envelope_minus_baseline,0,0,0.0,0,0,0.0,0,0,0.0,0,0,0.0,0,0,0
1,Newton,1.3,0.075,40,325014001,fitted_grid,fitted_prior,conditional66,sparse_floor,1000,envelope_minus_baseline,0,0,0.0,0,0,0.0,0,0,0.0,0,0,0.0,0,0,0
1,Newton,1.3,0.075,80,325015001,fitted_grid,fitted_prior,full66,uniform_white,1000,envelope_minus_baseline,0,0,0.0,0,0,0.0,0,0,0.0,0,0,0.0,0,0,0
1,Newton,1.3,0.075,80,325015001,fitted_grid,fitted_prior,full66,clustered_correlated,1000,envelope_minus_baseline,0,0,0.0,0,0,0.0,0,0,0.0,0,0,0.0,0,0,0
1,Newton,1.3,0.075,80,325015001,fitted_grid,fitted_prior,full66,sparse_floor,1000,envelope_minus_baseline,0,0,0.0,0,0,0.0,0,0,0.0,0,0,0.0,0,0,0
1,Newton,1.3,0.075,80,325015001,fitted_grid,fitted_prior,no_diagnostics66,uniform_white,1000,envelope_minus_baseline,0,0,0.0,0,0,0.0,0,0,0.0,0,0,0.0,0,0,0
1,Newton,1.3,0.075,80,325015001,fitted_grid,fitted_prior,no_diagnostics66,clustered_correlated,1000,envelope_minus_baseline,0,0,0.0,0,0,0.0,0,0,0.0,0,0,0.0,0,0,0
1,Newton,1.3,0.075,80,325015001,fitted_grid,fitted_prior,no_diagnostics66,sparse_floor,1000,envelope_minus_baseline,1,0,0.0010000000000000009,0,0,0.0,0,1,-0.001,1,0,0.0010000000000000009,1,0,0
1,Newton,1.3,0.075,80,325015001,fitted_grid,fitted_prior,full34,uniform_white,1000,envelope_minus_baseline,0,0,0.0,0,0,0.0,0,0,0.0,0,0,0.0,0,0,0
1,Newton,1.3,0.075,80,325015001,fitted_grid,fitted_prior,full34,clustered_correlated,1000,envelope_minus_baseline,0,0,0.0,0,0,0.0,0,0,0.0,0,0,0.0,0,0,0
1,Newton,1.3,0.075,80,325015001,fitted_grid,fitted_prior,full34,sparse_floor,1000,envelope_minus_baseline,0,0,0.0,0,0,0.0,0,0,0.0,0,0,0.0,0,0,0
1,Newton,1.3,0.075,80,325015001,fitted_grid,fitted_prior,covariates_only66,uniform_white,1000,envelope_minus_baseline,0,1,-0.0009999999999999992,0,0,0.0,1,0,0.0010000000000000009,0,0,0.0,0,0,1
1,Newton,1.3,0.075,80,325015001,fitted_grid,fitted_prior,covariates_only66,clustered_correlated,1000,envelope_minus_baseline,0,8,-0.008,0,0,0.0,8,0,0.008000000000000007,0,0,0.0,0,0,8
1,Newton,1.3,0.075,80,325015001,fitted_grid,fitted_prior,covariates_only66,sparse_floor,1000,envelope_minus_baseline,0,8,-0.008,0,0,0.0,8,0,0.008000000000000007,0,0,0.0,0,0,8
1,Newton,1.3,0.075,80,325015001,fitted_grid,fitted_prior,conditional66,uniform_white,1000,envelope_minus_baseline,0,0,0.0,0,0,0.0,0,0,0.0,0,0,0.0,0,0,0
1,Newton,1.3,0.075,80,325015001,fitted_grid,fitted_prior,conditional66,clustered_correlated,1000,envelope_minus_baseline,0,0,0.0,0,0,0.0,0,0,0.0,0,0,0.0,0,0,0
1,Newton,1.3,0.075,80,325015001,fitted_grid,fitted_prior,conditional66,sparse_floor,1000,envelope_minus_baseline,0,0,0.0,0,0,0.0,0,0,0.0,0,0,0.0,0,0,0
1,Newton,1.3,0.075,60,325016001,fitted_grid,outside_inner_prior,full66,uniform_white,1000,envelope_minus_baseline,0,0,0.0,0,0,0.0,0,0,0.0,0,0,0.0,0,0,0
1,Newton,1.3,0.075,60,325016001,fitted_grid,outside_inner_prior,full66,clustered_correlated,1000,envelope_minus_baseline,0,0,0.0,0,0,0.0,0,0,0.0,0,0,0.0,0,0,0
1,Newton,1.3,0.075,60,325016001,fitted_grid,outside_inner_prior,full66,sparse_floor,1000,envelope_minus_baseline,0,0,0.0,0,0,0.0,0,0,0.0,0,0,0.0,0,0,0
1,Newton,1.3,0.075,60,325016001,fitted_grid,outside_inner_prior,no_diagnostics66,uniform_white,1000,envelope_minus_baseline,0,0,0.0,0,0,0.0,0,0,0.0,0,0,0.0,0,0,0
1,Newton,1.3,0.075,60,325016001,fitted_grid,outside_inner_prior,no_diagnostics66,clustered_correlated,1000,envelope_minus_baseline,0,0,0.0,0,0,0.0,0,0,0.0,0,0,0.0,0,0,0
1,Newton,1.3,0.075,60,325016001,fitted_grid,outside_inner_prior,no_diagnostics66,sparse_floor,1000,envelope_minus_baseline,0,0,0.0,0,0,0.0,0,0,0.0,0,0,0.0,0,0,0
1,Newton,1.3,0.075,60,325016001,fitted_grid,outside_inner_prior,full34,uniform_white,1000,envelope_minus_baseline,0,1,-0.0010000000000000009,0,0,0.0,1,0,0.001,0,0,0.0,0,0,1
1,Newton,1.3,0.075,60,325016001,fitted_grid,outside_inner_prior,full34,clustered_correlated,1000,envelope_minus_baseline,0,0,0.0,0,0,0.0,0,0,0.0,0,0,0.0,0,0,0
1,Newton,1.3,0.075,60,325016001,fitted_grid,outside_inner_prior,full34,sparse_floor,1000,envelope_minus_baseline,0,0,0.0,0,0,0.0,0,0,0.0,0,0,0.0,0,0,0
1,Newton,1.3,0.075,60,325016001,fitted_grid,outside_inner_prior,covariates_only66,uniform_white,1000,envelope_minus_baseline,0,3,-0.003000000000000001,0,1,-0.001,4,0,0.0040000000000000036,1,0,0.0010000000000000009,0,0,3
1,Newton,1.3,0.075,60,325016001,fitted_grid,outside_inner_prior,covariates_only66,clustered_correlated,1000,envelope_minus_baseline,0,7,-0.007,1,0,0.001,7,1,0.006000000000000005,0,0,0.0,0,1,7
1,Newton,1.3,0.075,60,325016001,fitted_grid,outside_inner_prior,covariates_only66,sparse_floor,1000,envelope_minus_baseline,0,5,-0.004999999999999999,0,0,0.0,5,0,0.0050000000000000044,0,0,0.0,0,0,5
1,Newton,1.3,0.075,60,325016001,fitted_grid,outside_inner_prior,conditional66,uniform_white,1000,envelope_minus_baseline,0,0,0.0,0,0,0.0,0,0,0.0,0,0,0.0,0,0,0
1,Newton,1.3,0.075,60,325016001,fitted_grid,outside_inner_prior,conditional66,clustered_correlated,1000,envelope_minus_baseline,0,0,0.0,0,0,0.0,0,0,0.0,0,0,0.0,0,0,0
1,Newton,1.3,0.075,60,325016001,fitted_grid,outside_inner_prior,conditional66,sparse_floor,1000,envelope_minus_baseline,0,0,0.0,0,0,0.0,0,0,0.0,0,0,0.0,0,0,0
1,Newton,1.3,0.075,160,325017001,fitted_grid,outside_inner_prior,full66,uniform_white,1000,envelope_minus_baseline,0,0,0.0,0,0,0.0,0,0,0.0,0,0,0.0,0,0,0
1,Newton,1.3,0.075,160,325017001,fitted_grid,outside_inner_prior,full66,clustered_correlated,1000,envelope_minus_baseline,0,0,0.0,0,0,0.0,0,0,0.0,0,0,0.0,0,0,0
1,Newton,1.3,0.075,160,325017001,fitted_grid,outside_inner_prior,full66,sparse_floor,1000,envelope_minus_baseline,0,0,0.0,0,0,0.0,0,0,0.0,0,0,0.0,0,0,0
1,Newton,1.3,0.075,160,325017001,fitted_grid,outside_inner_prior,no_diagnostics66,uniform_white,1000,envelope_minus_baseline,0,0,0.0,0,0,0.0,0,0,0.0,0,0,0.0,0,0,0
1,Newton,1.3,0.075,160,325017001,fitted_grid,outside_inner_prior,no_diagnostics66,clustered_correlated,1000,envelope_minus_baseline,0,0,0.0,0,0,0.0,0,0,0.0,0,0,0.0,0,0,0
1,Newton,1.3,0.075,160,325017001,fitted_grid,outside_inner_prior,no_diagnostics66,sparse_floor,1000,envelope_minus_baseline,0,0,0.0,0,0,0.0,0,0,0.0,0,0,0.0,0,0,0
1,Newton,1.3,0.075,160,325017001,fitted_grid,outside_inner_prior,full34,uniform_white,1000,envelope_minus_baseline,0,0,0.0,0,0,0.0,0,0,0.0,0,0,0.0,0,0,0
1,Newton,1.3,0.075,160,325017001,fitted_grid,outside_inner_prior,full34,clustered_correlated,1000,envelope_minus_baseline,0,0,0.0,0,0,0.0,0,0,0.0,0,0,0.0,0,0,0
1,Newton,1.3,0.075,160,325017001,fitted_grid,outside_inner_prior,full34,sparse_floor,1000,envelope_minus_baseline,0,0,0.0,0,0,0.0,0,0,0.0,0,0,0.0,0,0,0
1,Newton,1.3,0.075,160,325017001,fitted_grid,outside_inner_prior,covariates_only66,uniform_white,1000,envelope_minus_baseline,0,4,-0.003999999999999999,0,0,0.0,4,0,0.0040000000000000036,0,0,0.0,0,0,4
1,Newton,1.3,0.075,160,325017001,fitted_grid,outside_inner_prior,covariates_only66,clustered_correlated,1000,envelope_minus_baseline,0,2,-0.002,0,0,0.0,2,0,0.0020000000000000018,0,0,0.0,0,0,2
1,Newton,1.3,0.075,160,325017001,fitted_grid,outside_inner_prior,covariates_only66,sparse_floor,1000,envelope_minus_baseline,0,8,-0.008,0,1,-0.001,9,0,0.009000000000000008,1,0,0.0010000000000000009,0,0,8
1,Newton,1.3,0.075,160,325017001,fitted_grid,outside_inner_prior,conditional66,uniform_white,1000,envelope_minus_baseline,0,0,0.0,0,0,0.0,0,0,0.0,0,0,0.0,0,0,0
1,Newton,1.3,0.075,160,325017001,fitted_grid,outside_inner_prior,conditional66,clustered_correlated,1000,envelope_minus_baseline,0,0,0.0,0,0,0.0,0,0,0.0,0,0,0.0,0,0,0
1,Newton,1.3,0.075,160,325017001,fitted_grid,outside_inner_prior,conditional66,sparse_floor,1000,envelope_minus_baseline,0,0,0.0,0,0,0.0,0,0,0.0,0,0,0.0,0,0,0
1,Newton,1.3,0.225,40,325018001,fitted_grid,fitted_prior,full66,uniform_white,1000,envelope_minus_baseline,0,0,0.0,0,0,0.0,0,0,0.0,0,0,0.0,0,0,0
1,Newton,1.3,0.225,40,325018001,fitted_grid,fitted_prior,full66,clustered_correlated,1000,envelope_minus_baseline,0,0,0.0,0,0,0.0,0,0,0.0,0,0,0.0,0,0,0
1,Newton,1.3,0.225,40,325018001,fitted_grid,fitted_prior,full66,sparse_floor,1000,envelope_minus_baseline,0,0,0.0,0,0,0.0,0,0,0.0,0,0,0.0,0,0,0
1,Newton,1.3,0.225,40,325018001,fitted_grid,fitted_prior,no_diagnostics66,uniform_white,1000,envelope_minus_baseline,0,0,0.0,0,0,0.0,0,0,0.0,0,0,0.0,0,0,0
1,Newton,1.3,0.225,40,325018001,fitted_grid,fitted_prior,no_diagnostics66,clustered_correlated,1000,envelope_minus_baseline,0,0,0.0,0,0,0.0,0,0,0.0,0,0,0.0,0,0,0
1,Newton,1.3,0.225,40,325018001,fitted_grid,fitted_prior,no_diagnostics66,sparse_floor,1000,envelope_minus_baseline,0,0,0.0,0,0,0.0,0,0,0.0,0,0,0.0,0,0,0
1,Newton,1.3,0.225,40,325018001,fitted_grid,fitted_prior,full34,uniform_white,1000,envelope_minus_baseline,0,4,-0.0040000000000000036,0,0,0.0,4,0,0.004,0,0,0.0,0,0,4
1,Newton,1.3,0.225,40,325018001,fitted_grid,fitted_prior,full34,clustered_correlated,1000,envelope_minus_baseline,0,3,-0.0030000000000000027,0,0,0.0,3,0,0.003,0,0,0.0,0,0,3
1,Newton,1.3,0.225,40,325018001,fitted_grid,fitted_prior,full34,sparse_floor,1000,envelope_minus_baseline,0,0,0.0,0,0,0.0,0,0,0.0,0,0,0.0,0,0,0
1,Newton,1.3,0.225,40,325018001,fitted_grid,fitted_prior,covariates_only66,uniform_white,1000,envelope_minus_baseline,0,1,-0.0010000000000000009,0,0,0.0,1,0,0.0010000000000000009,0,0,0.0,0,0,1
1,Newton,1.3,0.225,40,325018001,fitted_grid,fitted_prior,covariates_only66,clustered_correlated,1000,envelope_minus_baseline,0,5,-0.005,0,0,0.0,5,0,0.0050000000000000044,0,0,0.0,0,0,5
1,Newton,1.3,0.225,40,325018001,fitted_grid,fitted_prior,covariates_only66,sparse_floor,1000,envelope_minus_baseline,0,2,-0.002,0,0,0.0,2,0,0.0020000000000000018,0,0,0.0,0,0,2
1,Newton,1.3,0.225,40,325018001,fitted_grid,fitted_prior,conditional66,uniform_white,1000,envelope_minus_baseline,0,0,0.0,0,0,0.0,0,0,0.0,0,0,0.0,0,0,0
1,Newton,1.3,0.225,40,325018001,fitted_grid,fitted_prior,conditional66,clustered_correlated,1000,envelope_minus_baseline,0,0,0.0,0,0,0.0,0,0,0.0,0,0,0.0,0,0,0
1,Newton,1.3,0.225,40,325018001,fitted_grid,fitted_prior,conditional66,sparse_floor,1000,envelope_minus_baseline,0,0,0.0,0,0,0.0,0,0,0.0,0,0,0.0,0,0,0
1,Newton,1.3,0.225,80,325019001,fitted_grid,fitted_prior,full66,uniform_white,1000,envelope_minus_baseline,0,0,0.0,0,0,0.0,0,0,0.0,0,0,0.0,0,0,0
1,Newton,1.3,0.225,80,325019001,fitted_grid,fitted_prior,full66,clustered_correlated,1000,envelope_minus_baseline,0,0,0.0,0,0,0.0,0,0,0.0,0,0,0.0,0,0,0
1,Newton,1.3,0.225,80,325019001,fitted_grid,fitted_prior,full66,sparse_floor,1000,envelope_minus_baseline,0,0,0.0,0,0,0.0,0,0,0.0,0,0,0.0,0,0,0
1,Newton,1.3,0.225,80,325019001,fitted_grid,fitted_prior,no_diagnostics66,uniform_white,1000,envelope_minus_baseline,0,0,0.0,0,0,0.0,0,0,0.0,0,0,0.0,0,0,0
1,Newton,1.3,0.225,80,325019001,fitted_grid,fitted_prior,no_diagnostics66,clustered_correlated,1000,envelope_minus_baseline,0,0,0.0,0,0,0.0,0,0,0.0,0,0,0.0,0,0,0
1,Newton,1.3,0.225,80,325019001,fitted_grid,fitted_prior,no_diagnostics66,sparse_floor,1000,envelope_minus_baseline,0,0,0.0,0,0,0.0,0,0,0.0,0,0,0.0,0,0,0
1,Newton,1.3,0.225,80,325019001,fitted_grid,fitted_prior,full34,uniform_white,1000,envelope_minus_baseline,0,5,-0.0050000000000000044,0,0,0.0,5,0,0.005000000000000001,0,0,0.0,0,0,5
1,Newton,1.3,0.225,80,325019001,fitted_grid,fitted_prior,full34,clustered_correlated,1000,envelope_minus_baseline,0,1,-0.0010000000000000009,0,0,0.0,1,0,0.001,0,0,0.0,0,0,1
1,Newton,1.3,0.225,80,325019001,fitted_grid,fitted_prior,full34,sparse_floor,1000,envelope_minus_baseline,0,0,0.0,0,0,0.0,0,0,0.0,0,0,0.0,0,0,0
1,Newton,1.3,0.225,80,325019001,fitted_grid,fitted_prior,covariates_only66,uniform_white,1000,envelope_minus_baseline,0,2,-0.002,0,1,-0.001,3,0,0.0030000000000000027,1,0,0.0010000000000000009,0,0,2
1,Newton,1.3,0.225,80,325019001,fitted_grid,fitted_prior,covariates_only66,clustered_correlated,1000,envelope_minus_baseline,0,2,-0.002,1,0,0.001,2,1,0.0010000000000000009,0,0,0.0,0,1,2
1,Newton,1.3,0.225,80,325019001,fitted_grid,fitted_prior,covariates_only66,sparse_floor,1000,envelope_minus_baseline,0,11,-0.011,0,1,-0.001,12,0,0.01200000000000001,1,0,0.0010000000000000009,0,0,11
1,Newton,1.3,0.225,80,325019001,fitted_grid,fitted_prior,conditional66,uniform_white,1000,envelope_minus_baseline,0,0,0.0,0,0,0.0,0,0,0.0,0,0,0.0,0,0,0
1,Newton,1.3,0.225,80,325019001,fitted_grid,fitted_prior,conditional66,clustered_correlated,1000,envelope_minus_baseline,0,0,0.0,0,0,0.0,0,0,0.0,0,0,0.0,0,0,0
1,Newton,1.3,0.225,80,325019001,fitted_grid,fitted_prior,conditional66,sparse_floor,1000,envelope_minus_baseline,0,0,0.0,0,0,0.0,0,0,0.0,0,0,0.0,0,0,0
1,Newton,1.3,0.225,60,325020001,fitted_grid,outside_inner_prior,full66,uniform_white,1000,envelope_minus_baseline,0,0,0.0,0,0,0.0,0,0,0.0,0,0,0.0,0,0,0
1,Newton,1.3,0.225,60,325020001,fitted_grid,outside_inner_prior,full66,clustered_correlated,1000,envelope_minus_baseline,0,0,0.0,0,0,0.0,0,0,0.0,0,0,0.0,0,0,0
1,Newton,1.3,0.225,60,325020001,fitted_grid,outside_inner_prior,full66,sparse_floor,1000,envelope_minus_baseline,1,0,0.0010000000000000009,0,0,0.0,0,1,-0.001,1,0,0.0010000000000000009,1,0,0
1,Newton,1.3,0.225,60,325020001,fitted_grid,outside_inner_prior,no_diagnostics66,uniform_white,1000,envelope_minus_baseline,0,0,0.0,0,0,0.0,0,0,0.0,0,0,0.0,0,0,0
1,Newton,1.3,0.225,60,325020001,fitted_grid,outside_inner_prior,no_diagnostics66,clustered_correlated,1000,envelope_minus_baseline,0,0,0.0,0,0,0.0,0,0,0.0,0,0,0.0,0,0,0
1,Newton,1.3,0.225,60,325020001,fitted_grid,outside_inner_prior,no_diagnostics66,sparse_floor,1000,envelope_minus_baseline,0,0,0.0,0,0,0.0,0,0,0.0,0,0,0.0,0,0,0
1,Newton,1.3,0.225,60,325020001,fitted_grid,outside_inner_prior,full34,uniform_white,1000,envelope_minus_baseline,0,3,-0.0030000000000000027,0,0,0.0,3,0,0.003000000000000001,0,0,0.0,0,0,3
1,Newton,1.3,0.225,60,325020001,fitted_grid,outside_inner_prior,full34,clustered_correlated,1000,envelope_minus_baseline,0,2,-0.0020000000000000018,0,0,0.0,2,0,0.002,0,0,0.0,0,0,2
1,Newton,1.3,0.225,60,325020001,fitted_grid,outside_inner_prior,full34,sparse_floor,1000,envelope_minus_baseline,0,0,0.0,0,0,0.0,0,0,0.0,0,0,0.0,0,0,0
1,Newton,1.3,0.225,60,325020001,fitted_grid,outside_inner_prior,covariates_only66,uniform_white,1000,envelope_minus_baseline,0,3,-0.002999999999999999,0,1,-0.001,4,0,0.0040000000000000036,1,0,0.0010000000000000009,0,0,3
1,Newton,1.3,0.225,60,325020001,fitted_grid,outside_inner_prior,covariates_only66,clustered_correlated,1000,envelope_minus_baseline,0,4,-0.004,0,2,-0.002,6,0,0.006000000000000005,2,0,0.0020000000000000018,0,0,4
1,Newton,1.3,0.225,60,325020001,fitted_grid,outside_inner_prior,covariates_only66,sparse_floor,1000,envelope_minus_baseline,0,10,-0.009999999999999998,0,2,-0.002,12,0,0.01200000000000001,2,0,0.0020000000000000018,0,0,10
1,Newton,1.3,0.225,60,325020001,fitted_grid,outside_inner_prior,conditional66,uniform_white,1000,envelope_minus_baseline,0,0,0.0,0,0,0.0,0,0,0.0,0,0,0.0,0,0,0
1,Newton,1.3,0.225,60,325020001,fitted_grid,outside_inner_prior,conditional66,clustered_correlated,1000,envelope_minus_baseline,0,0,0.0,0,0,0.0,0,0,0.0,0,0,0.0,0,0,0
1,Newton,1.3,0.225,60,325020001,fitted_grid,outside_inner_prior,conditional66,sparse_floor,1000,envelope_minus_baseline,0,0,0.0,0,0,0.0,0,0,0.0,0,0,0.0,0,0,0
1,Newton,1.3,0.225,160,325021001,fitted_grid,outside_inner_prior,full66,uniform_white,1000,envelope_minus_baseline,0,0,0.0,0,0,0.0,0,0,0.0,0,0,0.0,0,0,0
1,Newton,1.3,0.225,160,325021001,fitted_grid,outside_inner_prior,full66,clustered_correlated,1000,envelope_minus_baseline,0,0,0.0,0,0,0.0,0,0,0.0,0,0,0.0,0,0,0
1,Newton,1.3,0.225,160,325021001,fitted_grid,outside_inner_prior,full66,sparse_floor,1000,envelope_minus_baseline,0,0,0.0,1,0,0.001,0,1,-0.001,0,0,0.0,0,1,0
1,Newton,1.3,0.225,160,325021001,fitted_grid,outside_inner_prior,no_diagnostics66,uniform_white,1000,envelope_minus_baseline,0,0,0.0,0,0,0.0,0,0,0.0,0,0,0.0,0,0,0
1,Newton,1.3,0.225,160,325021001,fitted_grid,outside_inner_prior,no_diagnostics66,clustered_correlated,1000,envelope_minus_baseline,0,0,0.0,0,0,0.0,0,0,0.0,0,0,0.0,0,0,0
1,Newton,1.3,0.225,160,325021001,fitted_grid,outside_inner_prior,no_diagnostics66,sparse_floor,1000,envelope_minus_baseline,0,0,0.0,0,0,0.0,0,0,0.0,0,0,0.0,0,0,0
1,Newton,1.3,0.225,160,325021001,fitted_grid,outside_inner_prior,full34,uniform_white,1000,envelope_minus_baseline,0,2,-0.0020000000000000018,0,0,0.0,2,0,0.002,0,0,0.0,0,0,2
1,Newton,1.3,0.225,160,325021001,fitted_grid,outside_inner_prior,full34,clustered_correlated,1000,envelope_minus_baseline,0,0,0.0,0,0,0.0,0,0,0.0,0,0,0.0,0,0,0
1,Newton,1.3,0.225,160,325021001,fitted_grid,outside_inner_prior,full34,sparse_floor,1000,envelope_minus_baseline,0,0,0.0,0,0,0.0,0,0,0.0,0,0,0.0,0,0,0
1,Newton,1.3,0.225,160,325021001,fitted_grid,outside_inner_prior,covariates_only66,uniform_white,1000,envelope_minus_baseline,0,5,-0.005000000000000001,0,0,0.0,5,0,0.0050000000000000044,0,0,0.0,0,0,5
1,Newton,1.3,0.225,160,325021001,fitted_grid,outside_inner_prior,covariates_only66,clustered_correlated,1000,envelope_minus_baseline,0,7,-0.006999999999999999,0,1,-0.001,8,0,0.008000000000000007,1,0,0.0010000000000000009,0,0,7
1,Newton,1.3,0.225,160,325021001,fitted_grid,outside_inner_prior,covariates_only66,sparse_floor,1000,envelope_minus_baseline,0,8,-0.007999999999999998,0,0,0.0,8,0,0.008000000000000007,0,0,0.0,0,0,8
1,Newton,1.3,0.225,160,325021001,fitted_grid,outside_inner_prior,conditional66,uniform_white,1000,envelope_minus_baseline,0,0,0.0,0,0,0.0,0,0,0.0,0,0,0.0,0,0,0
1,Newton,1.3,0.225,160,325021001,fitted_grid,outside_inner_prior,conditional66,clustered_correlated,1000,envelope_minus_baseline,0,0,0.0,0,0,0.0,0,0,0.0,0,0,0.0,0,0,0
1,Newton,1.3,0.225,160,325021001,fitted_grid,outside_inner_prior,conditional66,sparse_floor,1000,envelope_minus_baseline,0,0,0.0,0,0,0.0,0,0,0.0,0,0,0.0,0,0,0
1,Newton,1.3,0.3,40,325022001,fitted_grid,fitted_prior,full66,uniform_white,1000,envelope_minus_baseline,0,0,0.0,0,0,0.0,0,0,0.0,0,0,0.0,0,0,0
1,Newton,1.3,0.3,40,325022001,fitted_grid,fitted_prior,full66,clustered_correlated,1000,envelope_minus_baseline,0,0,0.0,0,0,0.0,0,0,0.0,0,0,0.0,0,0,0
1,Newton,1.3,0.3,40,325022001,fitted_grid,fitted_prior,full66,sparse_floor,1000,envelope_minus_baseline,2,0,0.0020000000000000018,1,0,0.001,0,3,-0.003,2,0,0.0020000000000000018,2,1,0
1,Newton,1.3,0.3,40,325022001,fitted_grid,fitted_prior,no_diagnostics66,uniform_white,1000,envelope_minus_baseline,0,0,0.0,0,0,0.0,0,0,0.0,0,0,0.0,0,0,0
1,Newton,1.3,0.3,40,325022001,fitted_grid,fitted_prior,no_diagnostics66,clustered_correlated,1000,envelope_minus_baseline,0,0,0.0,0,0,0.0,0,0,0.0,0,0,0.0,0,0,0
1,Newton,1.3,0.3,40,325022001,fitted_grid,fitted_prior,no_diagnostics66,sparse_floor,1000,envelope_minus_baseline,2,0,0.0020000000000000018,0,0,0.0,0,2,-0.002,2,0,0.0020000000000000018,2,0,0
1,Newton,1.3,0.3,40,325022001,fitted_grid,fitted_prior,full34,uniform_white,1000,envelope_minus_baseline,0,5,-0.0050000000000000044,0,1,-0.001,6,0,0.006000000000000002,1,0,0.0010000000000000009,0,0,5
1,Newton,1.3,0.3,40,325022001,fitted_grid,fitted_prior,full34,clustered_correlated,1000,envelope_minus_baseline,1,2,-0.0010000000000000009,0,1,-0.001,3,1,0.002,2,0,0.0020000000000000018,1,0,2
1,Newton,1.3,0.3,40,325022001,fitted_grid,fitted_prior,full34,sparse_floor,1000,envelope_minus_baseline,0,0,0.0,0,0,0.0,0,0,0.0,0,0,0.0,0,0,0
1,Newton,1.3,0.3,40,325022001,fitted_grid,fitted_prior,covariates_only66,uniform_white,1000,envelope_minus_baseline,0,2,-0.002,0,0,0.0,2,0,0.0020000000000000018,0,0,0.0,0,0,2
1,Newton,1.3,0.3,40,325022001,fitted_grid,fitted_prior,covariates_only66,clustered_correlated,1000,envelope_minus_baseline,0,6,-0.006,0,0,0.0,6,0,0.006000000000000005,0,0,0.0,0,0,6
1,Newton,1.3,0.3,40,325022001,fitted_grid,fitted_prior,covariates_only66,sparse_floor,1000,envelope_minus_baseline,1,12,-0.011,0,1,-0.001,13,1,0.01200000000000001,2,0,0.0020000000000000018,1,0,12
1,Newton,1.3,0.3,40,325022001,fitted_grid,fitted_prior,conditional66,uniform_white,1000,envelope_minus_baseline,0,0,0.0,0,0,0.0,0,0,0.0,0,0,0.0,0,0,0
1,Newton,1.3,0.3,40,325022001,fitted_grid,fitted_prior,conditional66,clustered_correlated,1000,envelope_minus_baseline,0,0,0.0,0,0,0.0,0,0,0.0,0,0,0.0,0,0,0
1,Newton,1.3,0.3,40,325022001,fitted_grid,fitted_prior,conditional66,sparse_floor,1000,envelope_minus_baseline,0,0,0.0,0,0,0.0,0,0,0.0,0,0,0.0,0,0,0
1,Newton,1.3,0.3,80,325023001,fitted_grid,fitted_prior,full66,uniform_white,1000,envelope_minus_baseline,0,0,0.0,0,0,0.0,0,0,0.0,0,0,0.0,0,0,0
1,Newton,1.3,0.3,80,325023001,fitted_grid,fitted_prior,full66,clustered_correlated,1000,envelope_minus_baseline,0,0,0.0,0,0,0.0,0,0,0.0,0,0,0.0,0,0,0
1,Newton,1.3,0.3,80,325023001,fitted_grid,fitted_prior,full66,sparse_floor,1000,envelope_minus_baseline,1,0,0.0010000000000000009,1,0,0.001,0,2,-0.002,1,0,0.0010000000000000009,1,1,0
1,Newton,1.3,0.3,80,325023001,fitted_grid,fitted_prior,no_diagnostics66,uniform_white,1000,envelope_minus_baseline,0,0,0.0,0,0,0.0,0,0,0.0,0,0,0.0,0,0,0
1,Newton,1.3,0.3,80,325023001,fitted_grid,fitted_prior,no_diagnostics66,clustered_correlated,1000,envelope_minus_baseline,0,0,0.0,0,0,0.0,0,0,0.0,0,0,0.0,0,0,0
1,Newton,1.3,0.3,80,325023001,fitted_grid,fitted_prior,no_diagnostics66,sparse_floor,1000,envelope_minus_baseline,4,0,0.0040000000000000036,0,0,0.0,0,4,-0.004,4,0,0.0040000000000000036,4,0,0
1,Newton,1.3,0.3,80,325023001,fitted_grid,fitted_prior,full34,uniform_white,1000,envelope_minus_baseline,1,1,0.0,0,1,-0.001,2,1,0.0010000000000000009,2,0,0.0020000000000000018,1,0,1
1,Newton,1.3,0.3,80,325023001,fitted_grid,fitted_prior,full34,clustered_correlated,1000,envelope_minus_baseline,2,3,-0.0010000000000000009,0,0,0.0,3,2,0.0010000000000000009,2,0,0.0020000000000000018,2,0,3
1,Newton,1.3,0.3,80,325023001,fitted_grid,fitted_prior,full34,sparse_floor,1000,envelope_minus_baseline,0,0,0.0,0,1,-0.001,1,0,0.0010000000000000009,1,0,0.0010000000000000009,0,0,0
1,Newton,1.3,0.3,80,325023001,fitted_grid,fitted_prior,covariates_only66,uniform_white,1000,envelope_minus_baseline,0,2,-0.002,0,0,0.0,2,0,0.0020000000000000018,0,0,0.0,0,0,2
1,Newton,1.3,0.3,80,325023001,fitted_grid,fitted_prior,covariates_only66,clustered_correlated,1000,envelope_minus_baseline,0,3,-0.003,0,0,0.0,3,0,0.0030000000000000027,1,0,0.0010000000000000009,0,0,3
1,Newton,1.3,0.3,80,325023001,fitted_grid,fitted_prior,covariates_only66,sparse_floor,1000,envelope_minus_baseline,0,6,-0.006,0,1,-0.001,7,0,0.007000000000000006,1,0,0.0010000000000000009,0,0,6
1,Newton,1.3,0.3,80,325023001,fitted_grid,fitted_prior,conditional66,uniform_white,1000,envelope_minus_baseline,0,0,0.0,0,0,0.0,0,0,0.0,0,0,0.0,0,0,0
1,Newton,1.3,0.3,80,325023001,fitted_grid,fitted_prior,conditional66,clustered_correlated,1000,envelope_minus_baseline,0,0,0.0,0,0,0.0,0,0,0.0,0,0,0.0,0,0,0
1,Newton,1.3,0.3,80,325023001,fitted_grid,fitted_prior,conditional66,sparse_floor,1000,envelope_minus_baseline,1,0,0.0010000000000000009,0,0,0.0,0,1,-0.001,1,0,0.0010000000000000009,1,0,0
1,Newton,1.3,0.3,60,325024001,fitted_grid,outside_inner_prior,full66,uniform_white,1000,envelope_minus_baseline,0,0,0.0,0,0,0.0,0,0,0.0,0,0,0.0,0,0,0
1,Newton,1.3,0.3,60,325024001,fitted_grid,outside_inner_prior,full66,clustered_correlated,1000,envelope_minus_baseline,0,0,0.0,0,0,0.0,0,0,0.0,0,0,0.0,0,0,0
1,Newton,1.3,0.3,60,325024001,fitted_grid,outside_inner_prior,full66,sparse_floor,1000,envelope_minus_baseline,1,0,0.0010000000000000009,0,0,0.0,0,1,-0.001,1,0,0.0010000000000000009,1,0,0
1,Newton,1.3,0.3,60,325024001,fitted_grid,outside_inner_prior,no_diagnostics66,uniform_white,1000,envelope_minus_baseline,0,0,0.0,0,0,0.0,0,0,0.0,0,0,0.0,0,0,0
1,Newton,1.3,0.3,60,325024001,fitted_grid,outside_inner_prior,no_diagnostics66,clustered_correlated,1000,envelope_minus_baseline,0,0,0.0,0,0,0.0,0,0,0.0,0,0,0.0,0,0,0
1,Newton,1.3,0.3,60,325024001,fitted_grid,outside_inner_prior,no_diagnostics66,sparse_floor,1000,envelope_minus_baseline,6,0,0.006000000000000005,0,0,0.0,0,6,-0.006,6,0,0.006000000000000005,6,0,0
1,Newton,1.3,0.3,60,325024001,fitted_grid,outside_inner_prior,full34,uniform_white,1000,envelope_minus_baseline,1,5,-0.0040000000000000036,0,2,-0.002,7,1,0.006000000000000002,3,0,0.0030000000000000027,1,0,5
1,Newton,1.3,0.3,60,325024001,fitted_grid,outside_inner_prior,full34,clustered_correlated,1000,envelope_minus_baseline,2,3,-0.0010000000000000009,0,1,-0.001,4,2,0.002,3,0,0.0030000000000000027,2,0,3
1,Newton,1.3,0.3,60,325024001,fitted_grid,outside_inner_prior,full34,sparse_floor,1000,envelope_minus_baseline,0,0,0.0,0,0,0.0,0,0,0.0,0,0,0.0,0,0,0
1,Newton,1.3,0.3,60,325024001,fitted_grid,outside_inner_prior,covariates_only66,uniform_white,1000,envelope_minus_baseline,0,1,-0.001,0,1,-0.001,2,0,0.0020000000000000018,1,0,0.0010000000000000009,0,0,1
1,Newton,1.3,0.3,60,325024001,fitted_grid,outside_inner_prior,covariates_only66,clustered_correlated,1000,envelope_minus_baseline,2,4,-0.002,0,2,-0.002,6,2,0.0040000000000000036,4,0,0.0040000000000000036,2,0,4
1,Newton,1.3,0.3,60,325024001,fitted_grid,outside_inner_prior,covariates_only66,sparse_floor,1000,envelope_minus_baseline,0,7,-0.007,0,1,-0.001,8,0,0.008000000000000007,1,0,0.0010000000000000009,0,0,7
1,Newton,1.3,0.3,60,325024001,fitted_grid,outside_inner_prior,conditional66,uniform_white,1000,envelope_minus_baseline,0,0,0.0,0,0,0.0,0,0,0.0,0,0,0.0,0,0,0
1,Newton,1.3,0.3,60,325024001,fitted_grid,outside_inner_prior,conditional66,clustered_correlated,1000,envelope_minus_baseline,0,0,0.0,0,0,0.0,0,0,0.0,0,0,0.0,0,0,0
1,Newton,1.3,0.3,60,325024001,fitted_grid,outside_inner_prior,conditional66,sparse_floor,1000,envelope_minus_baseline,0,0,0.0,0,1,-0.001,1,0,0.001,1,0,0.0010000000000000009,0,0,0
1,Newton,1.3,0.3,160,325025001,fitted_grid,outside_inner_prior,full66,uniform_white,1000,envelope_minus_baseline,3,0,0.0030000000000000027,0,0,0.0,0,3,-0.003,3,0,0.0030000000000000027,3,0,0
1,Newton,1.3,0.3,160,325025001,fitted_grid,outside_inner_prior,full66,clustered_correlated,1000,envelope_minus_baseline,0,0,0.0,0,0,0.0,0,0,0.0,0,0,0.0,0,0,0
1,Newton,1.3,0.3,160,325025001,fitted_grid,outside_inner_prior,full66,sparse_floor,1000,envelope_minus_baseline,0,0,0.0,1,0,0.001,0,1,-0.001,0,0,0.0,0,1,0
1,Newton,1.3,0.3,160,325025001,fitted_grid,outside_inner_prior,no_diagnostics66,uniform_white,1000,envelope_minus_baseline,0,0,0.0,0,0,0.0,0,0,0.0,0,0,0.0,0,0,0
1,Newton,1.3,0.3,160,325025001,fitted_grid,outside_inner_prior,no_diagnostics66,clustered_correlated,1000,envelope_minus_baseline,0,0,0.0,0,0,0.0,0,0,0.0,0,0,0.0,0,0,0
1,Newton,1.3,0.3,160,325025001,fitted_grid,outside_inner_prior,no_diagnostics66,sparse_floor,1000,envelope_minus_baseline,4,0,0.0040000000000000036,0,0,0.0,0,4,-0.004,4,0,0.0040000000000000036,4,0,0
1,Newton,1.3,0.3,160,325025001,fitted_grid,outside_inner_prior,full34,uniform_white,1000,envelope_minus_baseline,2,10,-0.008000000000000007,0,2,-0.001999999999999999,12,2,0.010000000000000002,4,0,0.0040000000000000036,2,0,10
1,Newton,1.3,0.3,160,325025001,fitted_grid,outside_inner_prior,full34,clustered_correlated,1000,envelope_minus_baseline,5,6,-0.0010000000000000009,0,5,-0.005,11,5,0.005999999999999998,10,0,0.010000000000000009,5,0,6
1,Newton,1.3,0.3,160,325025001,fitted_grid,outside_inner_prior,full34,sparse_floor,1000,envelope_minus_baseline,1,0,0.0010000000000000009,0,0,0.0,0,1,-0.0010000000000000009,1,0,0.0010000000000000009,1,0,0
1,Newton,1.3,0.3,160,325025001,fitted_grid,outside_inner_prior,covariates_only66,uniform_white,1000,envelope_minus_baseline,1,4,-0.002999999999999999,0,0,0.0,4,1,0.0030000000000000027,1,0,0.0010000000000000009,1,0,4
1,Newton,1.3,0.3,160,325025001,fitted_grid,outside_inner_prior,covariates_only66,clustered_correlated,1000,envelope_minus_baseline,0,7,-0.007000000000000001,0,1,-0.001,8,0,0.008000000000000007,1,0,0.0010000000000000009,0,0,7
1,Newton,1.3,0.3,160,325025001,fitted_grid,outside_inner_prior,covariates_only66,sparse_floor,1000,envelope_minus_baseline,0,11,-0.011,0,0,0.0,11,0,0.01100000000000001,0,0,0.0,0,0,11
1,Newton,1.3,0.3,160,325025001,fitted_grid,outside_inner_prior,conditional66,uniform_white,1000,envelope_minus_baseline,1,0,0.0010000000000000009,0,0,0.0,0,1,-0.0009999999999999974,1,0,0.0010000000000000009,1,0,0
1,Newton,1.3,0.3,160,325025001,fitted_grid,outside_inner_prior,conditional66,clustered_correlated,1000,envelope_minus_baseline,0,0,0.0,0,0,0.0,0,0,0.0,0,0,0.0,0,0,0
1,Newton,1.3,0.3,160,325025001,fitted_grid,outside_inner_prior,conditional66,sparse_floor,1000,envelope_minus_baseline,0,0,0.0,0,2,-0.002,2,0,0.002,2,0,0.0020000000000000018,0,0,0
1,Newton,1.6,0.0,,325026001,fitted_grid,pure,full66,uniform_white,1000,envelope_minus_baseline,0,0,0.0,0,0,0.0,0,0,0.0,0,0,0.0,0,0,0
1,Newton,1.6,0.0,,325026001,fitted_grid,pure,full66,clustered_correlated,1000,envelope_minus_baseline,0,0,0.0,0,0,0.0,0,0,0.0,0,0,0.0,0,0,0
1,Newton,1.6,0.0,,325026001,fitted_grid,pure,full66,sparse_floor,1000,envelope_minus_baseline,0,0,0.0,0,0,0.0,0,0,0.0,0,0,0.0,0,0,0
1,Newton,1.6,0.0,,325026001,fitted_grid,pure,no_diagnostics66,uniform_white,1000,envelope_minus_baseline,0,0,0.0,0,0,0.0,0,0,0.0,0,0,0.0,0,0,0
1,Newton,1.6,0.0,,325026001,fitted_grid,pure,no_diagnostics66,clustered_correlated,1000,envelope_minus_baseline,0,0,0.0,0,0,0.0,0,0,0.0,0,0,0.0,0,0,0
1,Newton,1.6,0.0,,325026001,fitted_grid,pure,no_diagnostics66,sparse_floor,1000,envelope_minus_baseline,0,0,0.0,0,0,0.0,0,0,0.0,0,0,0.0,0,0,0
1,Newton,1.6,0.0,,325026001,fitted_grid,pure,full34,uniform_white,1000,envelope_minus_baseline,0,1,-0.0010000000000000009,0,0,0.0,1,0,0.0009999999999999992,0,0,0.0,0,0,1
1,Newton,1.6,0.0,,325026001,fitted_grid,pure,full34,clustered_correlated,1000,envelope_minus_baseline,0,1,-0.0010000000000000009,0,0,0.0,1,0,0.0010000000000000009,0,0,0.0,0,0,1
1,Newton,1.6,0.0,,325026001,fitted_grid,pure,full34,sparse_floor,1000,envelope_minus_baseline,0,0,0.0,0,0,0.0,0,0,0.0,0,0,0.0,0,0,0
1,Newton,1.6,0.0,,325026001,fitted_grid,pure,covariates_only66,uniform_white,1000,envelope_minus_baseline,0,22,-0.021999999999999964,0,0,0.0,22,0,0.02200000000000002,0,0,0.0,0,0,22
1,Newton,1.6,0.0,,325026001,fitted_grid,pure,covariates_only66,clustered_correlated,1000,envelope_minus_baseline,0,15,-0.015000000000000013,0,0,0.0,15,0,0.015000000000000013,0,0,0.0,0,0,15
1,Newton,1.6,0.0,,325026001,fitted_grid,pure,covariates_only66,sparse_floor,1000,envelope_minus_baseline,0,81,-0.08100000000000002,0,0,0.0,81,0,0.08099999999999996,0,0,0.0,0,0,81
1,Newton,1.6,0.0,,325026001,fitted_grid,pure,conditional66,uniform_white,1000,envelope_minus_baseline,0,0,0.0,0,0,0.0,0,0,0.0,0,0,0.0,0,0,0
1,Newton,1.6,0.0,,325026001,fitted_grid,pure,conditional66,clustered_correlated,1000,envelope_minus_baseline,0,0,0.0,0,0,0.0,0,0,0.0,0,0,0.0,0,0,0
1,Newton,1.6,0.0,,325026001,fitted_grid,pure,conditional66,sparse_floor,1000,envelope_minus_baseline,0,0,0.0,0,0,0.0,0,0,0.0,0,0,0.0,0,0,0
1,Newton,1.6,0.075,40,325027001,fitted_grid,fitted_prior,full66,uniform_white,1000,envelope_minus_baseline,0,0,0.0,0,0,0.0,0,0,0.0,0,0,0.0,0,0,0
1,Newton,1.6,0.075,40,325027001,fitted_grid,fitted_prior,full66,clustered_correlated,1000,envelope_minus_baseline,0,0,0.0,0,0,0.0,0,0,0.0,0,0,0.0,0,0,0
1,Newton,1.6,0.075,40,325027001,fitted_grid,fitted_prior,full66,sparse_floor,1000,envelope_minus_baseline,0,0,0.0,0,0,0.0,0,0,0.0,0,0,0.0,0,0,0
1,Newton,1.6,0.075,40,325027001,fitted_grid,fitted_prior,no_diagnostics66,uniform_white,1000,envelope_minus_baseline,0,0,0.0,0,0,0.0,0,0,0.0,0,0,0.0,0,0,0
1,Newton,1.6,0.075,40,325027001,fitted_grid,fitted_prior,no_diagnostics66,clustered_correlated,1000,envelope_minus_baseline,0,0,0.0,0,0,0.0,0,0,0.0,0,0,0.0,0,0,0
1,Newton,1.6,0.075,40,325027001,fitted_grid,fitted_prior,no_diagnostics66,sparse_floor,1000,envelope_minus_baseline,0,0,0.0,0,0,0.0,0,0,0.0,0,0,0.0,0,0,0
1,Newton,1.6,0.075,40,325027001,fitted_grid,fitted_prior,full34,uniform_white,1000,envelope_minus_baseline,0,0,0.0,0,0,0.0,0,0,0.0,0,0,0.0,0,0,0
1,Newton,1.6,0.075,40,325027001,fitted_grid,fitted_prior,full34,clustered_correlated,1000,envelope_minus_baseline,0,0,0.0,0,0,0.0,0,0,0.0,0,0,0.0,0,0,0
1,Newton,1.6,0.075,40,325027001,fitted_grid,fitted_prior,full34,sparse_floor,1000,envelope_minus_baseline,0,0,0.0,0,0,0.0,0,0,0.0,0,0,0.0,0,0,0
1,Newton,1.6,0.075,40,325027001,fitted_grid,fitted_prior,covariates_only66,uniform_white,1000,envelope_minus_baseline,0,23,-0.02300000000000002,0,2,-0.002,25,0,0.025000000000000022,2,0,0.0020000000000000018,0,0,23
1,Newton,1.6,0.075,40,325027001,fitted_grid,fitted_prior,covariates_only66,clustered_correlated,1000,envelope_minus_baseline,0,21,-0.02100000000000002,0,2,-0.002,23,0,0.02299999999999991,2,0,0.0020000000000000018,0,0,21
1,Newton,1.6,0.075,40,325027001,fitted_grid,fitted_prior,covariates_only66,sparse_floor,1000,envelope_minus_baseline,0,83,-0.08300000000000002,0,2,-0.002,85,0,0.08499999999999996,2,0,0.0020000000000000018,0,0,83
1,Newton,1.6,0.075,40,325027001,fitted_grid,fitted_prior,conditional66,uniform_white,1000,envelope_minus_baseline,0,0,0.0,0,0,0.0,0,0,0.0,0,0,0.0,0,0,0
1,Newton,1.6,0.075,40,325027001,fitted_grid,fitted_prior,conditional66,clustered_correlated,1000,envelope_minus_baseline,0,0,0.0,0,0,0.0,0,0,0.0,0,0,0.0,0,0,0
1,Newton,1.6,0.075,40,325027001,fitted_grid,fitted_prior,conditional66,sparse_floor,1000,envelope_minus_baseline,0,0,0.0,0,0,0.0,0,0,0.0,0,0,0.0,0,0,0
1,Newton,1.6,0.075,80,325028001,fitted_grid,fitted_prior,full66,uniform_white,1000,envelope_minus_baseline,0,0,0.0,0,0,0.0,0,0,0.0,0,0,0.0,0,0,0
1,Newton,1.6,0.075,80,325028001,fitted_grid,fitted_prior,full66,clustered_correlated,1000,envelope_minus_baseline,0,0,0.0,0,0,0.0,0,0,0.0,0,0,0.0,0,0,0
1,Newton,1.6,0.075,80,325028001,fitted_grid,fitted_prior,full66,sparse_floor,1000,envelope_minus_baseline,0,0,0.0,0,0,0.0,0,0,0.0,0,0,0.0,0,0,0
1,Newton,1.6,0.075,80,325028001,fitted_grid,fitted_prior,no_diagnostics66,uniform_white,1000,envelope_minus_baseline,0,0,0.0,0,0,0.0,0,0,0.0,0,0,0.0,0,0,0
1,Newton,1.6,0.075,80,325028001,fitted_grid,fitted_prior,no_diagnostics66,clustered_correlated,1000,envelope_minus_baseline,0,0,0.0,0,0,0.0,0,0,0.0,0,0,0.0,0,0,0
1,Newton,1.6,0.075,80,325028001,fitted_grid,fitted_prior,no_diagnostics66,sparse_floor,1000,envelope_minus_baseline,0,0,0.0,0,0,0.0,0,0,0.0,0,0,0.0,0,0,0
1,Newton,1.6,0.075,80,325028001,fitted_grid,fitted_prior,full34,uniform_white,1000,envelope_minus_baseline,0,0,0.0,0,0,0.0,0,0,0.0,0,0,0.0,0,0,0
1,Newton,1.6,0.075,80,325028001,fitted_grid,fitted_prior,full34,clustered_correlated,1000,envelope_minus_baseline,0,0,0.0,0,0,0.0,0,0,0.0,0,0,0.0,0,0,0
1,Newton,1.6,0.075,80,325028001,fitted_grid,fitted_prior,full34,sparse_floor,1000,envelope_minus_baseline,0,0,0.0,0,0,0.0,0,0,0.0,0,0,0.0,0,0,0
1,Newton,1.6,0.075,80,325028001,fitted_grid,fitted_prior,covariates_only66,uniform_white,1000,envelope_minus_baseline,0,20,-0.020000000000000018,0,0,0.0,20,0,0.019999999999999907,0,0,0.0,0,0,20
1,Newton,1.6,0.075,80,325028001,fitted_grid,fitted_prior,covariates_only66,clustered_correlated,1000,envelope_minus_baseline,0,19,-0.019000000000000017,0,0,0.0,19,0,0.018999999999999906,0,0,0.0,0,0,19
1,Newton,1.6,0.075,80,325028001,fitted_grid,fitted_prior,covariates_only66,sparse_floor,1000,envelope_minus_baseline,0,79,-0.07900000000000001,0,0,0.0,79,0,0.07899999999999996,0,0,0.0,0,0,79
1,Newton,1.6,0.075,80,325028001,fitted_grid,fitted_prior,conditional66,uniform_white,1000,envelope_minus_baseline,0,0,0.0,0,0,0.0,0,0,0.0,0,0,0.0,0,0,0
1,Newton,1.6,0.075,80,325028001,fitted_grid,fitted_prior,conditional66,clustered_correlated,1000,envelope_minus_baseline,0,0,0.0,0,0,0.0,0,0,0.0,0,0,0.0,0,0,0
1,Newton,1.6,0.075,80,325028001,fitted_grid,fitted_prior,conditional66,sparse_floor,1000,envelope_minus_baseline,0,0,0.0,0,0,0.0,0,0,0.0,0,0,0.0,0,0,0
1,Newton,1.6,0.075,60,325029001,fitted_grid,outside_inner_prior,full66,uniform_white,1000,envelope_minus_baseline,0,0,0.0,0,0,0.0,0,0,0.0,0,0,0.0,0,0,0
1,Newton,1.6,0.075,60,325029001,fitted_grid,outside_inner_prior,full66,clustered_correlated,1000,envelope_minus_baseline,0,0,0.0,0,0,0.0,0,0,0.0,0,0,0.0,0,0,0
1,Newton,1.6,0.075,60,325029001,fitted_grid,outside_inner_prior,full66,sparse_floor,1000,envelope_minus_baseline,0,0,0.0,0,0,0.0,0,0,0.0,0,0,0.0,0,0,0
1,Newton,1.6,0.075,60,325029001,fitted_grid,outside_inner_prior,no_diagnostics66,uniform_white,1000,envelope_minus_baseline,0,0,0.0,0,0,0.0,0,0,0.0,0,0,0.0,0,0,0
1,Newton,1.6,0.075,60,325029001,fitted_grid,outside_inner_prior,no_diagnostics66,clustered_correlated,1000,envelope_minus_baseline,0,0,0.0,0,0,0.0,0,0,0.0,0,0,0.0,0,0,0
1,Newton,1.6,0.075,60,325029001,fitted_grid,outside_inner_prior,no_diagnostics66,sparse_floor,1000,envelope_minus_baseline,0,0,0.0,0,0,0.0,0,0,0.0,0,0,0.0,0,0,0
1,Newton,1.6,0.075,60,325029001,fitted_grid,outside_inner_prior,full34,uniform_white,1000,envelope_minus_baseline,0,0,0.0,0,0,0.0,0,0,0.0,0,0,0.0,0,0,0
1,Newton,1.6,0.075,60,325029001,fitted_grid,outside_inner_prior,full34,clustered_correlated,1000,envelope_minus_baseline,0,0,0.0,0,0,0.0,0,0,0.0,0,0,0.0,0,0,0
1,Newton,1.6,0.075,60,325029001,fitted_grid,outside_inner_prior,full34,sparse_floor,1000,envelope_minus_baseline,0,0,0.0,0,0,0.0,0,0,0.0,0,0,0.0,0,0,0
1,Newton,1.6,0.075,60,325029001,fitted_grid,outside_inner_prior,covariates_only66,uniform_white,1000,envelope_minus_baseline,0,17,-0.017000000000000015,0,0,0.0,17,0,0.017000000000000015,0,0,0.0,0,0,17
1,Newton,1.6,0.075,60,325029001,fitted_grid,outside_inner_prior,covariates_only66,clustered_correlated,1000,envelope_minus_baseline,1,22,-0.02100000000000002,0,0,0.0,22,1,0.020999999999999908,2,0,0.0020000000000000018,1,0,22
1,Newton,1.6,0.075,60,325029001,fitted_grid,outside_inner_prior,covariates_only66,sparse_floor,1000,envelope_minus_baseline,0,85,-0.08499999999999996,0,1,-0.001,86,0,0.08599999999999997,1,0,0.0010000000000000009,0,0,85
1,Newton,1.6,0.075,60,325029001,fitted_grid,outside_inner_prior,conditional66,uniform_white,1000,envelope_minus_baseline,0,0,0.0,0,0,0.0,0,0,0.0,0,0,0.0,0,0,0
1,Newton,1.6,0.075,60,325029001,fitted_grid,outside_inner_prior,conditional66,clustered_correlated,1000,envelope_minus_baseline,0,0,0.0,0,0,0.0,0,0,0.0,0,0,0.0,0,0,0
1,Newton,1.6,0.075,60,325029001,fitted_grid,outside_inner_prior,conditional66,sparse_floor,1000,envelope_minus_baseline,0,0,0.0,0,0,0.0,0,0,0.0,0,0,0.0,0,0,0
1,Newton,1.6,0.075,160,325030001,fitted_grid,outside_inner_prior,full66,uniform_white,1000,envelope_minus_baseline,0,0,0.0,0,0,0.0,0,0,0.0,0,0,0.0,0,0,0
1,Newton,1.6,0.075,160,325030001,fitted_grid,outside_inner_prior,full66,clustered_correlated,1000,envelope_minus_baseline,0,0,0.0,0,0,0.0,0,0,0.0,0,0,0.0,0,0,0
1,Newton,1.6,0.075,160,325030001,fitted_grid,outside_inner_prior,full66,sparse_floor,1000,envelope_minus_baseline,0,0,0.0,0,0,0.0,0,0,0.0,0,0,0.0,0,0,0
1,Newton,1.6,0.075,160,325030001,fitted_grid,outside_inner_prior,no_diagnostics66,uniform_white,1000,envelope_minus_baseline,0,0,0.0,0,0,0.0,0,0,0.0,0,0,0.0,0,0,0
1,Newton,1.6,0.075,160,325030001,fitted_grid,outside_inner_prior,no_diagnostics66,clustered_correlated,1000,envelope_minus_baseline,0,0,0.0,0,0,0.0,0,0,0.0,0,0,0.0,0,0,0
1,Newton,1.6,0.075,160,325030001,fitted_grid,outside_inner_prior,no_diagnostics66,sparse_floor,1000,envelope_minus_baseline,0,0,0.0,0,0,0.0,0,0,0.0,0,0,0.0,0,0,0
1,Newton,1.6,0.075,160,325030001,fitted_grid,outside_inner_prior,full34,uniform_white,1000,envelope_minus_baseline,0,0,0.0,0,0,0.0,0,0,0.0,0,0,0.0,0,0,0
1,Newton,1.6,0.075,160,325030001,fitted_grid,outside_inner_prior,full34,clustered_correlated,1000,envelope_minus_baseline,0,0,0.0,0,0,0.0,0,0,0.0,0,0,0.0,0,0,0
1,Newton,1.6,0.075,160,325030001,fitted_grid,outside_inner_prior,full34,sparse_floor,1000,envelope_minus_baseline,0,0,0.0,0,0,0.0,0,0,0.0,0,0,0.0,0,0,0
1,Newton,1.6,0.075,160,325030001,fitted_grid,outside_inner_prior,covariates_only66,uniform_white,1000,envelope_minus_baseline,0,19,-0.019000000000000017,0,1,-0.001,20,0,0.019999999999999907,1,0,0.0010000000000000009,0,0,19
1,Newton,1.6,0.075,160,325030001,fitted_grid,outside_inner_prior,covariates_only66,clustered_correlated,1000,envelope_minus_baseline,0,17,-0.017000000000000015,1,3,-0.002,20,1,0.018999999999999906,3,0,0.0030000000000000027,0,1,17
1,Newton,1.6,0.075,160,325030001,fitted_grid,outside_inner_prior,covariates_only66,sparse_floor,1000,envelope_minus_baseline,0,81,-0.08099999999999996,0,2,-0.002,83,0,0.08299999999999996,2,0,0.0020000000000000018,0,0,81
1,Newton,1.6,0.075,160,325030001,fitted_grid,outside_inner_prior,conditional66,uniform_white,1000,envelope_minus_baseline,0,0,0.0,0,0,0.0,0,0,0.0,0,0,0.0,0,0,0
1,Newton,1.6,0.075,160,325030001,fitted_grid,outside_inner_prior,conditional66,clustered_correlated,1000,envelope_minus_baseline,0,0,0.0,0,0,0.0,0,0,0.0,0,0,0.0,0,0,0
1,Newton,1.6,0.075,160,325030001,fitted_grid,outside_inner_prior,conditional66,sparse_floor,1000,envelope_minus_baseline,0,0,0.0,0,0,0.0,0,0,0.0,0,0,0.0,0,0,0
1,Newton,1.6,0.225,40,325031001,fitted_grid,fitted_prior,full66,uniform_white,1000,envelope_minus_baseline,0,0,0.0,0,0,0.0,0,0,0.0,0,0,0.0,0,0,0
1,Newton,1.6,0.225,40,325031001,fitted_grid,fitted_prior,full66,clustered_correlated,1000,envelope_minus_baseline,0,0,0.0,0,0,0.0,0,0,0.0,0,0,0.0,0,0,0
1,Newton,1.6,0.225,40,325031001,fitted_grid,fitted_prior,full66,sparse_floor,1000,envelope_minus_baseline,0,0,0.0,0,0,0.0,0,0,0.0,0,0,0.0,0,0,0
1,Newton,1.6,0.225,40,325031001,fitted_grid,fitted_prior,no_diagnostics66,uniform_white,1000,envelope_minus_baseline,0,0,0.0,0,0,0.0,0,0,0.0,0,0,0.0,0,0,0
1,Newton,1.6,0.225,40,325031001,fitted_grid,fitted_prior,no_diagnostics66,clustered_correlated,1000,envelope_minus_baseline,0,0,0.0,0,0,0.0,0,0,0.0,0,0,0.0,0,0,0
1,Newton,1.6,0.225,40,325031001,fitted_grid,fitted_prior,no_diagnostics66,sparse_floor,1000,envelope_minus_baseline,0,0,0.0,0,0,0.0,0,0,0.0,0,0,0.0,0,0,0
1,Newton,1.6,0.225,40,325031001,fitted_grid,fitted_prior,full34,uniform_white,1000,envelope_minus_baseline,0,1,-0.0010000000000000009,0,0,0.0,1,0,0.0010000000000000009,0,0,0.0,0,0,1
1,Newton,1.6,0.225,40,325031001,fitted_grid,fitted_prior,full34,clustered_correlated,1000,envelope_minus_baseline,0,1,-0.0010000000000000009,0,0,0.0,1,0,0.001,0,0,0.0,0,0,1
1,Newton,1.6,0.225,40,325031001,fitted_grid,fitted_prior,full34,sparse_floor,1000,envelope_minus_baseline,0,0,0.0,0,0,0.0,0,0,0.0,0,0,0.0,0,0,0
1,Newton,1.6,0.225,40,325031001,fitted_grid,fitted_prior,covariates_only66,uniform_white,1000,envelope_minus_baseline,0,14,-0.014000000000000012,0,1,-0.001,15,0,0.015000000000000013,1,0,0.0010000000000000009,0,0,14
1,Newton,1.6,0.225,40,325031001,fitted_grid,fitted_prior,covariates_only66,clustered_correlated,1000,envelope_minus_baseline,0,20,-0.020000000000000018,0,2,-0.002,22,0,0.02200000000000002,2,0,0.0020000000000000018,0,0,20
1,Newton,1.6,0.225,40,325031001,fitted_grid,fitted_prior,covariates_only66,sparse_floor,1000,envelope_minus_baseline,0,65,-0.065,0,1,-0.001,66,0,0.06599999999999995,1,0,0.0010000000000000009,0,0,65
1,Newton,1.6,0.225,40,325031001,fitted_grid,fitted_prior,conditional66,uniform_white,1000,envelope_minus_baseline,0,0,0.0,0,0,0.0,0,0,0.0,0,0,0.0,0,0,0
1,Newton,1.6,0.225,40,325031001,fitted_grid,fitted_prior,conditional66,clustered_correlated,1000,envelope_minus_baseline,0,0,0.0,0,0,0.0,0,0,0.0,0,0,0.0,0,0,0
1,Newton,1.6,0.225,40,325031001,fitted_grid,fitted_prior,conditional66,sparse_floor,1000,envelope_minus_baseline,0,0,0.0,0,0,0.0,0,0,0.0,0,0,0.0,0,0,0
1,Newton,1.6,0.225,80,325032001,fitted_grid,fitted_prior,full66,uniform_white,1000,envelope_minus_baseline,0,0,0.0,0,0,0.0,0,0,0.0,0,0,0.0,0,0,0
1,Newton,1.6,0.225,80,325032001,fitted_grid,fitted_prior,full66,clustered_correlated,1000,envelope_minus_baseline,0,0,0.0,0,0,0.0,0,0,0.0,0,0,0.0,0,0,0
1,Newton,1.6,0.225,80,325032001,fitted_grid,fitted_prior,full66,sparse_floor,1000,envelope_minus_baseline,0,0,0.0,0,0,0.0,0,0,0.0,0,0,0.0,0,0,0
1,Newton,1.6,0.225,80,325032001,fitted_grid,fitted_prior,no_diagnostics66,uniform_white,1000,envelope_minus_baseline,0,0,0.0,0,0,0.0,0,0,0.0,0,0,0.0,0,0,0
1,Newton,1.6,0.225,80,325032001,fitted_grid,fitted_prior,no_diagnostics66,clustered_correlated,1000,envelope_minus_baseline,0,0,0.0,0,0,0.0,0,0,0.0,0,0,0.0,0,0,0
1,Newton,1.6,0.225,80,325032001,fitted_grid,fitted_prior,no_diagnostics66,sparse_floor,1000,envelope_minus_baseline,1,0,0.0010000000000000009,0,0,0.0,0,1,-0.001,1,0,0.0010000000000000009,1,0,0
1,Newton,1.6,0.225,80,325032001,fitted_grid,fitted_prior,full34,uniform_white,1000,envelope_minus_baseline,0,2,-0.0020000000000000018,0,1,-0.001,3,0,0.003000000000000001,1,0,0.0010000000000000009,0,0,2
1,Newton,1.6,0.225,80,325032001,fitted_grid,fitted_prior,full34,clustered_correlated,1000,envelope_minus_baseline,0,0,0.0,0,0,0.0,0,0,0.0,0,0,0.0,0,0,0
1,Newton,1.6,0.225,80,325032001,fitted_grid,fitted_prior,full34,sparse_floor,1000,envelope_minus_baseline,0,0,0.0,0,0,0.0,0,0,0.0,0,0,0.0,0,0,0
1,Newton,1.6,0.225,80,325032001,fitted_grid,fitted_prior,covariates_only66,uniform_white,1000,envelope_minus_baseline,0,17,-0.01699999999999996,0,0,0.0,17,0,0.017000000000000015,0,0,0.0,0,0,17
1,Newton,1.6,0.225,80,325032001,fitted_grid,fitted_prior,covariates_only66,clustered_correlated,1000,envelope_minus_baseline,1,12,-0.010999999999999954,0,1,-0.001,13,1,0.01200000000000001,2,0,0.0020000000000000018,1,0,12
1,Newton,1.6,0.225,80,325032001,fitted_grid,fitted_prior,covariates_only66,sparse_floor,1000,envelope_minus_baseline,0,95,-0.095,0,0,0.0,95,0,0.09499999999999997,0,0,0.0,0,0,95
1,Newton,1.6,0.225,80,325032001,fitted_grid,fitted_prior,conditional66,uniform_white,1000,envelope_minus_baseline,0,0,0.0,0,0,0.0,0,0,0.0,0,0,0.0,0,0,0
1,Newton,1.6,0.225,80,325032001,fitted_grid,fitted_prior,conditional66,clustered_correlated,1000,envelope_minus_baseline,0,0,0.0,0,0,0.0,0,0,0.0,0,0,0.0,0,0,0
1,Newton,1.6,0.225,80,325032001,fitted_grid,fitted_prior,conditional66,sparse_floor,1000,envelope_minus_baseline,0,0,0.0,0,0,0.0,0,0,0.0,0,0,0.0,0,0,0
1,Newton,1.6,0.225,60,325033001,fitted_grid,outside_inner_prior,full66,uniform_white,1000,envelope_minus_baseline,0,0,0.0,0,0,0.0,0,0,0.0,0,0,0.0,0,0,0
1,Newton,1.6,0.225,60,325033001,fitted_grid,outside_inner_prior,full66,clustered_correlated,1000,envelope_minus_baseline,0,0,0.0,0,0,0.0,0,0,0.0,0,0,0.0,0,0,0
1,Newton,1.6,0.225,60,325033001,fitted_grid,outside_inner_prior,full66,sparse_floor,1000,envelope_minus_baseline,1,0,0.0010000000000000009,0,0,0.0,0,1,-0.001,1,0,0.0010000000000000009,1,0,0
1,Newton,1.6,0.225,60,325033001,fitted_grid,outside_inner_prior,no_diagnostics66,uniform_white,1000,envelope_minus_baseline,0,0,0.0,0,0,0.0,0,0,0.0,0,0,0.0,0,0,0
1,Newton,1.6,0.225,60,325033001,fitted_grid,outside_inner_prior,no_diagnostics66,clustered_correlated,1000,envelope_minus_baseline,0,0,0.0,0,0,0.0,0,0,0.0,0,0,0.0,0,0,0
1,Newton,1.6,0.225,60,325033001,fitted_grid,outside_inner_prior,no_diagnostics66,sparse_floor,1000,envelope_minus_baseline,1,0,0.0010000000000000009,0,0,0.0,0,1,-0.001,1,0,0.0010000000000000009,1,0,0
1,Newton,1.6,0.225,60,325033001,fitted_grid,outside_inner_prior,full34,uniform_white,1000,envelope_minus_baseline,0,2,-0.0020000000000000018,0,0,0.0,2,0,0.002,0,0,0.0,0,0,2
1,Newton,1.6,0.225,60,325033001,fitted_grid,outside_inner_prior,full34,clustered_correlated,1000,envelope_minus_baseline,0,0,0.0,0,0,0.0,0,0,0.0,0,0,0.0,0,0,0
1,Newton,1.6,0.225,60,325033001,fitted_grid,outside_inner_prior,full34,sparse_floor,1000,envelope_minus_baseline,0,0,0.0,0,0,0.0,0,0,0.0,0,0,0.0,0,0,0
1,Newton,1.6,0.225,60,325033001,fitted_grid,outside_inner_prior,covariates_only66,uniform_white,1000,envelope_minus_baseline,0,21,-0.020999999999999963,0,1,-0.001,22,0,0.02200000000000002,1,0,0.0010000000000000009,0,0,21
1,Newton,1.6,0.225,60,325033001,fitted_grid,outside_inner_prior,covariates_only66,clustered_correlated,1000,envelope_minus_baseline,0,17,-0.01699999999999996,1,1,0.0,18,1,0.017000000000000015,1,0,0.0010000000000000009,0,1,17
1,Newton,1.6,0.225,60,325033001,fitted_grid,outside_inner_prior,covariates_only66,sparse_floor,1000,envelope_minus_baseline,0,83,-0.08299999999999999,0,3,-0.003,86,0,0.08600000000000008,3,0,0.0030000000000000027,0,0,83
1,Newton,1.6,0.225,60,325033001,fitted_grid,outside_inner_prior,conditional66,uniform_white,1000,envelope_minus_baseline,0,0,0.0,0,0,0.0,0,0,0.0,0,0,0.0,0,0,0
1,Newton,1.6,0.225,60,325033001,fitted_grid,outside_inner_prior,conditional66,clustered_correlated,1000,envelope_minus_baseline,0,0,0.0,0,0,0.0,0,0,0.0,0,0,0.0,0,0,0
1,Newton,1.6,0.225,60,325033001,fitted_grid,outside_inner_prior,conditional66,sparse_floor,1000,envelope_minus_baseline,0,0,0.0,0,1,-0.001,1,0,0.001,1,0,0.0010000000000000009,0,0,0
1,Newton,1.6,0.225,160,325034001,fitted_grid,outside_inner_prior,full66,uniform_white,1000,envelope_minus_baseline,0,0,0.0,0,0,0.0,0,0,0.0,0,0,0.0,0,0,0
1,Newton,1.6,0.225,160,325034001,fitted_grid,outside_inner_prior,full66,clustered_correlated,1000,envelope_minus_baseline,0,0,0.0,0,0,0.0,0,0,0.0,0,0,0.0,0,0,0
1,Newton,1.6,0.225,160,325034001,fitted_grid,outside_inner_prior,full66,sparse_floor,1000,envelope_minus_baseline,0,0,0.0,0,0,0.0,0,0,0.0,0,0,0.0,0,0,0
1,Newton,1.6,0.225,160,325034001,fitted_grid,outside_inner_prior,no_diagnostics66,uniform_white,1000,envelope_minus_baseline,0,0,0.0,0,0,0.0,0,0,0.0,0,0,0.0,0,0,0
1,Newton,1.6,0.225,160,325034001,fitted_grid,outside_inner_prior,no_diagnostics66,clustered_correlated,1000,envelope_minus_baseline,0,0,0.0,0,0,0.0,0,0,0.0,0,0,0.0,0,0,0
1,Newton,1.6,0.225,160,325034001,fitted_grid,outside_inner_prior,no_diagnostics66,sparse_floor,1000,envelope_minus_baseline,0,0,0.0,0,0,0.0,0,0,0.0,0,0,0.0,0,0,0
1,Newton,1.6,0.225,160,325034001,fitted_grid,outside_inner_prior,full34,uniform_white,1000,envelope_minus_baseline,0,3,-0.0030000000000000027,0,0,0.0,3,0,0.002999999999999999,0,0,0.0,0,0,3
1,Newton,1.6,0.225,160,325034001,fitted_grid,outside_inner_prior,full34,clustered_correlated,1000,envelope_minus_baseline,0,1,-0.0010000000000000009,0,0,0.0,1,0,0.001,0,0,0.0,0,0,1
1,Newton,1.6,0.225,160,325034001,fitted_grid,outside_inner_prior,full34,sparse_floor,1000,envelope_minus_baseline,0,0,0.0,0,0,0.0,0,0,0.0,0,0,0.0,0,0,0
1,Newton,1.6,0.225,160,325034001,fitted_grid,outside_inner_prior,covariates_only66,uniform_white,1000,envelope_minus_baseline,0,18,-0.01799999999999996,0,0,0.0,18,0,0.018000000000000016,0,0,0.0,0,0,18
1,Newton,1.6,0.225,160,325034001,fitted_grid,outside_inner_prior,covariates_only66,clustered_correlated,1000,envelope_minus_baseline,1,27,-0.025999999999999968,0,0,0.0,27,1,0.026000000000000023,1,0,0.0010000000000000009,1,0,27
1,Newton,1.6,0.225,160,325034001,fitted_grid,outside_inner_prior,covariates_only66,sparse_floor,1000,envelope_minus_baseline,0,98,-0.09799999999999998,0,0,0.0,98,0,0.09799999999999998,0,0,0.0,0,0,98
1,Newton,1.6,0.225,160,325034001,fitted_grid,outside_inner_prior,conditional66,uniform_white,1000,envelope_minus_baseline,0,0,0.0,0,0,0.0,0,0,0.0,0,0,0.0,0,0,0
1,Newton,1.6,0.225,160,325034001,fitted_grid,outside_inner_prior,conditional66,clustered_correlated,1000,envelope_minus_baseline,0,0,0.0,0,0,0.0,0,0,0.0,0,0,0.0,0,0,0
1,Newton,1.6,0.225,160,325034001,fitted_grid,outside_inner_prior,conditional66,sparse_floor,1000,envelope_minus_baseline,0,0,0.0,0,0,0.0,0,0,0.0,0,0,0.0,0,0,0
1,Newton,1.6,0.3,40,325035001,fitted_grid,fitted_prior,full66,uniform_white,1000,envelope_minus_baseline,0,0,0.0,0,0,0.0,0,0,0.0,0,0,0.0,0,0,0
1,Newton,1.6,0.3,40,325035001,fitted_grid,fitted_prior,full66,clustered_correlated,1000,envelope_minus_baseline,0,0,0.0,0,0,0.0,0,0,0.0,0,0,0.0,0,0,0
1,Newton,1.6,0.3,40,325035001,fitted_grid,fitted_prior,full66,sparse_floor,1000,envelope_minus_baseline,0,0,0.0,0,0,0.0,0,0,0.0,0,0,0.0,0,0,0
1,Newton,1.6,0.3,40,325035001,fitted_grid,fitted_prior,no_diagnostics66,uniform_white,1000,envelope_minus_baseline,0,0,0.0,0,0,0.0,0,0,0.0,0,0,0.0,0,0,0
1,Newton,1.6,0.3,40,325035001,fitted_grid,fitted_prior,no_diagnostics66,clustered_correlated,1000,envelope_minus_baseline,0,0,0.0,0,0,0.0,0,0,0.0,0,0,0.0,0,0,0
1,Newton,1.6,0.3,40,325035001,fitted_grid,fitted_prior,no_diagnostics66,sparse_floor,1000,envelope_minus_baseline,1,0,0.0010000000000000009,0,0,0.0,0,1,-0.001,1,0,0.0010000000000000009,1,0,0
1,Newton,1.6,0.3,40,325035001,fitted_grid,fitted_prior,full34,uniform_white,1000,envelope_minus_baseline,1,3,-0.0020000000000000018,0,0,0.0,3,1,0.002,1,0,0.0010000000000000009,1,0,3
1,Newton,1.6,0.3,40,325035001,fitted_grid,fitted_prior,full34,clustered_correlated,1000,envelope_minus_baseline,0,3,-0.0030000000000000027,0,0,0.0,3,0,0.003,0,0,0.0,0,0,3
1,Newton,1.6,0.3,40,325035001,fitted_grid,fitted_prior,full34,sparse_floor,1000,envelope_minus_baseline,0,0,0.0,0,0,0.0,0,0,0.0,0,0,0.0,0,0,0
1,Newton,1.6,0.3,40,325035001,fitted_grid,fitted_prior,covariates_only66,uniform_white,1000,envelope_minus_baseline,0,15,-0.014999999999999958,0,2,-0.002,17,0,0.017000000000000015,2,0,0.0020000000000000018,0,0,15
1,Newton,1.6,0.3,40,325035001,fitted_grid,fitted_prior,covariates_only66,clustered_correlated,1000,envelope_minus_baseline,1,21,-0.019999999999999962,0,2,-0.002,23,1,0.02200000000000002,3,0,0.0030000000000000027,1,0,21
1,Newton,1.6,0.3,40,325035001,fitted_grid,fitted_prior,covariates_only66,sparse_floor,1000,envelope_minus_baseline,0,82,-0.08199999999999999,0,3,-0.003,85,0,0.08500000000000008,3,0,0.0030000000000000027,0,0,82
1,Newton,1.6,0.3,40,325035001,fitted_grid,fitted_prior,conditional66,uniform_white,1000,envelope_minus_baseline,0,0,0.0,0,0,0.0,0,0,0.0,0,0,0.0,0,0,0
1,Newton,1.6,0.3,40,325035001,fitted_grid,fitted_prior,conditional66,clustered_correlated,1000,envelope_minus_baseline,0,0,0.0,0,0,0.0,0,0,0.0,0,0,0.0,0,0,0
1,Newton,1.6,0.3,40,325035001,fitted_grid,fitted_prior,conditional66,sparse_floor,1000,envelope_minus_baseline,0,0,0.0,0,0,0.0,0,0,0.0,0,0,0.0,0,0,0
1,Newton,1.6,0.3,80,325036001,fitted_grid,fitted_prior,full66,uniform_white,1000,envelope_minus_baseline,0,0,0.0,0,0,0.0,0,0,0.0,0,0,0.0,0,0,0
1,Newton,1.6,0.3,80,325036001,fitted_grid,fitted_prior,full66,clustered_correlated,1000,envelope_minus_baseline,0,0,0.0,0,0,0.0,0,0,0.0,0,0,0.0,0,0,0
1,Newton,1.6,0.3,80,325036001,fitted_grid,fitted_prior,full66,sparse_floor,1000,envelope_minus_baseline,0,0,0.0,0,0,0.0,0,0,0.0,0,0,0.0,0,0,0
1,Newton,1.6,0.3,80,325036001,fitted_grid,fitted_prior,no_diagnostics66,uniform_white,1000,envelope_minus_baseline,0,0,0.0,0,0,0.0,0,0,0.0,0,0,0.0,0,0,0
1,Newton,1.6,0.3,80,325036001,fitted_grid,fitted_prior,no_diagnostics66,clustered_correlated,1000,envelope_minus_baseline,0,0,0.0,0,0,0.0,0,0,0.0,0,0,0.0,0,0,0
1,Newton,1.6,0.3,80,325036001,fitted_grid,fitted_prior,no_diagnostics66,sparse_floor,1000,envelope_minus_baseline,0,0,0.0,0,0,0.0,0,0,0.0,0,0,0.0,0,0,0
1,Newton,1.6,0.3,80,325036001,fitted_grid,fitted_prior,full34,uniform_white,1000,envelope_minus_baseline,2,2,0.0,0,2,-0.001999999999999999,4,2,0.0020000000000000018,4,0,0.0040000000000000036,2,0,2
1,Newton,1.6,0.3,80,325036001,fitted_grid,fitted_prior,full34,clustered_correlated,1000,envelope_minus_baseline,1,0,0.0010000000000000009,0,1,-0.001,1,1,0.0,2,0,0.0020000000000000018,1,0,0
1,Newton,1.6,0.3,80,325036001,fitted_grid,fitted_prior,full34,sparse_floor,1000,envelope_minus_baseline,1,0,0.0010000000000000009,0,1,-0.001,1,1,0.0,2,0,0.0020000000000000018,1,0,0
1,Newton,1.6,0.3,80,325036001,fitted_grid,fitted_prior,covariates_only66,uniform_white,1000,envelope_minus_baseline,0,18,-0.01799999999999996,0,1,-0.001,19,0,0.019000000000000017,1,0,0.0010000000000000009,0,0,18
1,Newton,1.6,0.3,80,325036001,fitted_grid,fitted_prior,covariates_only66,clustered_correlated,1000,envelope_minus_baseline,0,19,-0.01899999999999996,0,1,-0.001,20,0,0.020000000000000018,1,0,0.0010000000000000009,0,0,19
1,Newton,1.6,0.3,80,325036001,fitted_grid,fitted_prior,covariates_only66,sparse_floor,1000,envelope_minus_baseline,0,72,-0.07199999999999998,0,1,-0.001,73,0,0.07300000000000006,1,0,0.0010000000000000009,0,0,72
1,Newton,1.6,0.3,80,325036001,fitted_grid,fitted_prior,conditional66,uniform_white,1000,envelope_minus_baseline,0,0,0.0,0,0,0.0,0,0,0.0,0,0,0.0,0,0,0
1,Newton,1.6,0.3,80,325036001,fitted_grid,fitted_prior,conditional66,clustered_correlated,1000,envelope_minus_baseline,0,0,0.0,0,0,0.0,0,0,0.0,0,0,0.0,0,0,0
1,Newton,1.6,0.3,80,325036001,fitted_grid,fitted_prior,conditional66,sparse_floor,1000,envelope_minus_baseline,0,0,0.0,0,1,-0.001,1,0,0.001,1,0,0.0010000000000000009,0,0,0
1,Newton,1.6,0.3,60,325037001,fitted_grid,outside_inner_prior,full66,uniform_white,1000,envelope_minus_baseline,0,0,0.0,0,0,0.0,0,0,0.0,0,0,0.0,0,0,0
1,Newton,1.6,0.3,60,325037001,fitted_grid,outside_inner_prior,full66,clustered_correlated,1000,envelope_minus_baseline,0,0,0.0,0,0,0.0,0,0,0.0,0,0,0.0,0,0,0
1,Newton,1.6,0.3,60,325037001,fitted_grid,outside_inner_prior,full66,sparse_floor,1000,envelope_minus_baseline,0,0,0.0,0,0,0.0,0,0,0.0,0,0,0.0,0,0,0
1,Newton,1.6,0.3,60,325037001,fitted_grid,outside_inner_prior,no_diagnostics66,uniform_white,1000,envelope_minus_baseline,0,0,0.0,0,0,0.0,0,0,0.0,0,0,0.0,0,0,0
1,Newton,1.6,0.3,60,325037001,fitted_grid,outside_inner_prior,no_diagnostics66,clustered_correlated,1000,envelope_minus_baseline,0,0,0.0,0,0,0.0,0,0,0.0,0,0,0.0,0,0,0
1,Newton,1.6,0.3,60,325037001,fitted_grid,outside_inner_prior,no_diagnostics66,sparse_floor,1000,envelope_minus_baseline,0,0,0.0,0,0,0.0,0,0,0.0,0,0,0.0,0,0,0
1,Newton,1.6,0.3,60,325037001,fitted_grid,outside_inner_prior,full34,uniform_white,1000,envelope_minus_baseline,1,3,-0.0020000000000000018,0,3,-0.003,6,1,0.005000000000000001,4,0,0.0040000000000000036,1,0,3
1,Newton,1.6,0.3,60,325037001,fitted_grid,outside_inner_prior,full34,clustered_correlated,1000,envelope_minus_baseline,2,2,0.0,0,0,0.0,2,2,0.0,2,0,0.0020000000000000018,2,0,2
1,Newton,1.6,0.3,60,325037001,fitted_grid,outside_inner_prior,full34,sparse_floor,1000,envelope_minus_baseline,0,0,0.0,0,0,0.0,0,0,0.0,0,0,0.0,0,0,0
1,Newton,1.6,0.3,60,325037001,fitted_grid,outside_inner_prior,covariates_only66,uniform_white,1000,envelope_minus_baseline,0,8,-0.00799999999999998,0,1,-0.001,9,0,0.009000000000000008,1,0,0.0010000000000000009,0,0,8
1,Newton,1.6,0.3,60,325037001,fitted_grid,outside_inner_prior,covariates_only66,clustered_correlated,1000,envelope_minus_baseline,0,8,-0.00799999999999998,0,1,-0.001,9,0,0.009000000000000008,1,0,0.0010000000000000009,0,0,8
1,Newton,1.6,0.3,60,325037001,fitted_grid,outside_inner_prior,covariates_only66,sparse_floor,1000,envelope_minus_baseline,0,64,-0.064,0,5,-0.005,69,0,0.06900000000000006,5,0,0.0050000000000000044,0,0,64
1,Newton,1.6,0.3,60,325037001,fitted_grid,outside_inner_prior,conditional66,uniform_white,1000,envelope_minus_baseline,0,0,0.0,0,0,0.0,0,0,0.0,0,0,0.0,0,0,0
1,Newton,1.6,0.3,60,325037001,fitted_grid,outside_inner_prior,conditional66,clustered_correlated,1000,envelope_minus_baseline,0,0,0.0,0,0,0.0,0,0,0.0,0,0,0.0,0,0,0
1,Newton,1.6,0.3,60,325037001,fitted_grid,outside_inner_prior,conditional66,sparse_floor,1000,envelope_minus_baseline,0,0,0.0,0,0,0.0,0,0,0.0,0,0,0.0,0,0,0
1,Newton,1.6,0.3,160,325038001,fitted_grid,outside_inner_prior,full66,uniform_white,1000,envelope_minus_baseline,2,0,0.0020000000000000018,0,0,0.0,0,2,-0.002,2,0,0.0020000000000000018,2,0,0
1,Newton,1.6,0.3,160,325038001,fitted_grid,outside_inner_prior,full66,clustered_correlated,1000,envelope_minus_baseline,0,0,0.0,0,0,0.0,0,0,0.0,0,0,0.0,0,0,0
1,Newton,1.6,0.3,160,325038001,fitted_grid,outside_inner_prior,full66,sparse_floor,1000,envelope_minus_baseline,0,0,0.0,0,0,0.0,0,0,0.0,0,0,0.0,0,0,0
1,Newton,1.6,0.3,160,325038001,fitted_grid,outside_inner_prior,no_diagnostics66,uniform_white,1000,envelope_minus_baseline,0,0,0.0,0,0,0.0,0,0,0.0,0,0,0.0,0,0,0
1,Newton,1.6,0.3,160,325038001,fitted_grid,outside_inner_prior,no_diagnostics66,clustered_correlated,1000,envelope_minus_baseline,0,0,0.0,0,0,0.0,0,0,0.0,0,0,0.0,0,0,0
1,Newton,1.6,0.3,160,325038001,fitted_grid,outside_inner_prior,no_diagnostics66,sparse_floor,1000,envelope_minus_baseline,3,0,0.0030000000000000027,0,0,0.0,0,3,-0.003,3,0,0.0030000000000000027,3,0,0
1,Newton,1.6,0.3,160,325038001,fitted_grid,outside_inner_prior,full34,uniform_white,1000,envelope_minus_baseline,2,4,-0.0020000000000000018,0,1,-0.001,5,2,0.002999999999999999,3,0,0.0030000000000000027,2,0,4
1,Newton,1.6,0.3,160,325038001,fitted_grid,outside_inner_prior,full34,clustered_correlated,1000,envelope_minus_baseline,3,2,0.0010000000000000009,0,0,0.0,2,3,-0.0009999999999999992,3,0,0.0030000000000000027,3,0,2
1,Newton,1.6,0.3,160,325038001,fitted_grid,outside_inner_prior,full34,sparse_floor,1000,envelope_minus_baseline,0,0,0.0,0,0,0.0,0,0,0.0,0,0,0.0,0,0,0
1,Newton,1.6,0.3,160,325038001,fitted_grid,outside_inner_prior,covariates_only66,uniform_white,1000,envelope_minus_baseline,0,17,-0.01699999999999996,0,0,0.0,17,0,0.017000000000000015,0,0,0.0,0,0,17
1,Newton,1.6,0.3,160,325038001,fitted_grid,outside_inner_prior,covariates_only66,clustered_correlated,1000,envelope_minus_baseline,0,20,-0.020000000000000018,0,1,-0.001,21,0,0.02100000000000002,1,0,0.0010000000000000009,0,0,20
1,Newton,1.6,0.3,160,325038001,fitted_grid,outside_inner_prior,covariates_only66,sparse_floor,1000,envelope_minus_baseline,1,95,-0.09400000000000003,0,0,0.0,95,1,0.09399999999999997,1,0,0.0010000000000000009,1,0,95
1,Newton,1.6,0.3,160,325038001,fitted_grid,outside_inner_prior,conditional66,uniform_white,1000,envelope_minus_baseline,0,0,0.0,0,1,-0.001,1,0,0.0010000000000000009,1,0,0.0010000000000000009,0,0,0
1,Newton,1.6,0.3,160,325038001,fitted_grid,outside_inner_prior,conditional66,clustered_correlated,1000,envelope_minus_baseline,0,0,0.0,0,0,0.0,0,0,0.0,0,0,0.0,0,0,0
1,Newton,1.6,0.3,160,325038001,fitted_grid,outside_inner_prior,conditional66,sparse_floor,1000,envelope_minus_baseline,0,0,0.0,0,0,0.0,0,0,0.0,0,0,0.0,0,0,0
1,Newton,1.15,0.0,,325039001,outside_beta_grid,pure,full66,uniform_white,1000,envelope_minus_baseline,0,0,0.0,0,0,0.0,0,0,0.0,0,0,0.0,0,0,0
1,Newton,1.15,0.0,,325039001,outside_beta_grid,pure,full66,clustered_correlated,1000,envelope_minus_baseline,0,0,0.0,0,0,0.0,0,0,0.0,0,0,0.0,0,0,0
1,Newton,1.15,0.0,,325039001,outside_beta_grid,pure,full66,sparse_floor,1000,envelope_minus_baseline,1,0,0.0010000000000000009,0,0,0.0,0,1,-0.001,1,0,0.0010000000000000009,1,0,0
1,Newton,1.15,0.0,,325039001,outside_beta_grid,pure,no_diagnostics66,uniform_white,1000,envelope_minus_baseline,0,0,0.0,0,0,0.0,0,0,0.0,0,0,0.0,0,0,0
1,Newton,1.15,0.0,,325039001,outside_beta_grid,pure,no_diagnostics66,clustered_correlated,1000,envelope_minus_baseline,0,0,0.0,0,0,0.0,0,0,0.0,0,0,0.0,0,0,0
1,Newton,1.15,0.0,,325039001,outside_beta_grid,pure,no_diagnostics66,sparse_floor,1000,envelope_minus_baseline,0,0,0.0,0,0,0.0,0,0,0.0,0,0,0.0,0,0,0
1,Newton,1.15,0.0,,325039001,outside_beta_grid,pure,full34,uniform_white,1000,envelope_minus_baseline,0,4,-0.0040000000000000036,0,0,0.0,4,0,0.004,0,0,0.0,0,0,4
1,Newton,1.15,0.0,,325039001,outside_beta_grid,pure,full34,clustered_correlated,1000,envelope_minus_baseline,0,3,-0.0030000000000000027,0,3,-0.003,6,0,0.005999999999999998,3,0,0.0030000000000000027,0,0,3
1,Newton,1.15,0.0,,325039001,outside_beta_grid,pure,full34,sparse_floor,1000,envelope_minus_baseline,0,0,0.0,0,0,0.0,0,0,0.0,0,0,0.0,0,0,0
1,Newton,1.15,0.0,,325039001,outside_beta_grid,pure,covariates_only66,uniform_white,1000,envelope_minus_baseline,0,0,0.0,0,0,0.0,0,0,0.0,0,0,0.0,0,0,0
1,Newton,1.15,0.0,,325039001,outside_beta_grid,pure,covariates_only66,clustered_correlated,1000,envelope_minus_baseline,0,0,0.0,0,2,-0.002,2,0,0.0020000000000000018,2,0,0.0020000000000000018,0,0,0
1,Newton,1.15,0.0,,325039001,outside_beta_grid,pure,covariates_only66,sparse_floor,1000,envelope_minus_baseline,0,1,-0.001,0,4,-0.004,5,0,0.0050000000000000044,4,0,0.0040000000000000036,0,0,1
1,Newton,1.15,0.0,,325039001,outside_beta_grid,pure,conditional66,uniform_white,1000,envelope_minus_baseline,0,0,0.0,0,0,0.0,0,0,0.0,0,0,0.0,0,0,0
1,Newton,1.15,0.0,,325039001,outside_beta_grid,pure,conditional66,clustered_correlated,1000,envelope_minus_baseline,0,0,0.0,0,0,0.0,0,0,0.0,0,0,0.0,0,0,0
1,Newton,1.15,0.0,,325039001,outside_beta_grid,pure,conditional66,sparse_floor,1000,envelope_minus_baseline,0,0,0.0,0,3,-0.003,3,0,0.003,3,0,0.0030000000000000027,0,0,0
1,Newton,1.15,0.3,60,325040001,outside_beta_grid,outside_inner_prior,full66,uniform_white,1000,envelope_minus_baseline,2,0,0.0020000000000000018,0,0,0.0,0,2,-0.002,2,0,0.0020000000000000018,2,0,0
1,Newton,1.15,0.3,60,325040001,outside_beta_grid,outside_inner_prior,full66,clustered_correlated,1000,envelope_minus_baseline,0,0,0.0,0,0,0.0,0,0,0.0,0,0,0.0,0,0,0
1,Newton,1.15,0.3,60,325040001,outside_beta_grid,outside_inner_prior,full66,sparse_floor,1000,envelope_minus_baseline,1,0,0.0010000000000000009,0,0,0.0,0,1,-0.001,1,0,0.0010000000000000009,1,0,0
1,Newton,1.15,0.3,60,325040001,outside_beta_grid,outside_inner_prior,no_diagnostics66,uniform_white,1000,envelope_minus_baseline,0,0,0.0,0,0,0.0,0,0,0.0,0,0,0.0,0,0,0
1,Newton,1.15,0.3,60,325040001,outside_beta_grid,outside_inner_prior,no_diagnostics66,clustered_correlated,1000,envelope_minus_baseline,0,0,0.0,0,0,0.0,0,0,0.0,0,0,0.0,0,0,0
1,Newton,1.15,0.3,60,325040001,outside_beta_grid,outside_inner_prior,no_diagnostics66,sparse_floor,1000,envelope_minus_baseline,2,0,0.0020000000000000018,0,0,0.0,0,2,-0.002,2,0,0.0020000000000000018,2,0,0
1,Newton,1.15,0.3,60,325040001,outside_beta_grid,outside_inner_prior,full34,uniform_white,1000,envelope_minus_baseline,0,6,-0.006000000000000005,0,2,-0.002,8,0,0.008,2,0,0.0020000000000000018,0,0,6
1,Newton,1.15,0.3,60,325040001,outside_beta_grid,outside_inner_prior,full34,clustered_correlated,1000,envelope_minus_baseline,0,0,0.0,0,1,-0.001,1,0,0.0009999999999999992,1,0,0.0010000000000000009,0,0,0
1,Newton,1.15,0.3,60,325040001,outside_beta_grid,outside_inner_prior,full34,sparse_floor,1000,envelope_minus_baseline,1,0,0.0010000000000000009,0,0,0.0,0,1,-0.0010000000000000009,1,0,0.0010000000000000009,1,0,0
1,Newton,1.15,0.3,60,325040001,outside_beta_grid,outside_inner_prior,covariates_only66,uniform_white,1000,envelope_minus_baseline,0,0,0.0,0,3,-0.003,3,0,0.0030000000000000027,3,0,0.0030000000000000027,0,0,0
1,Newton,1.15,0.3,60,325040001,outside_beta_grid,outside_inner_prior,covariates_only66,clustered_correlated,1000,envelope_minus_baseline,0,1,-0.001,0,2,-0.002,3,0,0.0030000000000000027,2,0,0.0020000000000000018,0,0,1
1,Newton,1.15,0.3,60,325040001,outside_beta_grid,outside_inner_prior,covariates_only66,sparse_floor,1000,envelope_minus_baseline,0,1,-0.001,0,6,-0.006,7,0,0.007000000000000006,6,0,0.006000000000000005,0,0,1
1,Newton,1.15,0.3,60,325040001,outside_beta_grid,outside_inner_prior,conditional66,uniform_white,1000,envelope_minus_baseline,1,0,0.0010000000000000009,0,0,0.0,0,1,-0.0010000000000000009,1,0,0.0010000000000000009,1,0,0
1,Newton,1.15,0.3,60,325040001,outside_beta_grid,outside_inner_prior,conditional66,clustered_correlated,1000,envelope_minus_baseline,0,0,0.0,0,0,0.0,0,0,0.0,0,0,0.0,0,0,0
1,Newton,1.15,0.3,60,325040001,outside_beta_grid,outside_inner_prior,conditional66,sparse_floor,1000,envelope_minus_baseline,0,0,0.0,0,0,0.0,0,0,0.0,0,0,0.0,0,0,0
1,Newton,1.15,0.3,160,325041001,outside_beta_grid,outside_inner_prior,full66,uniform_white,1000,envelope_minus_baseline,4,0,0.0040000000000000036,0,0,0.0,0,4,-0.004,4,0,0.0040000000000000036,4,0,0
1,Newton,1.15,0.3,160,325041001,outside_beta_grid,outside_inner_prior,full66,clustered_correlated,1000,envelope_minus_baseline,0,0,0.0,0,0,0.0,0,0,0.0,0,0,0.0,0,0,0
1,Newton,1.15,0.3,160,325041001,outside_beta_grid,outside_inner_prior,full66,sparse_floor,1000,envelope_minus_baseline,1,0,0.0010000000000000009,0,0,0.0,0,1,-0.001,1,0,0.0010000000000000009,1,0,0
1,Newton,1.15,0.3,160,325041001,outside_beta_grid,outside_inner_prior,no_diagnostics66,uniform_white,1000,envelope_minus_baseline,0,0,0.0,0,0,0.0,0,0,0.0,0,0,0.0,0,0,0
1,Newton,1.15,0.3,160,325041001,outside_beta_grid,outside_inner_prior,no_diagnostics66,clustered_correlated,1000,envelope_minus_baseline,0,0,0.0,0,0,0.0,0,0,0.0,0,0,0.0,0,0,0
1,Newton,1.15,0.3,160,325041001,outside_beta_grid,outside_inner_prior,no_diagnostics66,sparse_floor,1000,envelope_minus_baseline,5,0,0.0050000000000000044,0,0,0.0,0,5,-0.004999999999999999,5,0,0.0050000000000000044,5,0,0
1,Newton,1.15,0.3,160,325041001,outside_beta_grid,outside_inner_prior,full34,uniform_white,1000,envelope_minus_baseline,0,6,-0.006000000000000005,0,2,-0.002,8,0,0.008,2,0,0.0020000000000000018,0,0,6
1,Newton,1.15,0.3,160,325041001,outside_beta_grid,outside_inner_prior,full34,clustered_correlated,1000,envelope_minus_baseline,3,7,-0.0040000000000000036,0,4,-0.004,11,3,0.008,7,0,0.007000000000000006,3,0,7
1,Newton,1.15,0.3,160,325041001,outside_beta_grid,outside_inner_prior,full34,sparse_floor,1000,envelope_minus_baseline,0,0,0.0,0,0,0.0,0,0,0.0,0,0,0.0,0,0,0
1,Newton,1.15,0.3,160,325041001,outside_beta_grid,outside_inner_prior,covariates_only66,uniform_white,1000,envelope_minus_baseline,0,1,-0.001,0,5,-0.005,6,0,0.006000000000000005,5,0,0.0050000000000000044,0,0,1
1,Newton,1.15,0.3,160,325041001,outside_beta_grid,outside_inner_prior,covariates_only66,clustered_correlated,1000,envelope_minus_baseline,2,1,0.001,0,6,-0.006,7,2,0.0050000000000000044,8,0,0.008000000000000007,2,0,1
1,Newton,1.15,0.3,160,325041001,outside_beta_grid,outside_inner_prior,covariates_only66,sparse_floor,1000,envelope_minus_baseline,0,2,-0.002,0,7,-0.007,9,0,0.009000000000000008,7,0,0.007000000000000006,0,0,2
1,Newton,1.15,0.3,160,325041001,outside_beta_grid,outside_inner_prior,conditional66,uniform_white,1000,envelope_minus_baseline,2,0,0.0020000000000000018,0,0,0.0,0,2,-0.0020000000000000018,2,0,0.0020000000000000018,2,0,0
1,Newton,1.15,0.3,160,325041001,outside_beta_grid,outside_inner_prior,conditional66,clustered_correlated,1000,envelope_minus_baseline,0,0,0.0,0,0,0.0,0,0,0.0,0,0,0.0,0,0,0
1,Newton,1.15,0.3,160,325041001,outside_beta_grid,outside_inner_prior,conditional66,sparse_floor,1000,envelope_minus_baseline,0,0,0.0,0,1,-0.001,1,0,0.001,1,0,0.0010000000000000009,0,0,0
1,Newton,1.45,0.0,,325042001,outside_beta_grid,pure,full66,uniform_white,1000,envelope_minus_baseline,0,0,0.0,0,0,0.0,0,0,0.0,0,0,0.0,0,0,0
1,Newton,1.45,0.0,,325042001,outside_beta_grid,pure,full66,clustered_correlated,1000,envelope_minus_baseline,0,0,0.0,0,0,0.0,0,0,0.0,0,0,0.0,0,0,0
1,Newton,1.45,0.0,,325042001,outside_beta_grid,pure,full66,sparse_floor,1000,envelope_minus_baseline,1,0,0.0010000000000000009,0,0,0.0,0,1,-0.001,1,0,0.0010000000000000009,1,0,0
1,Newton,1.45,0.0,,325042001,outside_beta_grid,pure,no_diagnostics66,uniform_white,1000,envelope_minus_baseline,0,0,0.0,0,0,0.0,0,0,0.0,0,0,0.0,0,0,0
1,Newton,1.45,0.0,,325042001,outside_beta_grid,pure,no_diagnostics66,clustered_correlated,1000,envelope_minus_baseline,0,0,0.0,0,0,0.0,0,0,0.0,0,0,0.0,0,0,0
1,Newton,1.45,0.0,,325042001,outside_beta_grid,pure,no_diagnostics66,sparse_floor,1000,envelope_minus_baseline,0,0,0.0,0,0,0.0,0,0,0.0,0,0,0.0,0,0,0
1,Newton,1.45,0.0,,325042001,outside_beta_grid,pure,full34,uniform_white,1000,envelope_minus_baseline,0,3,-0.0030000000000000027,0,1,-0.001,4,0,0.004,1,0,0.0010000000000000009,0,0,3
1,Newton,1.45,0.0,,325042001,outside_beta_grid,pure,full34,clustered_correlated,1000,envelope_minus_baseline,0,3,-0.0030000000000000027,0,5,-0.005,8,0,0.008,5,0,0.0050000000000000044,0,0,3
1,Newton,1.45,0.0,,325042001,outside_beta_grid,pure,full34,sparse_floor,1000,envelope_minus_baseline,0,0,0.0,0,0,0.0,0,0,0.0,0,0,0.0,0,0,0
1,Newton,1.45,0.0,,325042001,outside_beta_grid,pure,covariates_only66,uniform_white,1000,envelope_minus_baseline,0,0,0.0,0,6,-0.006,6,0,0.006000000000000005,6,0,0.006000000000000005,0,0,0
1,Newton,1.45,0.0,,325042001,outside_beta_grid,pure,covariates_only66,clustered_correlated,1000,envelope_minus_baseline,0,1,-0.001,0,9,-0.009,10,0,0.010000000000000009,9,0,0.009000000000000008,0,0,1
1,Newton,1.45,0.0,,325042001,outside_beta_grid,pure,covariates_only66,sparse_floor,1000,envelope_minus_baseline,0,3,-0.003,0,13,-0.013,16,0,0.016000000000000014,13,0,0.013000000000000012,0,0,3
1,Newton,1.45,0.0,,325042001,outside_beta_grid,pure,conditional66,uniform_white,1000,envelope_minus_baseline,0,0,0.0,0,0,0.0,0,0,0.0,0,0,0.0,0,0,0
1,Newton,1.45,0.0,,325042001,outside_beta_grid,pure,conditional66,clustered_correlated,1000,envelope_minus_baseline,0,0,0.0,0,0,0.0,0,0,0.0,0,0,0.0,0,0,0
1,Newton,1.45,0.0,,325042001,outside_beta_grid,pure,conditional66,sparse_floor,1000,envelope_minus_baseline,0,0,0.0,0,2,-0.002,2,0,0.002,2,0,0.0020000000000000018,0,0,0
1,Newton,1.45,0.3,60,325043001,outside_beta_grid,outside_inner_prior,full66,uniform_white,1000,envelope_minus_baseline,1,0,0.0010000000000000009,0,0,0.0,0,1,-0.001,1,0,0.0010000000000000009,1,0,0
1,Newton,1.45,0.3,60,325043001,outside_beta_grid,outside_inner_prior,full66,clustered_correlated,1000,envelope_minus_baseline,0,0,0.0,0,0,0.0,0,0,0.0,0,0,0.0,0,0,0
1,Newton,1.45,0.3,60,325043001,outside_beta_grid,outside_inner_prior,full66,sparse_floor,1000,envelope_minus_baseline,1,0,0.0010000000000000009,0,0,0.0,0,1,-0.001,1,0,0.0010000000000000009,1,0,0
1,Newton,1.45,0.3,60,325043001,outside_beta_grid,outside_inner_prior,no_diagnostics66,uniform_white,1000,envelope_minus_baseline,0,0,0.0,0,0,0.0,0,0,0.0,0,0,0.0,0,0,0
1,Newton,1.45,0.3,60,325043001,outside_beta_grid,outside_inner_prior,no_diagnostics66,clustered_correlated,1000,envelope_minus_baseline,0,0,0.0,0,0,0.0,0,0,0.0,0,0,0.0,0,0,0
1,Newton,1.45,0.3,60,325043001,outside_beta_grid,outside_inner_prior,no_diagnostics66,sparse_floor,1000,envelope_minus_baseline,7,0,0.007000000000000006,0,0,0.0,0,7,-0.006999999999999999,7,0,0.007000000000000006,7,0,0
1,Newton,1.45,0.3,60,325043001,outside_beta_grid,outside_inner_prior,full34,uniform_white,1000,envelope_minus_baseline,1,2,-0.0010000000000000009,0,3,-0.003,5,1,0.0040000000000000036,4,0,0.0040000000000000036,1,0,2
1,Newton,1.45,0.3,60,325043001,outside_beta_grid,outside_inner_prior,full34,clustered_correlated,1000,envelope_minus_baseline,3,2,0.0010000000000000009,0,1,-0.001,3,3,0.0,4,0,0.0040000000000000036,3,0,2
1,Newton,1.45,0.3,60,325043001,outside_beta_grid,outside_inner_prior,full34,sparse_floor,1000,envelope_minus_baseline,0,0,0.0,0,0,0.0,0,0,0.0,0,0,0.0,0,0,0
1,Newton,1.45,0.3,60,325043001,outside_beta_grid,outside_inner_prior,covariates_only66,uniform_white,1000,envelope_minus_baseline,0,1,-0.001,0,12,-0.012,13,0,0.013000000000000012,12,0,0.01200000000000001,0,0,1
1,Newton,1.45,0.3,60,325043001,outside_beta_grid,outside_inner_prior,covariates_only66,clustered_correlated,1000,envelope_minus_baseline,0,0,0.0,0,14,-0.013999999999999999,14,0,0.014000000000000012,15,0,0.015000000000000013,0,0,0
1,Newton,1.45,0.3,60,325043001,outside_beta_grid,outside_inner_prior,covariates_only66,sparse_floor,1000,envelope_minus_baseline,0,4,-0.004,0,16,-0.016,20,0,0.020000000000000018,16,0,0.016000000000000014,0,0,4
1,Newton,1.45,0.3,60,325043001,outside_beta_grid,outside_inner_prior,conditional66,uniform_white,1000,envelope_minus_baseline,1,0,0.0010000000000000009,0,0,0.0,0,1,-0.0010000000000000009,1,0,0.0010000000000000009,1,0,0
1,Newton,1.45,0.3,60,325043001,outside_beta_grid,outside_inner_prior,conditional66,clustered_correlated,1000,envelope_minus_baseline,0,0,0.0,0,0,0.0,0,0,0.0,0,0,0.0,0,0,0
1,Newton,1.45,0.3,60,325043001,outside_beta_grid,outside_inner_prior,conditional66,sparse_floor,1000,envelope_minus_baseline,1,0,0.0010000000000000009,0,0,0.0,0,1,-0.001,1,0,0.0010000000000000009,1,0,0
1,Newton,1.45,0.3,160,325044001,outside_beta_grid,outside_inner_prior,full66,uniform_white,1000,envelope_minus_baseline,1,0,0.0010000000000000009,0,0,0.0,0,1,-0.001,1,0,0.0010000000000000009,1,0,0
1,Newton,1.45,0.3,160,325044001,outside_beta_grid,outside_inner_prior,full66,clustered_correlated,1000,envelope_minus_baseline,0,0,0.0,0,0,0.0,0,0,0.0,0,0,0.0,0,0,0
1,Newton,1.45,0.3,160,325044001,outside_beta_grid,outside_inner_prior,full66,sparse_floor,1000,envelope_minus_baseline,1,0,0.0010000000000000009,1,0,0.001,0,2,-0.002,1,0,0.0010000000000000009,1,1,0
1,Newton,1.45,0.3,160,325044001,outside_beta_grid,outside_inner_prior,no_diagnostics66,uniform_white,1000,envelope_minus_baseline,0,0,0.0,0,0,0.0,0,0,0.0,0,0,0.0,0,0,0
1,Newton,1.45,0.3,160,325044001,outside_beta_grid,outside_inner_prior,no_diagnostics66,clustered_correlated,1000,envelope_minus_baseline,0,0,0.0,0,0,0.0,0,0,0.0,0,0,0.0,0,0,0
1,Newton,1.45,0.3,160,325044001,outside_beta_grid,outside_inner_prior,no_diagnostics66,sparse_floor,1000,envelope_minus_baseline,9,0,0.009000000000000008,0,0,0.0,0,9,-0.009000000000000001,9,0,0.009000000000000008,9,0,0
1,Newton,1.45,0.3,160,325044001,outside_beta_grid,outside_inner_prior,full34,uniform_white,1000,envelope_minus_baseline,1,10,-0.009000000000000008,0,1,-0.001,11,1,0.010000000000000002,2,0,0.0020000000000000018,1,0,10
1,Newton,1.45,0.3,160,325044001,outside_beta_grid,outside_inner_prior,full34,clustered_correlated,1000,envelope_minus_baseline,1,7,-0.006000000000000005,0,4,-0.004,11,1,0.009999999999999998,6,0,0.006000000000000005,1,0,7
1,Newton,1.45,0.3,160,325044001,outside_beta_grid,outside_inner_prior,full34,sparse_floor,1000,envelope_minus_baseline,1,0,0.0010000000000000009,0,0,0.0,0,1,-0.0010000000000000009,1,0,0.0010000000000000009,1,0,0
1,Newton,1.45,0.3,160,325044001,outside_beta_grid,outside_inner_prior,covariates_only66,uniform_white,1000,envelope_minus_baseline,0,0,0.0,0,4,-0.004,4,0,0.0040000000000000036,4,0,0.0040000000000000036,0,0,0
1,Newton,1.45,0.3,160,325044001,outside_beta_grid,outside_inner_prior,covariates_only66,clustered_correlated,1000,envelope_minus_baseline,1,2,-0.001,0,7,-0.006999999999999999,9,1,0.008000000000000007,8,0,0.008000000000000007,1,0,2
1,Newton,1.45,0.3,160,325044001,outside_beta_grid,outside_inner_prior,covariates_only66,sparse_floor,1000,envelope_minus_baseline,0,5,-0.005,0,7,-0.007,12,0,0.01200000000000001,7,0,0.007000000000000006,0,0,5
1,Newton,1.45,0.3,160,325044001,outside_beta_grid,outside_inner_prior,conditional66,uniform_white,1000,envelope_minus_baseline,0,0,0.0,0,0,0.0,0,0,0.0,0,0,0.0,0,0,0
1,Newton,1.45,0.3,160,325044001,outside_beta_grid,outside_inner_prior,conditional66,clustered_correlated,1000,envelope_minus_baseline,0,0,0.0,0,0,0.0,0,0,0.0,0,0,0.0,0,0,0
1,Newton,1.45,0.3,160,325044001,outside_beta_grid,outside_inner_prior,conditional66,sparse_floor,1000,envelope_minus_baseline,0,0,0.0,0,0,0.0,0,0,0.0,0,0,0.0,0,0,0
1,QUMOND,1.0,0.0,,325100001,fitted_grid,pure,full66,uniform_white,1000,envelope_minus_baseline,0,0,0.0,0,0,0.0,0,0,0.0,0,0,0.0,0,0,0
1,QUMOND,1.0,0.0,,325100001,fitted_grid,pure,full66,clustered_correlated,1000,envelope_minus_baseline,0,0,0.0,0,0,0.0,0,0,0.0,0,0,0.0,0,0,0
1,QUMOND,1.0,0.0,,325100001,fitted_grid,pure,full66,sparse_floor,1000,envelope_minus_baseline,0,0,0.0,0,0,0.0,0,0,0.0,0,0,0.0,0,0,0
1,QUMOND,1.0,0.0,,325100001,fitted_grid,pure,no_diagnostics66,uniform_white,1000,envelope_minus_baseline,0,0,0.0,0,0,0.0,0,0,0.0,0,0,0.0,0,0,0
1,QUMOND,1.0,0.0,,325100001,fitted_grid,pure,no_diagnostics66,clustered_correlated,1000,envelope_minus_baseline,0,0,0.0,0,0,0.0,0,0,0.0,0,0,0.0,0,0,0
1,QUMOND,1.0,0.0,,325100001,fitted_grid,pure,no_diagnostics66,sparse_floor,1000,envelope_minus_baseline,0,0,0.0,0,0,0.0,0,0,0.0,0,0,0.0,0,0,0
1,QUMOND,1.0,0.0,,325100001,fitted_grid,pure,full34,uniform_white,1000,envelope_minus_baseline,0,0,0.0,0,0,0.0,0,0,0.0,0,0,0.0,0,0,0
1,QUMOND,1.0,0.0,,325100001,fitted_grid,pure,full34,clustered_correlated,1000,envelope_minus_baseline,0,0,0.0,0,0,0.0,0,0,0.0,0,0,0.0,0,0,0
1,QUMOND,1.0,0.0,,325100001,fitted_grid,pure,full34,sparse_floor,1000,envelope_minus_baseline,0,0,0.0,0,0,0.0,0,0,0.0,0,0,0.0,0,0,0
1,QUMOND,1.0,0.0,,325100001,fitted_grid,pure,covariates_only66,uniform_white,1000,envelope_minus_baseline,0,143,-0.143,0,0,0.0,143,0,0.14300000000000002,0,0,0.0,0,0,143
1,QUMOND,1.0,0.0,,325100001,fitted_grid,pure,covariates_only66,clustered_correlated,1000,envelope_minus_baseline,2,137,-0.13499999999999998,0,3,-0.003,140,2,0.138,5,0,0.0050000000000000044,2,0,137
1,QUMOND,1.0,0.0,,325100001,fitted_grid,pure,covariates_only66,sparse_floor,1000,envelope_minus_baseline,0,163,-0.16299999999999998,0,1,-0.001,164,0,0.16399999999999992,1,0,0.0010000000000000009,0,0,163
1,QUMOND,1.0,0.0,,325100001,fitted_grid,pure,conditional66,uniform_white,1000,envelope_minus_baseline,0,0,0.0,0,0,0.0,0,0,0.0,0,0,0.0,0,0,0
1,QUMOND,1.0,0.0,,325100001,fitted_grid,pure,conditional66,clustered_correlated,1000,envelope_minus_baseline,0,0,0.0,0,0,0.0,0,0,0.0,0,0,0.0,0,0,0
1,QUMOND,1.0,0.0,,325100001,fitted_grid,pure,conditional66,sparse_floor,1000,envelope_minus_baseline,0,0,0.0,0,0,0.0,0,0,0.0,0,0,0.0,0,0,0
1,QUMOND,1.0,0.075,40,325101001,fitted_grid,fitted_prior,full66,uniform_white,1000,envelope_minus_baseline,0,0,0.0,0,0,0.0,0,0,0.0,0,0,0.0,0,0,0
1,QUMOND,1.0,0.075,40,325101001,fitted_grid,fitted_prior,full66,clustered_correlated,1000,envelope_minus_baseline,0,0,0.0,0,0,0.0,0,0,0.0,0,0,0.0,0,0,0
1,QUMOND,1.0,0.075,40,325101001,fitted_grid,fitted_prior,full66,sparse_floor,1000,envelope_minus_baseline,0,0,0.0,0,0,0.0,0,0,0.0,0,0,0.0,0,0,0
1,QUMOND,1.0,0.075,40,325101001,fitted_grid,fitted_prior,no_diagnostics66,uniform_white,1000,envelope_minus_baseline,0,0,0.0,0,0,0.0,0,0,0.0,0,0,0.0,0,0,0
1,QUMOND,1.0,0.075,40,325101001,fitted_grid,fitted_prior,no_diagnostics66,clustered_correlated,1000,envelope_minus_baseline,0,0,0.0,0,0,0.0,0,0,0.0,0,0,0.0,0,0,0
1,QUMOND,1.0,0.075,40,325101001,fitted_grid,fitted_prior,no_diagnostics66,sparse_floor,1000,envelope_minus_baseline,0,0,0.0,0,0,0.0,0,0,0.0,0,0,0.0,0,0,0
1,QUMOND,1.0,0.075,40,325101001,fitted_grid,fitted_prior,full34,uniform_white,1000,envelope_minus_baseline,0,0,0.0,0,0,0.0,0,0,0.0,0,0,0.0,0,0,0
1,QUMOND,1.0,0.075,40,325101001,fitted_grid,fitted_prior,full34,clustered_correlated,1000,envelope_minus_baseline,0,0,0.0,0,0,0.0,0,0,0.0,0,0,0.0,0,0,0
1,QUMOND,1.0,0.075,40,325101001,fitted_grid,fitted_prior,full34,sparse_floor,1000,envelope_minus_baseline,0,0,0.0,0,0,0.0,0,0,0.0,0,0,0.0,0,0,0
1,QUMOND,1.0,0.075,40,325101001,fitted_grid,fitted_prior,covariates_only66,uniform_white,1000,envelope_minus_baseline,0,146,-0.146,0,0,0.0,146,0,0.1459999999999999,0,0,0.0,0,0,146
1,QUMOND,1.0,0.075,40,325101001,fitted_grid,fitted_prior,covariates_only66,clustered_correlated,1000,envelope_minus_baseline,0,161,-0.161,0,0,0.0,161,0,0.16099999999999992,0,0,0.0,0,0,161
1,QUMOND,1.0,0.075,40,325101001,fitted_grid,fitted_prior,covariates_only66,sparse_floor,1000,envelope_minus_baseline,0,177,-0.177,0,1,-0.001,178,0,0.17800000000000005,1,0,0.0010000000000000009,0,0,177
1,QUMOND,1.0,0.075,40,325101001,fitted_grid,fitted_prior,conditional66,uniform_white,1000,envelope_minus_baseline,0,0,0.0,0,0,0.0,0,0,0.0,0,0,0.0,0,0,0
1,QUMOND,1.0,0.075,40,325101001,fitted_grid,fitted_prior,conditional66,clustered_correlated,1000,envelope_minus_baseline,0,0,0.0,0,0,0.0,0,0,0.0,0,0,0.0,0,0,0
1,QUMOND,1.0,0.075,40,325101001,fitted_grid,fitted_prior,conditional66,sparse_floor,1000,envelope_minus_baseline,0,0,0.0,0,0,0.0,0,0,0.0,0,0,0.0,0,0,0
1,QUMOND,1.0,0.075,80,325102001,fitted_grid,fitted_prior,full66,uniform_white,1000,envelope_minus_baseline,0,0,0.0,0,0,0.0,0,0,0.0,0,0,0.0,0,0,0
1,QUMOND,1.0,0.075,80,325102001,fitted_grid,fitted_prior,full66,clustered_correlated,1000,envelope_minus_baseline,0,0,0.0,0,0,0.0,0,0,0.0,0,0,0.0,0,0,0
1,QUMOND,1.0,0.075,80,325102001,fitted_grid,fitted_prior,full66,sparse_floor,1000,envelope_minus_baseline,0,0,0.0,0,0,0.0,0,0,0.0,0,0,0.0,0,0,0
1,QUMOND,1.0,0.075,80,325102001,fitted_grid,fitted_prior,no_diagnostics66,uniform_white,1000,envelope_minus_baseline,0,0,0.0,0,0,0.0,0,0,0.0,0,0,0.0,0,0,0
1,QUMOND,1.0,0.075,80,325102001,fitted_grid,fitted_prior,no_diagnostics66,clustered_correlated,1000,envelope_minus_baseline,0,0,0.0,0,0,0.0,0,0,0.0,0,0,0.0,0,0,0
1,QUMOND,1.0,0.075,80,325102001,fitted_grid,fitted_prior,no_diagnostics66,sparse_floor,1000,envelope_minus_baseline,0,0,0.0,0,0,0.0,0,0,0.0,0,0,0.0,0,0,0
1,QUMOND,1.0,0.075,80,325102001,fitted_grid,fitted_prior,full34,uniform_white,1000,envelope_minus_baseline,0,0,0.0,0,0,0.0,0,0,0.0,0,0,0.0,0,0,0
1,QUMOND,1.0,0.075,80,325102001,fitted_grid,fitted_prior,full34,clustered_correlated,1000,envelope_minus_baseline,0,0,0.0,0,0,0.0,0,0,0.0,0,0,0.0,0,0,0
1,QUMOND,1.0,0.075,80,325102001,fitted_grid,fitted_prior,full34,sparse_floor,1000,envelope_minus_baseline,0,0,0.0,0,0,0.0,0,0,0.0,0,0,0.0,0,0,0
1,QUMOND,1.0,0.075,80,325102001,fitted_grid,fitted_prior,covariates_only66,uniform_white,1000,envelope_minus_baseline,0,146,-0.14600000000000002,0,1,-0.001,147,0,0.1469999999999999,1,0,0.0010000000000000009,0,0,146
1,QUMOND,1.0,0.075,80,325102001,fitted_grid,fitted_prior,covariates_only66,clustered_correlated,1000,envelope_minus_baseline,0,157,-0.157,0,2,-0.002,159,0,0.15899999999999992,2,0,0.0020000000000000018,0,0,157
1,QUMOND,1.0,0.075,80,325102001,fitted_grid,fitted_prior,covariates_only66,sparse_floor,1000,envelope_minus_baseline,0,175,-0.17500000000000002,0,1,-0.001,176,0,0.17600000000000005,1,0,0.0010000000000000009,0,0,175
1,QUMOND,1.0,0.075,80,325102001,fitted_grid,fitted_prior,conditional66,uniform_white,1000,envelope_minus_baseline,0,0,0.0,0,0,0.0,0,0,0.0,0,0,0.0,0,0,0
1,QUMOND,1.0,0.075,80,325102001,fitted_grid,fitted_prior,conditional66,clustered_correlated,1000,envelope_minus_baseline,0,0,0.0,0,0,0.0,0,0,0.0,0,0,0.0,0,0,0
1,QUMOND,1.0,0.075,80,325102001,fitted_grid,fitted_prior,conditional66,sparse_floor,1000,envelope_minus_baseline,0,0,0.0,0,0,0.0,0,0,0.0,0,0,0.0,0,0,0
1,QUMOND,1.0,0.075,60,325103001,fitted_grid,outside_inner_prior,full66,uniform_white,1000,envelope_minus_baseline,0,0,0.0,0,0,0.0,0,0,0.0,0,0,0.0,0,0,0
1,QUMOND,1.0,0.075,60,325103001,fitted_grid,outside_inner_prior,full66,clustered_correlated,1000,envelope_minus_baseline,0,0,0.0,0,0,0.0,0,0,0.0,0,0,0.0,0,0,0
1,QUMOND,1.0,0.075,60,325103001,fitted_grid,outside_inner_prior,full66,sparse_floor,1000,envelope_minus_baseline,0,0,0.0,0,0,0.0,0,0,0.0,0,0,0.0,0,0,0
1,QUMOND,1.0,0.075,60,325103001,fitted_grid,outside_inner_prior,no_diagnostics66,uniform_white,1000,envelope_minus_baseline,0,0,0.0,0,0,0.0,0,0,0.0,0,0,0.0,0,0,0
1,QUMOND,1.0,0.075,60,325103001,fitted_grid,outside_inner_prior,no_diagnostics66,clustered_correlated,1000,envelope_minus_baseline,0,0,0.0,0,0,0.0,0,0,0.0,0,0,0.0,0,0,0
1,QUMOND,1.0,0.075,60,325103001,fitted_grid,outside_inner_prior,no_diagnostics66,sparse_floor,1000,envelope_minus_baseline,0,0,0.0,0,0,0.0,0,0,0.0,0,0,0.0,0,0,0
1,QUMOND,1.0,0.075,60,325103001,fitted_grid,outside_inner_prior,full34,uniform_white,1000,envelope_minus_baseline,0,0,0.0,0,0,0.0,0,0,0.0,0,0,0.0,0,0,0
1,QUMOND,1.0,0.075,60,325103001,fitted_grid,outside_inner_prior,full34,clustered_correlated,1000,envelope_minus_baseline,0,0,0.0,0,0,0.0,0,0,0.0,0,0,0.0,0,0,0
1,QUMOND,1.0,0.075,60,325103001,fitted_grid,outside_inner_prior,full34,sparse_floor,1000,envelope_minus_baseline,0,0,0.0,0,0,0.0,0,0,0.0,0,0,0.0,0,0,0
1,QUMOND,1.0,0.075,60,325103001,fitted_grid,outside_inner_prior,covariates_only66,uniform_white,1000,envelope_minus_baseline,0,183,-0.183,0,0,0.0,183,0,0.18299999999999994,0,0,0.0,0,0,183
1,QUMOND,1.0,0.075,60,325103001,fitted_grid,outside_inner_prior,covariates_only66,clustered_correlated,1000,envelope_minus_baseline,0,199,-0.19899999999999998,0,0,0.0,199,0,0.19899999999999995,0,0,0.0,0,0,199
1,QUMOND,1.0,0.075,60,325103001,fitted_grid,outside_inner_prior,covariates_only66,sparse_floor,1000,envelope_minus_baseline,0,206,-0.206,0,0,0.0,206,0,0.20600000000000007,0,0,0.0,0,0,206
1,QUMOND,1.0,0.075,60,325103001,fitted_grid,outside_inner_prior,conditional66,uniform_white,1000,envelope_minus_baseline,0,0,0.0,0,0,0.0,0,0,0.0,0,0,0.0,0,0,0
1,QUMOND,1.0,0.075,60,325103001,fitted_grid,outside_inner_prior,conditional66,clustered_correlated,1000,envelope_minus_baseline,0,0,0.0,0,0,0.0,0,0,0.0,0,0,0.0,0,0,0
1,QUMOND,1.0,0.075,60,325103001,fitted_grid,outside_inner_prior,conditional66,sparse_floor,1000,envelope_minus_baseline,0,0,0.0,0,0,0.0,0,0,0.0,0,0,0.0,0,0,0
1,QUMOND,1.0,0.075,160,325104001,fitted_grid,outside_inner_prior,full66,uniform_white,1000,envelope_minus_baseline,0,0,0.0,0,0,0.0,0,0,0.0,0,0,0.0,0,0,0
1,QUMOND,1.0,0.075,160,325104001,fitted_grid,outside_inner_prior,full66,clustered_correlated,1000,envelope_minus_baseline,0,0,0.0,0,0,0.0,0,0,0.0,0,0,0.0,0,0,0
1,QUMOND,1.0,0.075,160,325104001,fitted_grid,outside_inner_prior,full66,sparse_floor,1000,envelope_minus_baseline,0,0,0.0,0,0,0.0,0,0,0.0,0,0,0.0,0,0,0
1,QUMOND,1.0,0.075,160,325104001,fitted_grid,outside_inner_prior,no_diagnostics66,uniform_white,1000,envelope_minus_baseline,0,0,0.0,0,0,0.0,0,0,0.0,0,0,0.0,0,0,0
1,QUMOND,1.0,0.075,160,325104001,fitted_grid,outside_inner_prior,no_diagnostics66,clustered_correlated,1000,envelope_minus_baseline,0,0,0.0,0,0,0.0,0,0,0.0,0,0,0.0,0,0,0
1,QUMOND,1.0,0.075,160,325104001,fitted_grid,outside_inner_prior,no_diagnostics66,sparse_floor,1000,envelope_minus_baseline,0,0,0.0,0,0,0.0,0,0,0.0,0,0,0.0,0,0,0
1,QUMOND,1.0,0.075,160,325104001,fitted_grid,outside_inner_prior,full34,uniform_white,1000,envelope_minus_baseline,0,0,0.0,0,0,0.0,0,0,0.0,0,0,0.0,0,0,0
1,QUMOND,1.0,0.075,160,325104001,fitted_grid,outside_inner_prior,full34,clustered_correlated,1000,envelope_minus_baseline,0,0,0.0,0,0,0.0,0,0,0.0,0,0,0.0,0,0,0
1,QUMOND,1.0,0.075,160,325104001,fitted_grid,outside_inner_prior,full34,sparse_floor,1000,envelope_minus_baseline,0,0,0.0,0,0,0.0,0,0,0.0,0,0,0.0,0,0,0
1,QUMOND,1.0,0.075,160,325104001,fitted_grid,outside_inner_prior,covariates_only66,uniform_white,1000,envelope_minus_baseline,0,166,-0.16599999999999998,0,0,0.0,166,0,0.16600000000000004,0,0,0.0,0,0,166
1,QUMOND,1.0,0.075,160,325104001,fitted_grid,outside_inner_prior,covariates_only66,clustered_correlated,1000,envelope_minus_baseline,0,170,-0.16999999999999998,0,0,0.0,170,0,0.16999999999999993,0,0,0.0,0,0,170
1,QUMOND,1.0,0.075,160,325104001,fitted_grid,outside_inner_prior,covariates_only66,sparse_floor,1000,envelope_minus_baseline,0,176,-0.17600000000000002,0,0,0.0,176,0,0.17600000000000005,0,0,0.0,0,0,176
1,QUMOND,1.0,0.075,160,325104001,fitted_grid,outside_inner_prior,conditional66,uniform_white,1000,envelope_minus_baseline,0,0,0.0,0,0,0.0,0,0,0.0,0,0,0.0,0,0,0
1,QUMOND,1.0,0.075,160,325104001,fitted_grid,outside_inner_prior,conditional66,clustered_correlated,1000,envelope_minus_baseline,0,0,0.0,0,0,0.0,0,0,0.0,0,0,0.0,0,0,0
1,QUMOND,1.0,0.075,160,325104001,fitted_grid,outside_inner_prior,conditional66,sparse_floor,1000,envelope_minus_baseline,0,0,0.0,0,0,0.0,0,0,0.0,0,0,0.0,0,0,0
1,QUMOND,1.0,0.225,40,325105001,fitted_grid,fitted_prior,full66,uniform_white,1000,envelope_minus_baseline,0,0,0.0,0,0,0.0,0,0,0.0,0,0,0.0,0,0,0
1,QUMOND,1.0,0.225,40,325105001,fitted_grid,fitted_prior,full66,clustered_correlated,1000,envelope_minus_baseline,0,0,0.0,0,0,0.0,0,0,0.0,0,0,0.0,0,0,0
1,QUMOND,1.0,0.225,40,325105001,fitted_grid,fitted_prior,full66,sparse_floor,1000,envelope_minus_baseline,0,0,0.0,0,0,0.0,0,0,0.0,0,0,0.0,0,0,0
1,QUMOND,1.0,0.225,40,325105001,fitted_grid,fitted_prior,no_diagnostics66,uniform_white,1000,envelope_minus_baseline,0,0,0.0,0,0,0.0,0,0,0.0,0,0,0.0,0,0,0
1,QUMOND,1.0,0.225,40,325105001,fitted_grid,fitted_prior,no_diagnostics66,clustered_correlated,1000,envelope_minus_baseline,1,0,0.0010000000000000009,0,0,0.0,0,1,-0.001,1,0,0.0010000000000000009,1,0,0
1,QUMOND,1.0,0.225,40,325105001,fitted_grid,fitted_prior,no_diagnostics66,sparse_floor,1000,envelope_minus_baseline,0,0,0.0,0,0,0.0,0,0,0.0,0,0,0.0,0,0,0
1,QUMOND,1.0,0.225,40,325105001,fitted_grid,fitted_prior,full34,uniform_white,1000,envelope_minus_baseline,0,0,0.0,0,0,0.0,0,0,0.0,0,0,0.0,0,0,0
1,QUMOND,1.0,0.225,40,325105001,fitted_grid,fitted_prior,full34,clustered_correlated,1000,envelope_minus_baseline,0,0,0.0,0,0,0.0,0,0,0.0,0,0,0.0,0,0,0
1,QUMOND,1.0,0.225,40,325105001,fitted_grid,fitted_prior,full34,sparse_floor,1000,envelope_minus_baseline,0,0,0.0,0,0,0.0,0,0,0.0,0,0,0.0,0,0,0
1,QUMOND,1.0,0.225,40,325105001,fitted_grid,fitted_prior,covariates_only66,uniform_white,1000,envelope_minus_baseline,0,182,-0.18200000000000002,0,1,-0.001,183,0,0.18300000000000005,1,0,0.0010000000000000009,0,0,182
1,QUMOND,1.0,0.225,40,325105001,fitted_grid,fitted_prior,covariates_only66,clustered_correlated,1000,envelope_minus_baseline,0,184,-0.18400000000000002,0,0,0.0,184,0,0.18400000000000005,0,0,0.0,0,0,184
1,QUMOND,1.0,0.225,40,325105001,fitted_grid,fitted_prior,covariates_only66,sparse_floor,1000,envelope_minus_baseline,0,208,-0.20800000000000002,0,1,-0.001,209,0,0.20899999999999996,1,0,0.0010000000000000009,0,0,208
1,QUMOND,1.0,0.225,40,325105001,fitted_grid,fitted_prior,conditional66,uniform_white,1000,envelope_minus_baseline,0,0,0.0,0,0,0.0,0,0,0.0,0,0,0.0,0,0,0
1,QUMOND,1.0,0.225,40,325105001,fitted_grid,fitted_prior,conditional66,clustered_correlated,1000,envelope_minus_baseline,0,0,0.0,0,0,0.0,0,0,0.0,0,0,0.0,0,0,0
1,QUMOND,1.0,0.225,40,325105001,fitted_grid,fitted_prior,conditional66,sparse_floor,1000,envelope_minus_baseline,0,0,0.0,0,0,0.0,0,0,0.0,0,0,0.0,0,0,0
1,QUMOND,1.0,0.225,80,325106001,fitted_grid,fitted_prior,full66,uniform_white,1000,envelope_minus_baseline,0,0,0.0,0,0,0.0,0,0,0.0,0,0,0.0,0,0,0
1,QUMOND,1.0,0.225,80,325106001,fitted_grid,fitted_prior,full66,clustered_correlated,1000,envelope_minus_baseline,0,0,0.0,0,0,0.0,0,0,0.0,0,0,0.0,0,0,0
1,QUMOND,1.0,0.225,80,325106001,fitted_grid,fitted_prior,full66,sparse_floor,1000,envelope_minus_baseline,0,0,0.0,0,0,0.0,0,0,0.0,0,0,0.0,0,0,0
1,QUMOND,1.0,0.225,80,325106001,fitted_grid,fitted_prior,no_diagnostics66,uniform_white,1000,envelope_minus_baseline,0,0,0.0,0,0,0.0,0,0,0.0,0,0,0.0,0,0,0
1,QUMOND,1.0,0.225,80,325106001,fitted_grid,fitted_prior,no_diagnostics66,clustered_correlated,1000,envelope_minus_baseline,0,0,0.0,0,0,0.0,0,0,0.0,0,0,0.0,0,0,0
1,QUMOND,1.0,0.225,80,325106001,fitted_grid,fitted_prior,no_diagnostics66,sparse_floor,1000,envelope_minus_baseline,0,0,0.0,0,0,0.0,0,0,0.0,0,0,0.0,0,0,0
1,QUMOND,1.0,0.225,80,325106001,fitted_grid,fitted_prior,full34,uniform_white,1000,envelope_minus_baseline,0,0,0.0,0,0,0.0,0,0,0.0,0,0,0.0,0,0,0
1,QUMOND,1.0,0.225,80,325106001,fitted_grid,fitted_prior,full34,clustered_correlated,1000,envelope_minus_baseline,0,0,0.0,0,0,0.0,0,0,0.0,0,0,0.0,0,0,0
1,QUMOND,1.0,0.225,80,325106001,fitted_grid,fitted_prior,full34,sparse_floor,1000,envelope_minus_baseline,0,0,0.0,0,0,0.0,0,0,0.0,0,0,0.0,0,0,0
1,QUMOND,1.0,0.225,80,325106001,fitted_grid,fitted_prior,covariates_only66,uniform_white,1000,envelope_minus_baseline,0,168,-0.16799999999999998,0,0,0.0,168,0,0.16800000000000004,0,0,0.0,0,0,168
1,QUMOND,1.0,0.225,80,325106001,fitted_grid,fitted_prior,covariates_only66,clustered_correlated,1000,envelope_minus_baseline,1,187,-0.18599999999999997,0,0,0.0,187,1,0.18599999999999994,1,0,0.0010000000000000009,1,0,187
1,QUMOND,1.0,0.225,80,325106001,fitted_grid,fitted_prior,covariates_only66,sparse_floor,1000,envelope_minus_baseline,0,197,-0.19699999999999998,0,1,-0.001,198,0,0.19800000000000006,1,0,0.0010000000000000009,0,0,197
1,QUMOND,1.0,0.225,80,325106001,fitted_grid,fitted_prior,conditional66,uniform_white,1000,envelope_minus_baseline,0,0,0.0,0,0,0.0,0,0,0.0,0,0,0.0,0,0,0
1,QUMOND,1.0,0.225,80,325106001,fitted_grid,fitted_prior,conditional66,clustered_correlated,1000,envelope_minus_baseline,0,0,0.0,0,0,0.0,0,0,0.0,0,0,0.0,0,0,0
1,QUMOND,1.0,0.225,80,325106001,fitted_grid,fitted_prior,conditional66,sparse_floor,1000,envelope_minus_baseline,0,0,0.0,0,0,0.0,0,0,0.0,0,0,0.0,0,0,0
1,QUMOND,1.0,0.225,60,325107001,fitted_grid,outside_inner_prior,full66,uniform_white,1000,envelope_minus_baseline,0,0,0.0,0,0,0.0,0,0,0.0,0,0,0.0,0,0,0
1,QUMOND,1.0,0.225,60,325107001,fitted_grid,outside_inner_prior,full66,clustered_correlated,1000,envelope_minus_baseline,0,0,0.0,0,0,0.0,0,0,0.0,0,0,0.0,0,0,0
1,QUMOND,1.0,0.225,60,325107001,fitted_grid,outside_inner_prior,full66,sparse_floor,1000,envelope_minus_baseline,0,0,0.0,0,0,0.0,0,0,0.0,0,0,0.0,0,0,0
1,QUMOND,1.0,0.225,60,325107001,fitted_grid,outside_inner_prior,no_diagnostics66,uniform_white,1000,envelope_minus_baseline,0,0,0.0,0,0,0.0,0,0,0.0,0,0,0.0,0,0,0
1,QUMOND,1.0,0.225,60,325107001,fitted_grid,outside_inner_prior,no_diagnostics66,clustered_correlated,1000,envelope_minus_baseline,0,0,0.0,0,0,0.0,0,0,0.0,0,0,0.0,0,0,0
1,QUMOND,1.0,0.225,60,325107001,fitted_grid,outside_inner_prior,no_diagnostics66,sparse_floor,1000,envelope_minus_baseline,0,0,0.0,0,0,0.0,0,0,0.0,0,0,0.0,0,0,0
1,QUMOND,1.0,0.225,60,325107001,fitted_grid,outside_inner_prior,full34,uniform_white,1000,envelope_minus_baseline,0,0,0.0,0,0,0.0,0,0,0.0,0,0,0.0,0,0,0
1,QUMOND,1.0,0.225,60,325107001,fitted_grid,outside_inner_prior,full34,clustered_correlated,1000,envelope_minus_baseline,0,2,-0.0020000000000000018,0,0,0.0,2,0,0.002,0,0,0.0,0,0,2
1,QUMOND,1.0,0.225,60,325107001,fitted_grid,outside_inner_prior,full34,sparse_floor,1000,envelope_minus_baseline,0,0,0.0,0,0,0.0,0,0,0.0,0,0,0.0,0,0,0
1,QUMOND,1.0,0.225,60,325107001,fitted_grid,outside_inner_prior,covariates_only66,uniform_white,1000,envelope_minus_baseline,0,143,-0.143,0,0,0.0,143,0,0.14300000000000002,0,0,0.0,0,0,143
1,QUMOND,1.0,0.225,60,325107001,fitted_grid,outside_inner_prior,covariates_only66,clustered_correlated,1000,envelope_minus_baseline,4,162,-0.15799999999999997,0,1,-0.001,163,4,0.15900000000000003,5,0,0.0050000000000000044,4,0,162
1,QUMOND,1.0,0.225,60,325107001,fitted_grid,outside_inner_prior,covariates_only66,sparse_floor,1000,envelope_minus_baseline,0,166,-0.16600000000000004,0,0,0.0,166,0,0.16600000000000004,0,0,0.0,0,0,166
1,QUMOND,1.0,0.225,60,325107001,fitted_grid,outside_inner_prior,conditional66,uniform_white,1000,envelope_minus_baseline,0,0,0.0,0,0,0.0,0,0,0.0,0,0,0.0,0,0,0
1,QUMOND,1.0,0.225,60,325107001,fitted_grid,outside_inner_prior,conditional66,clustered_correlated,1000,envelope_minus_baseline,0,0,0.0,0,0,0.0,0,0,0.0,0,0,0.0,0,0,0
1,QUMOND,1.0,0.225,60,325107001,fitted_grid,outside_inner_prior,conditional66,sparse_floor,1000,envelope_minus_baseline,0,0,0.0,0,0,0.0,0,0,0.0,0,0,0.0,0,0,0
1,QUMOND,1.0,0.225,160,325108001,fitted_grid,outside_inner_prior,full66,uniform_white,1000,envelope_minus_baseline,0,0,0.0,0,0,0.0,0,0,0.0,0,0,0.0,0,0,0
1,QUMOND,1.0,0.225,160,325108001,fitted_grid,outside_inner_prior,full66,clustered_correlated,1000,envelope_minus_baseline,0,0,0.0,0,0,0.0,0,0,0.0,0,0,0.0,0,0,0
1,QUMOND,1.0,0.225,160,325108001,fitted_grid,outside_inner_prior,full66,sparse_floor,1000,envelope_minus_baseline,0,0,0.0,0,0,0.0,0,0,0.0,0,0,0.0,0,0,0
1,QUMOND,1.0,0.225,160,325108001,fitted_grid,outside_inner_prior,no_diagnostics66,uniform_white,1000,envelope_minus_baseline,0,0,0.0,0,0,0.0,0,0,0.0,0,0,0.0,0,0,0
1,QUMOND,1.0,0.225,160,325108001,fitted_grid,outside_inner_prior,no_diagnostics66,clustered_correlated,1000,envelope_minus_baseline,0,0,0.0,0,0,0.0,0,0,0.0,0,0,0.0,0,0,0
1,QUMOND,1.0,0.225,160,325108001,fitted_grid,outside_inner_prior,no_diagnostics66,sparse_floor,1000,envelope_minus_baseline,0,0,0.0,0,0,0.0,0,0,0.0,0,0,0.0,0,0,0
1,QUMOND,1.0,0.225,160,325108001,fitted_grid,outside_inner_prior,full34,uniform_white,1000,envelope_minus_baseline,0,0,0.0,0,0,0.0,0,0,0.0,0,0,0.0,0,0,0
1,QUMOND,1.0,0.225,160,325108001,fitted_grid,outside_inner_prior,full34,clustered_correlated,1000,envelope_minus_baseline,0,1,-0.0010000000000000009,0,0,0.0,1,0,0.001,0,0,0.0,0,0,1
1,QUMOND,1.0,0.225,160,325108001,fitted_grid,outside_inner_prior,full34,sparse_floor,1000,envelope_minus_baseline,0,0,0.0,0,0,0.0,0,0,0.0,0,0,0.0,0,0,0
1,QUMOND,1.0,0.225,160,325108001,fitted_grid,outside_inner_prior,covariates_only66,uniform_white,1000,envelope_minus_baseline,0,166,-0.16599999999999998,0,0,0.0,166,0,0.16600000000000004,0,0,0.0,0,0,166
1,QUMOND,1.0,0.225,160,325108001,fitted_grid,outside_inner_prior,covariates_only66,clustered_correlated,1000,envelope_minus_baseline,0,177,-0.177,1,1,0.0,178,1,0.17699999999999994,1,0,0.0010000000000000009,0,1,177
1,QUMOND,1.0,0.225,160,325108001,fitted_grid,outside_inner_prior,covariates_only66,sparse_floor,1000,envelope_minus_baseline,0,205,-0.205,0,1,-0.001,206,0,0.20600000000000007,1,0,0.0010000000000000009,0,0,205
1,QUMOND,1.0,0.225,160,325108001,fitted_grid,outside_inner_prior,conditional66,uniform_white,1000,envelope_minus_baseline,0,0,0.0,0,0,0.0,0,0,0.0,0,0,0.0,0,0,0
1,QUMOND,1.0,0.225,160,325108001,fitted_grid,outside_inner_prior,conditional66,clustered_correlated,1000,envelope_minus_baseline,0,0,0.0,0,0,0.0,0,0,0.0,0,0,0.0,0,0,0
1,QUMOND,1.0,0.225,160,325108001,fitted_grid,outside_inner_prior,conditional66,sparse_floor,1000,envelope_minus_baseline,0,0,0.0,0,0,0.0,0,0,0.0,0,0,0.0,0,0,0
1,QUMOND,1.0,0.3,40,325109001,fitted_grid,fitted_prior,full66,uniform_white,1000,envelope_minus_baseline,0,0,0.0,0,0,0.0,0,0,0.0,0,0,0.0,0,0,0
1,QUMOND,1.0,0.3,40,325109001,fitted_grid,fitted_prior,full66,clustered_correlated,1000,envelope_minus_baseline,0,0,0.0,0,0,0.0,0,0,0.0,0,0,0.0,0,0,0
1,QUMOND,1.0,0.3,40,325109001,fitted_grid,fitted_prior,full66,sparse_floor,1000,envelope_minus_baseline,0,0,0.0,0,0,0.0,0,0,0.0,0,0,0.0,0,0,0
1,QUMOND,1.0,0.3,40,325109001,fitted_grid,fitted_prior,no_diagnostics66,uniform_white,1000,envelope_minus_baseline,0,0,0.0,0,0,0.0,0,0,0.0,0,0,0.0,0,0,0
1,QUMOND,1.0,0.3,40,325109001,fitted_grid,fitted_prior,no_diagnostics66,clustered_correlated,1000,envelope_minus_baseline,0,0,0.0,0,0,0.0,0,0,0.0,0,0,0.0,0,0,0
1,QUMOND,1.0,0.3,40,325109001,fitted_grid,fitted_prior,no_diagnostics66,sparse_floor,1000,envelope_minus_baseline,1,0,0.0010000000000000009,0,0,0.0,0,1,-0.001,1,0,0.0010000000000000009,1,0,0
1,QUMOND,1.0,0.3,40,325109001,fitted_grid,fitted_prior,full34,uniform_white,1000,envelope_minus_baseline,0,1,-0.0010000000000000009,0,0,0.0,1,0,0.001,0,0,0.0,0,0,1
1,QUMOND,1.0,0.3,40,325109001,fitted_grid,fitted_prior,full34,clustered_correlated,1000,envelope_minus_baseline,0,1,-0.0010000000000000009,0,0,0.0,1,0,0.001,0,0,0.0,0,0,1
1,QUMOND,1.0,0.3,40,325109001,fitted_grid,fitted_prior,full34,sparse_floor,1000,envelope_minus_baseline,0,0,0.0,0,0,0.0,0,0,0.0,0,0,0.0,0,0,0
1,QUMOND,1.0,0.3,40,325109001,fitted_grid,fitted_prior,covariates_only66,uniform_white,1000,envelope_minus_baseline,0,166,-0.16599999999999998,0,0,0.0,166,0,0.16600000000000004,0,0,0.0,0,0,166
1,QUMOND,1.0,0.3,40,325109001,fitted_grid,fitted_prior,covariates_only66,clustered_correlated,1000,envelope_minus_baseline,0,176,-0.176,0,0,0.0,176,0,0.17600000000000005,0,0,0.0,0,0,176
1,QUMOND,1.0,0.3,40,325109001,fitted_grid,fitted_prior,covariates_only66,sparse_floor,1000,envelope_minus_baseline,0,193,-0.19299999999999995,0,1,-0.001,194,0,0.19399999999999995,1,0,0.0010000000000000009,0,0,193
1,QUMOND,1.0,0.3,40,325109001,fitted_grid,fitted_prior,conditional66,uniform_white,1000,envelope_minus_baseline,0,0,0.0,0,0,0.0,0,0,0.0,0,0,0.0,0,0,0
1,QUMOND,1.0,0.3,40,325109001,fitted_grid,fitted_prior,conditional66,clustered_correlated,1000,envelope_minus_baseline,0,0,0.0,0,0,0.0,0,0,0.0,0,0,0.0,0,0,0
1,QUMOND,1.0,0.3,40,325109001,fitted_grid,fitted_prior,conditional66,sparse_floor,1000,envelope_minus_baseline,0,0,0.0,0,0,0.0,0,0,0.0,0,0,0.0,0,0,0
1,QUMOND,1.0,0.3,80,325110001,fitted_grid,fitted_prior,full66,uniform_white,1000,envelope_minus_baseline,0,0,0.0,0,0,0.0,0,0,0.0,0,0,0.0,0,0,0
1,QUMOND,1.0,0.3,80,325110001,fitted_grid,fitted_prior,full66,clustered_correlated,1000,envelope_minus_baseline,0,0,0.0,0,0,0.0,0,0,0.0,0,0,0.0,0,0,0
1,QUMOND,1.0,0.3,80,325110001,fitted_grid,fitted_prior,full66,sparse_floor,1000,envelope_minus_baseline,0,0,0.0,0,0,0.0,0,0,0.0,0,0,0.0,0,0,0
1,QUMOND,1.0,0.3,80,325110001,fitted_grid,fitted_prior,no_diagnostics66,uniform_white,1000,envelope_minus_baseline,0,0,0.0,0,0,0.0,0,0,0.0,0,0,0.0,0,0,0
1,QUMOND,1.0,0.3,80,325110001,fitted_grid,fitted_prior,no_diagnostics66,clustered_correlated,1000,envelope_minus_baseline,0,0,0.0,0,0,0.0,0,0,0.0,0,0,0.0,0,0,0
1,QUMOND,1.0,0.3,80,325110001,fitted_grid,fitted_prior,no_diagnostics66,sparse_floor,1000,envelope_minus_baseline,1,0,0.0010000000000000009,0,0,0.0,0,1,-0.001,1,0,0.0010000000000000009,1,0,0
1,QUMOND,1.0,0.3,80,325110001,fitted_grid,fitted_prior,full34,uniform_white,1000,envelope_minus_baseline,0,0,0.0,0,0,0.0,0,0,0.0,0,0,0.0,0,0,0
1,QUMOND,1.0,0.3,80,325110001,fitted_grid,fitted_prior,full34,clustered_correlated,1000,envelope_minus_baseline,1,1,0.0,0,0,0.0,1,1,0.0,1,0,0.0010000000000000009,1,0,1
1,QUMOND,1.0,0.3,80,325110001,fitted_grid,fitted_prior,full34,sparse_floor,1000,envelope_minus_baseline,0,0,0.0,0,0,0.0,0,0,0.0,0,0,0.0,0,0,0
1,QUMOND,1.0,0.3,80,325110001,fitted_grid,fitted_prior,covariates_only66,uniform_white,1000,envelope_minus_baseline,0,156,-0.15599999999999997,0,0,0.0,156,0,0.15600000000000003,0,0,0.0,0,0,156
1,QUMOND,1.0,0.3,80,325110001,fitted_grid,fitted_prior,covariates_only66,clustered_correlated,1000,envelope_minus_baseline,1,169,-0.16799999999999998,0,0,0.0,169,1,0.16799999999999993,1,0,0.0010000000000000009,1,0,169
1,QUMOND,1.0,0.3,80,325110001,fitted_grid,fitted_prior,covariates_only66,sparse_floor,1000,envelope_minus_baseline,0,171,-0.171,0,0,0.0,171,0,0.17100000000000004,0,0,0.0,0,0,171
1,QUMOND,1.0,0.3,80,325110001,fitted_grid,fitted_prior,conditional66,uniform_white,1000,envelope_minus_baseline,4,0,0.0040000000000000036,0,0,0.0,0,4,-0.004,4,0,0.0040000000000000036,4,0,0
1,QUMOND,1.0,0.3,80,325110001,fitted_grid,fitted_prior,conditional66,clustered_correlated,1000,envelope_minus_baseline,0,0,0.0,0,0,0.0,0,0,0.0,0,0,0.0,0,0,0
1,QUMOND,1.0,0.3,80,325110001,fitted_grid,fitted_prior,conditional66,sparse_floor,1000,envelope_minus_baseline,0,0,0.0,0,0,0.0,0,0,0.0,0,0,0.0,0,0,0
1,QUMOND,1.0,0.3,60,325111001,fitted_grid,outside_inner_prior,full66,uniform_white,1000,envelope_minus_baseline,0,0,0.0,0,0,0.0,0,0,0.0,0,0,0.0,0,0,0
1,QUMOND,1.0,0.3,60,325111001,fitted_grid,outside_inner_prior,full66,clustered_correlated,1000,envelope_minus_baseline,0,0,0.0,0,0,0.0,0,0,0.0,0,0,0.0,0,0,0
1,QUMOND,1.0,0.3,60,325111001,fitted_grid,outside_inner_prior,full66,sparse_floor,1000,envelope_minus_baseline,0,0,0.0,0,0,0.0,0,0,0.0,0,0,0.0,0,0,0
1,QUMOND,1.0,0.3,60,325111001,fitted_grid,outside_inner_prior,no_diagnostics66,uniform_white,1000,envelope_minus_baseline,0,0,0.0,0,0,0.0,0,0,0.0,0,0,0.0,0,0,0
1,QUMOND,1.0,0.3,60,325111001,fitted_grid,outside_inner_prior,no_diagnostics66,clustered_correlated,1000,envelope_minus_baseline,0,0,0.0,0,0,0.0,0,0,0.0,0,0,0.0,0,0,0
1,QUMOND,1.0,0.3,60,325111001,fitted_grid,outside_inner_prior,no_diagnostics66,sparse_floor,1000,envelope_minus_baseline,0,0,0.0,0,0,0.0,0,0,0.0,0,0,0.0,0,0,0
1,QUMOND,1.0,0.3,60,325111001,fitted_grid,outside_inner_prior,full34,uniform_white,1000,envelope_minus_baseline,0,1,-0.0010000000000000009,0,0,0.0,1,0,0.001,0,0,0.0,0,0,1
1,QUMOND,1.0,0.3,60,325111001,fitted_grid,outside_inner_prior,full34,clustered_correlated,1000,envelope_minus_baseline,0,2,-0.0020000000000000018,0,0,0.0,2,0,0.002,0,0,0.0,0,0,2
1,QUMOND,1.0,0.3,60,325111001,fitted_grid,outside_inner_prior,full34,sparse_floor,1000,envelope_minus_baseline,0,0,0.0,0,0,0.0,0,0,0.0,0,0,0.0,0,0,0
1,QUMOND,1.0,0.3,60,325111001,fitted_grid,outside_inner_prior,covariates_only66,uniform_white,1000,envelope_minus_baseline,0,161,-0.16100000000000003,0,0,0.0,161,0,0.16100000000000003,0,0,0.0,0,0,161
1,QUMOND,1.0,0.3,60,325111001,fitted_grid,outside_inner_prior,covariates_only66,clustered_correlated,1000,envelope_minus_baseline,1,199,-0.19799999999999998,0,1,-0.001,200,1,0.19900000000000007,2,0,0.0020000000000000018,1,0,199
1,QUMOND,1.0,0.3,60,325111001,fitted_grid,outside_inner_prior,covariates_only66,sparse_floor,1000,envelope_minus_baseline,0,206,-0.20600000000000002,0,0,0.0,206,0,0.20599999999999996,0,0,0.0,0,0,206
1,QUMOND,1.0,0.3,60,325111001,fitted_grid,outside_inner_prior,conditional66,uniform_white,1000,envelope_minus_baseline,0,0,0.0,0,0,0.0,0,0,0.0,0,0,0.0,0,0,0
1,QUMOND,1.0,0.3,60,325111001,fitted_grid,outside_inner_prior,conditional66,clustered_correlated,1000,envelope_minus_baseline,0,0,0.0,0,0,0.0,0,0,0.0,0,0,0.0,0,0,0
1,QUMOND,1.0,0.3,60,325111001,fitted_grid,outside_inner_prior,conditional66,sparse_floor,1000,envelope_minus_baseline,0,0,0.0,0,0,0.0,0,0,0.0,0,0,0.0,0,0,0
1,QUMOND,1.0,0.3,160,325112001,fitted_grid,outside_inner_prior,full66,uniform_white,1000,envelope_minus_baseline,0,0,0.0,0,0,0.0,0,0,0.0,0,0,0.0,0,0,0
1,QUMOND,1.0,0.3,160,325112001,fitted_grid,outside_inner_prior,full66,clustered_correlated,1000,envelope_minus_baseline,0,0,0.0,0,0,0.0,0,0,0.0,0,0,0.0,0,0,0
1,QUMOND,1.0,0.3,160,325112001,fitted_grid,outside_inner_prior,full66,sparse_floor,1000,envelope_minus_baseline,1,0,0.0010000000000000009,0,0,0.0,0,1,-0.001,1,0,0.0010000000000000009,1,0,0
1,QUMOND,1.0,0.3,160,325112001,fitted_grid,outside_inner_prior,no_diagnostics66,uniform_white,1000,envelope_minus_baseline,0,0,0.0,0,0,0.0,0,0,0.0,0,0,0.0,0,0,0
1,QUMOND,1.0,0.3,160,325112001,fitted_grid,outside_inner_prior,no_diagnostics66,clustered_correlated,1000,envelope_minus_baseline,0,0,0.0,0,0,0.0,0,0,0.0,0,0,0.0,0,0,0
1,QUMOND,1.0,0.3,160,325112001,fitted_grid,outside_inner_prior,no_diagnostics66,sparse_floor,1000,envelope_minus_baseline,2,0,0.0020000000000000018,0,0,0.0,0,2,-0.002,2,0,0.0020000000000000018,2,0,0
1,QUMOND,1.0,0.3,160,325112001,fitted_grid,outside_inner_prior,full34,uniform_white,1000,envelope_minus_baseline,0,0,0.0,0,0,0.0,0,0,0.0,0,0,0.0,0,0,0
1,QUMOND,1.0,0.3,160,325112001,fitted_grid,outside_inner_prior,full34,clustered_correlated,1000,envelope_minus_baseline,0,1,-0.0010000000000000009,0,0,0.0,1,0,0.001,0,0,0.0,0,0,1
1,QUMOND,1.0,0.3,160,325112001,fitted_grid,outside_inner_prior,full34,sparse_floor,1000,envelope_minus_baseline,0,0,0.0,0,0,0.0,0,0,0.0,0,0,0.0,0,0,0
1,QUMOND,1.0,0.3,160,325112001,fitted_grid,outside_inner_prior,covariates_only66,uniform_white,1000,envelope_minus_baseline,0,165,-0.16499999999999998,0,0,0.0,165,0,0.16500000000000004,0,0,0.0,0,0,165
1,QUMOND,1.0,0.3,160,325112001,fitted_grid,outside_inner_prior,covariates_only66,clustered_correlated,1000,envelope_minus_baseline,1,172,-0.17099999999999999,0,1,-0.001,173,1,0.17200000000000004,2,0,0.0020000000000000018,1,0,172
1,QUMOND,1.0,0.3,160,325112001,fitted_grid,outside_inner_prior,covariates_only66,sparse_floor,1000,envelope_minus_baseline,0,189,-0.189,0,0,0.0,189,0,0.18899999999999995,0,0,0.0,0,0,189
1,QUMOND,1.0,0.3,160,325112001,fitted_grid,outside_inner_prior,conditional66,uniform_white,1000,envelope_minus_baseline,0,0,0.0,0,0,0.0,0,0,0.0,0,0,0.0,0,0,0
1,QUMOND,1.0,0.3,160,325112001,fitted_grid,outside_inner_prior,conditional66,clustered_correlated,1000,envelope_minus_baseline,0,0,0.0,0,0,0.0,0,0,0.0,0,0,0.0,0,0,0
1,QUMOND,1.0,0.3,160,325112001,fitted_grid,outside_inner_prior,conditional66,sparse_floor,1000,envelope_minus_baseline,0,0,0.0,0,0,0.0,0,0,0.0,0,0,0.0,0,0,0
1,QUMOND,1.3,0.0,,325113001,fitted_grid,pure,full66,uniform_white,1000,envelope_minus_baseline,0,0,0.0,0,0,0.0,0,0,0.0,0,0,0.0,0,0,0
1,QUMOND,1.3,0.0,,325113001,fitted_grid,pure,full66,clustered_correlated,1000,envelope_minus_baseline,0,0,0.0,0,0,0.0,0,0,0.0,0,0,0.0,0,0,0
1,QUMOND,1.3,0.0,,325113001,fitted_grid,pure,full66,sparse_floor,1000,envelope_minus_baseline,0,0,0.0,0,0,0.0,0,0,0.0,0,0,0.0,0,0,0
1,QUMOND,1.3,0.0,,325113001,fitted_grid,pure,no_diagnostics66,uniform_white,1000,envelope_minus_baseline,0,0,0.0,0,0,0.0,0,0,0.0,0,0,0.0,0,0,0
1,QUMOND,1.3,0.0,,325113001,fitted_grid,pure,no_diagnostics66,clustered_correlated,1000,envelope_minus_baseline,0,0,0.0,0,0,0.0,0,0,0.0,0,0,0.0,0,0,0
1,QUMOND,1.3,0.0,,325113001,fitted_grid,pure,no_diagnostics66,sparse_floor,1000,envelope_minus_baseline,0,0,0.0,0,0,0.0,0,0,0.0,0,0,0.0,0,0,0
1,QUMOND,1.3,0.0,,325113001,fitted_grid,pure,full34,uniform_white,1000,envelope_minus_baseline,0,0,0.0,0,0,0.0,0,0,0.0,0,0,0.0,0,0,0
1,QUMOND,1.3,0.0,,325113001,fitted_grid,pure,full34,clustered_correlated,1000,envelope_minus_baseline,0,0,0.0,0,0,0.0,0,0,0.0,0,0,0.0,0,0,0
1,QUMOND,1.3,0.0,,325113001,fitted_grid,pure,full34,sparse_floor,1000,envelope_minus_baseline,0,0,0.0,0,0,0.0,0,0,0.0,0,0,0.0,0,0,0
1,QUMOND,1.3,0.0,,325113001,fitted_grid,pure,covariates_only66,uniform_white,1000,envelope_minus_baseline,0,3,-0.003,1,0,0.001,3,1,0.0020000000000000018,0,0,0.0,0,1,3
1,QUMOND,1.3,0.0,,325113001,fitted_grid,pure,covariates_only66,clustered_correlated,1000,envelope_minus_baseline,1,2,-0.001,0,0,0.0,2,1,0.0010000000000000009,1,0,0.0010000000000000009,1,0,2
1,QUMOND,1.3,0.0,,325113001,fitted_grid,pure,covariates_only66,sparse_floor,1000,envelope_minus_baseline,0,5,-0.005,0,1,-0.001,6,0,0.006000000000000005,1,0,0.0010000000000000009,0,0,5
1,QUMOND,1.3,0.0,,325113001,fitted_grid,pure,conditional66,uniform_white,1000,envelope_minus_baseline,0,0,0.0,0,0,0.0,0,0,0.0,0,0,0.0,0,0,0
1,QUMOND,1.3,0.0,,325113001,fitted_grid,pure,conditional66,clustered_correlated,1000,envelope_minus_baseline,0,0,0.0,0,0,0.0,0,0,0.0,0,0,0.0,0,0,0
1,QUMOND,1.3,0.0,,325113001,fitted_grid,pure,conditional66,sparse_floor,1000,envelope_minus_baseline,0,0,0.0,0,0,0.0,0,0,0.0,0,0,0.0,0,0,0
1,QUMOND,1.3,0.075,40,325114001,fitted_grid,fitted_prior,full66,uniform_white,1000,envelope_minus_baseline,0,0,0.0,0,0,0.0,0,0,0.0,0,0,0.0,0,0,0
1,QUMOND,1.3,0.075,40,325114001,fitted_grid,fitted_prior,full66,clustered_correlated,1000,envelope_minus_baseline,0,0,0.0,0,0,0.0,0,0,0.0,0,0,0.0,0,0,0
1,QUMOND,1.3,0.075,40,325114001,fitted_grid,fitted_prior,full66,sparse_floor,1000,envelope_minus_baseline,0,0,0.0,0,0,0.0,0,0,0.0,0,0,0.0,0,0,0
1,QUMOND,1.3,0.075,40,325114001,fitted_grid,fitted_prior,no_diagnostics66,uniform_white,1000,envelope_minus_baseline,0,0,0.0,0,0,0.0,0,0,0.0,0,0,0.0,0,0,0
1,QUMOND,1.3,0.075,40,325114001,fitted_grid,fitted_prior,no_diagnostics66,clustered_correlated,1000,envelope_minus_baseline,0,0,0.0,0,0,0.0,0,0,0.0,0,0,0.0,0,0,0
1,QUMOND,1.3,0.075,40,325114001,fitted_grid,fitted_prior,no_diagnostics66,sparse_floor,1000,envelope_minus_baseline,0,0,0.0,0,0,0.0,0,0,0.0,0,0,0.0,0,0,0
1,QUMOND,1.3,0.075,40,325114001,fitted_grid,fitted_prior,full34,uniform_white,1000,envelope_minus_baseline,0,0,0.0,0,0,0.0,0,0,0.0,0,0,0.0,0,0,0
1,QUMOND,1.3,0.075,40,325114001,fitted_grid,fitted_prior,full34,clustered_correlated,1000,envelope_minus_baseline,0,1,-0.0010000000000000009,0,0,0.0,1,0,0.001,0,0,0.0,0,0,1
1,QUMOND,1.3,0.075,40,325114001,fitted_grid,fitted_prior,full34,sparse_floor,1000,envelope_minus_baseline,0,0,0.0,0,0,0.0,0,0,0.0,0,0,0.0,0,0,0
1,QUMOND,1.3,0.075,40,325114001,fitted_grid,fitted_prior,covariates_only66,uniform_white,1000,envelope_minus_baseline,0,2,-0.002,0,1,-0.001,3,0,0.0030000000000000027,1,0,0.0010000000000000009,0,0,2
1,QUMOND,1.3,0.075,40,325114001,fitted_grid,fitted_prior,covariates_only66,clustered_correlated,1000,envelope_minus_baseline,0,7,-0.007,0,1,-0.001,8,0,0.008000000000000007,1,0,0.0010000000000000009,0,0,7
1,QUMOND,1.3,0.075,40,325114001,fitted_grid,fitted_prior,covariates_only66,sparse_floor,1000,envelope_minus_baseline,0,9,-0.009,0,0,0.0,9,0,0.009000000000000008,0,0,0.0,0,0,9
1,QUMOND,1.3,0.075,40,325114001,fitted_grid,fitted_prior,conditional66,uniform_white,1000,envelope_minus_baseline,0,0,0.0,0,0,0.0,0,0,0.0,0,0,0.0,0,0,0
1,QUMOND,1.3,0.075,40,325114001,fitted_grid,fitted_prior,conditional66,clustered_correlated,1000,envelope_minus_baseline,0,0,0.0,0,0,0.0,0,0,0.0,0,0,0.0,0,0,0
1,QUMOND,1.3,0.075,40,325114001,fitted_grid,fitted_prior,conditional66,sparse_floor,1000,envelope_minus_baseline,0,0,0.0,0,0,0.0,0,0,0.0,0,0,0.0,0,0,0
1,QUMOND,1.3,0.075,80,325115001,fitted_grid,fitted_prior,full66,uniform_white,1000,envelope_minus_baseline,0,0,0.0,0,0,0.0,0,0,0.0,0,0,0.0,0,0,0
1,QUMOND,1.3,0.075,80,325115001,fitted_grid,fitted_prior,full66,clustered_correlated,1000,envelope_minus_baseline,0,0,0.0,0,0,0.0,0,0,0.0,0,0,0.0,0,0,0
1,QUMOND,1.3,0.075,80,325115001,fitted_grid,fitted_prior,full66,sparse_floor,1000,envelope_minus_baseline,0,0,0.0,0,0,0.0,0,0,0.0,0,0,0.0,0,0,0
1,QUMOND,1.3,0.075,80,325115001,fitted_grid,fitted_prior,no_diagnostics66,uniform_white,1000,envelope_minus_baseline,0,0,0.0,0,0,0.0,0,0,0.0,0,0,0.0,0,0,0
1,QUMOND,1.3,0.075,80,325115001,fitted_grid,fitted_prior,no_diagnostics66,clustered_correlated,1000,envelope_minus_baseline,0,0,0.0,0,0,0.0,0,0,0.0,0,0,0.0,0,0,0
1,QUMOND,1.3,0.075,80,325115001,fitted_grid,fitted_prior,no_diagnostics66,sparse_floor,1000,envelope_minus_baseline,0,0,0.0,0,0,0.0,0,0,0.0,0,0,0.0,0,0,0
1,QUMOND,1.3,0.075,80,325115001,fitted_grid,fitted_prior,full34,uniform_white,1000,envelope_minus_baseline,0,0,0.0,0,0,0.0,0,0,0.0,0,0,0.0,0,0,0
1,QUMOND,1.3,0.075,80,325115001,fitted_grid,fitted_prior,full34,clustered_correlated,1000,envelope_minus_baseline,0,2,-0.0020000000000000018,0,0,0.0,2,0,0.002,0,0,0.0,0,0,2
1,QUMOND,1.3,0.075,80,325115001,fitted_grid,fitted_prior,full34,sparse_floor,1000,envelope_minus_baseline,0,0,0.0,0,0,0.0,0,0,0.0,0,0,0.0,0,0,0
1,QUMOND,1.3,0.075,80,325115001,fitted_grid,fitted_prior,covariates_only66,uniform_white,1000,envelope_minus_baseline,0,1,-0.001,0,0,0.0,1,0,0.0010000000000000009,0,0,0.0,0,0,1
1,QUMOND,1.3,0.075,80,325115001,fitted_grid,fitted_prior,covariates_only66,clustered_correlated,1000,envelope_minus_baseline,0,5,-0.005,0,2,-0.002,7,0,0.007000000000000006,2,0,0.0020000000000000018,0,0,5
1,QUMOND,1.3,0.075,80,325115001,fitted_grid,fitted_prior,covariates_only66,sparse_floor,1000,envelope_minus_baseline,0,4,-0.004,0,1,-0.001,5,0,0.0050000000000000044,1,0,0.0010000000000000009,0,0,4
1,QUMOND,1.3,0.075,80,325115001,fitted_grid,fitted_prior,conditional66,uniform_white,1000,envelope_minus_baseline,0,0,0.0,0,0,0.0,0,0,0.0,0,0,0.0,0,0,0
1,QUMOND,1.3,0.075,80,325115001,fitted_grid,fitted_prior,conditional66,clustered_correlated,1000,envelope_minus_baseline,0,0,0.0,0,0,0.0,0,0,0.0,0,0,0.0,0,0,0
1,QUMOND,1.3,0.075,80,325115001,fitted_grid,fitted_prior,conditional66,sparse_floor,1000,envelope_minus_baseline,0,0,0.0,0,0,0.0,0,0,0.0,0,0,0.0,0,0,0
1,QUMOND,1.3,0.075,60,325116001,fitted_grid,outside_inner_prior,full66,uniform_white,1000,envelope_minus_baseline,0,0,0.0,0,0,0.0,0,0,0.0,0,0,0.0,0,0,0
1,QUMOND,1.3,0.075,60,325116001,fitted_grid,outside_inner_prior,full66,clustered_correlated,1000,envelope_minus_baseline,0,0,0.0,0,0,0.0,0,0,0.0,0,0,0.0,0,0,0
1,QUMOND,1.3,0.075,60,325116001,fitted_grid,outside_inner_prior,full66,sparse_floor,1000,envelope_minus_baseline,0,0,0.0,0,0,0.0,0,0,0.0,0,0,0.0,0,0,0
1,QUMOND,1.3,0.075,60,325116001,fitted_grid,outside_inner_prior,no_diagnostics66,uniform_white,1000,envelope_minus_baseline,0,0,0.0,0,0,0.0,0,0,0.0,0,0,0.0,0,0,0
1,QUMOND,1.3,0.075,60,325116001,fitted_grid,outside_inner_prior,no_diagnostics66,clustered_correlated,1000,envelope_minus_baseline,0,0,0.0,0,0,0.0,0,0,0.0,0,0,0.0,0,0,0
1,QUMOND,1.3,0.075,60,325116001,fitted_grid,outside_inner_prior,no_diagnostics66,sparse_floor,1000,envelope_minus_baseline,0,0,0.0,0,0,0.0,0,0,0.0,0,0,0.0,0,0,0
1,QUMOND,1.3,0.075,60,325116001,fitted_grid,outside_inner_prior,full34,uniform_white,1000,envelope_minus_baseline,0,1,-0.0010000000000000009,0,0,0.0,1,0,0.001,0,0,0.0,0,0,1
1,QUMOND,1.3,0.075,60,325116001,fitted_grid,outside_inner_prior,full34,clustered_correlated,1000,envelope_minus_baseline,0,0,0.0,0,1,-0.001,1,0,0.001,1,0,0.0010000000000000009,0,0,0
1,QUMOND,1.3,0.075,60,325116001,fitted_grid,outside_inner_prior,full34,sparse_floor,1000,envelope_minus_baseline,0,0,0.0,0,0,0.0,0,0,0.0,0,0,0.0,0,0,0
1,QUMOND,1.3,0.075,60,325116001,fitted_grid,outside_inner_prior,covariates_only66,uniform_white,1000,envelope_minus_baseline,0,3,-0.003,0,0,0.0,3,0,0.0030000000000000027,0,0,0.0,0,0,3
1,QUMOND,1.3,0.075,60,325116001,fitted_grid,outside_inner_prior,covariates_only66,clustered_correlated,1000,envelope_minus_baseline,0,5,-0.005,0,1,-0.001,6,0,0.006000000000000005,1,0,0.0010000000000000009,0,0,5
1,QUMOND,1.3,0.075,60,325116001,fitted_grid,outside_inner_prior,covariates_only66,sparse_floor,1000,envelope_minus_baseline,0,7,-0.007,0,0,0.0,7,0,0.007000000000000006,0,0,0.0,0,0,7
1,QUMOND,1.3,0.075,60,325116001,fitted_grid,outside_inner_prior,conditional66,uniform_white,1000,envelope_minus_baseline,0,0,0.0,0,0,0.0,0,0,0.0,0,0,0.0,0,0,0
1,QUMOND,1.3,0.075,60,325116001,fitted_grid,outside_inner_prior,conditional66,clustered_correlated,1000,envelope_minus_baseline,0,0,0.0,0,0,0.0,0,0,0.0,0,0,0.0,0,0,0
1,QUMOND,1.3,0.075,60,325116001,fitted_grid,outside_inner_prior,conditional66,sparse_floor,1000,envelope_minus_baseline,0,0,0.0,0,0,0.0,0,0,0.0,0,0,0.0,0,0,0
1,QUMOND,1.3,0.075,160,325117001,fitted_grid,outside_inner_prior,full66,uniform_white,1000,envelope_minus_baseline,0,0,0.0,0,0,0.0,0,0,0.0,0,0,0.0,0,0,0
1,QUMOND,1.3,0.075,160,325117001,fitted_grid,outside_inner_prior,full66,clustered_correlated,1000,envelope_minus_baseline,0,0,0.0,0,0,0.0,0,0,0.0,0,0,0.0,0,0,0
1,QUMOND,1.3,0.075,160,325117001,fitted_grid,outside_inner_prior,full66,sparse_floor,1000,envelope_minus_baseline,0,0,0.0,0,0,0.0,0,0,0.0,0,0,0.0,0,0,0
1,QUMOND,1.3,0.075,160,325117001,fitted_grid,outside_inner_prior,no_diagnostics66,uniform_white,1000,envelope_minus_baseline,0,0,0.0,0,0,0.0,0,0,0.0,0,0,0.0,0,0,0
1,QUMOND,1.3,0.075,160,325117001,fitted_grid,outside_inner_prior,no_diagnostics66,clustered_correlated,1000,envelope_minus_baseline,0,0,0.0,0,0,0.0,0,0,0.0,0,0,0.0,0,0,0
1,QUMOND,1.3,0.075,160,325117001,fitted_grid,outside_inner_prior,no_diagnostics66,sparse_floor,1000,envelope_minus_baseline,0,0,0.0,0,0,0.0,0,0,0.0,0,0,0.0,0,0,0
1,QUMOND,1.3,0.075,160,325117001,fitted_grid,outside_inner_prior,full34,uniform_white,1000,envelope_minus_baseline,0,0,0.0,0,0,0.0,0,0,0.0,0,0,0.0,0,0,0
1,QUMOND,1.3,0.075,160,325117001,fitted_grid,outside_inner_prior,full34,clustered_correlated,1000,envelope_minus_baseline,0,0,0.0,0,0,0.0,0,0,0.0,0,0,0.0,0,0,0
1,QUMOND,1.3,0.075,160,325117001,fitted_grid,outside_inner_prior,full34,sparse_floor,1000,envelope_minus_baseline,0,0,0.0,0,0,0.0,0,0,0.0,0,0,0.0,0,0,0
1,QUMOND,1.3,0.075,160,325117001,fitted_grid,outside_inner_prior,covariates_only66,uniform_white,1000,envelope_minus_baseline,0,3,-0.003,0,0,0.0,3,0,0.0030000000000000027,0,0,0.0,0,0,3
1,QUMOND,1.3,0.075,160,325117001,fitted_grid,outside_inner_prior,covariates_only66,clustered_correlated,1000,envelope_minus_baseline,2,4,-0.002,1,0,0.001,4,3,0.0010000000000000009,2,0,0.0020000000000000018,2,1,4
1,QUMOND,1.3,0.075,160,325117001,fitted_grid,outside_inner_prior,covariates_only66,sparse_floor,1000,envelope_minus_baseline,0,3,-0.003,0,0,0.0,3,0,0.0030000000000000027,0,0,0.0,0,0,3
1,QUMOND,1.3,0.075,160,325117001,fitted_grid,outside_inner_prior,conditional66,uniform_white,1000,envelope_minus_baseline,0,0,0.0,0,0,0.0,0,0,0.0,0,0,0.0,0,0,0
1,QUMOND,1.3,0.075,160,325117001,fitted_grid,outside_inner_prior,conditional66,clustered_correlated,1000,envelope_minus_baseline,0,0,0.0,0,0,0.0,0,0,0.0,0,0,0.0,0,0,0
1,QUMOND,1.3,0.075,160,325117001,fitted_grid,outside_inner_prior,conditional66,sparse_floor,1000,envelope_minus_baseline,0,0,0.0,0,0,0.0,0,0,0.0,0,0,0.0,0,0,0
1,QUMOND,1.3,0.225,40,325118001,fitted_grid,fitted_prior,full66,uniform_white,1000,envelope_minus_baseline,0,0,0.0,0,0,0.0,0,0,0.0,0,0,0.0,0,0,0
1,QUMOND,1.3,0.225,40,325118001,fitted_grid,fitted_prior,full66,clustered_correlated,1000,envelope_minus_baseline,0,0,0.0,0,0,0.0,0,0,0.0,0,0,0.0,0,0,0
1,QUMOND,1.3,0.225,40,325118001,fitted_grid,fitted_prior,full66,sparse_floor,1000,envelope_minus_baseline,0,0,0.0,0,0,0.0,0,0,0.0,0,0,0.0,0,0,0
1,QUMOND,1.3,0.225,40,325118001,fitted_grid,fitted_prior,no_diagnostics66,uniform_white,1000,envelope_minus_baseline,0,0,0.0,0,0,0.0,0,0,0.0,0,0,0.0,0,0,0
1,QUMOND,1.3,0.225,40,325118001,fitted_grid,fitted_prior,no_diagnostics66,clustered_correlated,1000,envelope_minus_baseline,0,0,0.0,0,0,0.0,0,0,0.0,0,0,0.0,0,0,0
1,QUMOND,1.3,0.225,40,325118001,fitted_grid,fitted_prior,no_diagnostics66,sparse_floor,1000,envelope_minus_baseline,0,0,0.0,0,0,0.0,0,0,0.0,0,0,0.0,0,0,0
1,QUMOND,1.3,0.225,40,325118001,fitted_grid,fitted_prior,full34,uniform_white,1000,envelope_minus_baseline,0,0,0.0,0,0,0.0,0,0,0.0,0,0,0.0,0,0,0
1,QUMOND,1.3,0.225,40,325118001,fitted_grid,fitted_prior,full34,clustered_correlated,1000,envelope_minus_baseline,0,10,-0.010000000000000009,0,0,0.0,10,0,0.01,0,0,0.0,0,0,10
1,QUMOND,1.3,0.225,40,325118001,fitted_grid,fitted_prior,full34,sparse_floor,1000,envelope_minus_baseline,0,0,0.0,0,0,0.0,0,0,0.0,0,0,0.0,0,0,0
1,QUMOND,1.3,0.225,40,325118001,fitted_grid,fitted_prior,covariates_only66,uniform_white,1000,envelope_minus_baseline,0,8,-0.008,0,0,0.0,8,0,0.008000000000000007,0,0,0.0,0,0,8
1,QUMOND,1.3,0.225,40,325118001,fitted_grid,fitted_prior,covariates_only66,clustered_correlated,1000,envelope_minus_baseline,0,7,-0.007,0,0,0.0,7,0,0.007000000000000006,0,0,0.0,0,0,7
1,QUMOND,1.3,0.225,40,325118001,fitted_grid,fitted_prior,covariates_only66,sparse_floor,1000,envelope_minus_baseline,0,11,-0.011,0,0,0.0,11,0,0.01100000000000001,0,0,0.0,0,0,11
1,QUMOND,1.3,0.225,40,325118001,fitted_grid,fitted_prior,conditional66,uniform_white,1000,envelope_minus_baseline,0,0,0.0,0,0,0.0,0,0,0.0,0,0,0.0,0,0,0
1,QUMOND,1.3,0.225,40,325118001,fitted_grid,fitted_prior,conditional66,clustered_correlated,1000,envelope_minus_baseline,0,0,0.0,0,0,0.0,0,0,0.0,0,0,0.0,0,0,0
1,QUMOND,1.3,0.225,40,325118001,fitted_grid,fitted_prior,conditional66,sparse_floor,1000,envelope_minus_baseline,0,1,-0.0010000000000000009,0,0,0.0,1,0,0.001,0,0,0.0,0,0,1
1,QUMOND,1.3,0.225,80,325119001,fitted_grid,fitted_prior,full66,uniform_white,1000,envelope_minus_baseline,0,0,0.0,0,0,0.0,0,0,0.0,0,0,0.0,0,0,0
1,QUMOND,1.3,0.225,80,325119001,fitted_grid,fitted_prior,full66,clustered_correlated,1000,envelope_minus_baseline,0,0,0.0,0,0,0.0,0,0,0.0,0,0,0.0,0,0,0
1,QUMOND,1.3,0.225,80,325119001,fitted_grid,fitted_prior,full66,sparse_floor,1000,envelope_minus_baseline,0,0,0.0,0,0,0.0,0,0,0.0,0,0,0.0,0,0,0
1,QUMOND,1.3,0.225,80,325119001,fitted_grid,fitted_prior,no_diagnostics66,uniform_white,1000,envelope_minus_baseline,0,0,0.0,0,0,0.0,0,0,0.0,0,0,0.0,0,0,0
1,QUMOND,1.3,0.225,80,325119001,fitted_grid,fitted_prior,no_diagnostics66,clustered_correlated,1000,envelope_minus_baseline,0,0,0.0,0,0,0.0,0,0,0.0,0,0,0.0,0,0,0
1,QUMOND,1.3,0.225,80,325119001,fitted_grid,fitted_prior,no_diagnostics66,sparse_floor,1000,envelope_minus_baseline,0,0,0.0,0,0,0.0,0,0,0.0,0,0,0.0,0,0,0
1,QUMOND,1.3,0.225,80,325119001,fitted_grid,fitted_prior,full34,uniform_white,1000,envelope_minus_baseline,0,1,-0.0010000000000000009,0,0,0.0,1,0,0.001,0,0,0.0,0,0,1
1,QUMOND,1.3,0.225,80,325119001,fitted_grid,fitted_prior,full34,clustered_correlated,1000,envelope_minus_baseline,0,8,-0.008000000000000007,0,0,0.0,8,0,0.008,0,0,0.0,0,0,8
1,QUMOND,1.3,0.225,80,325119001,fitted_grid,fitted_prior,full34,sparse_floor,1000,envelope_minus_baseline,0,0,0.0,0,0,0.0,0,0,0.0,0,0,0.0,0,0,0
1,QUMOND,1.3,0.225,80,325119001,fitted_grid,fitted_prior,covariates_only66,uniform_white,1000,envelope_minus_baseline,0,3,-0.003,0,0,0.0,3,0,0.0030000000000000027,0,0,0.0,0,0,3
1,QUMOND,1.3,0.225,80,325119001,fitted_grid,fitted_prior,covariates_only66,clustered_correlated,1000,envelope_minus_baseline,0,2,-0.002,0,2,-0.002,4,0,0.0040000000000000036,2,0,0.0020000000000000018,0,0,2
1,QUMOND,1.3,0.225,80,325119001,fitted_grid,fitted_prior,covariates_only66,sparse_floor,1000,envelope_minus_baseline,0,6,-0.006,0,1,-0.001,7,0,0.007000000000000006,1,0,0.0010000000000000009,0,0,6
1,QUMOND,1.3,0.225,80,325119001,fitted_grid,fitted_prior,conditional66,uniform_white,1000,envelope_minus_baseline,0,0,0.0,0,0,0.0,0,0,0.0,0,0,0.0,0,0,0
1,QUMOND,1.3,0.225,80,325119001,fitted_grid,fitted_prior,conditional66,clustered_correlated,1000,envelope_minus_baseline,0,0,0.0,0,0,0.0,0,0,0.0,0,0,0.0,0,0,0
1,QUMOND,1.3,0.225,80,325119001,fitted_grid,fitted_prior,conditional66,sparse_floor,1000,envelope_minus_baseline,0,1,-0.0010000000000000009,0,0,0.0,1,0,0.001,0,0,0.0,0,0,1
1,QUMOND,1.3,0.225,60,325120001,fitted_grid,outside_inner_prior,full66,uniform_white,1000,envelope_minus_baseline,0,0,0.0,0,0,0.0,0,0,0.0,0,0,0.0,0,0,0
1,QUMOND,1.3,0.225,60,325120001,fitted_grid,outside_inner_prior,full66,clustered_correlated,1000,envelope_minus_baseline,0,0,0.0,0,0,0.0,0,0,0.0,0,0,0.0,0,0,0
1,QUMOND,1.3,0.225,60,325120001,fitted_grid,outside_inner_prior,full66,sparse_floor,1000,envelope_minus_baseline,0,0,0.0,0,0,0.0,0,0,0.0,0,0,0.0,0,0,0
1,QUMOND,1.3,0.225,60,325120001,fitted_grid,outside_inner_prior,no_diagnostics66,uniform_white,1000,envelope_minus_baseline,0,0,0.0,0,0,0.0,0,0,0.0,0,0,0.0,0,0,0
1,QUMOND,1.3,0.225,60,325120001,fitted_grid,outside_inner_prior,no_diagnostics66,clustered_correlated,1000,envelope_minus_baseline,1,0,0.0010000000000000009,0,0,0.0,0,1,-0.001,1,0,0.0010000000000000009,1,0,0
1,QUMOND,1.3,0.225,60,325120001,fitted_grid,outside_inner_prior,no_diagnostics66,sparse_floor,1000,envelope_minus_baseline,0,0,0.0,0,0,0.0,0,0,0.0,0,0,0.0,0,0,0
1,QUMOND,1.3,0.225,60,325120001,fitted_grid,outside_inner_prior,full34,uniform_white,1000,envelope_minus_baseline,0,5,-0.0050000000000000044,0,0,0.0,5,0,0.005,0,0,0.0,0,0,5
1,QUMOND,1.3,0.225,60,325120001,fitted_grid,outside_inner_prior,full34,clustered_correlated,1000,envelope_minus_baseline,0,6,-0.006000000000000005,0,0,0.0,6,0,0.006,0,0,0.0,0,0,6
1,QUMOND,1.3,0.225,60,325120001,fitted_grid,outside_inner_prior,full34,sparse_floor,1000,envelope_minus_baseline,0,0,0.0,0,0,0.0,0,0,0.0,0,0,0.0,0,0,0
1,QUMOND,1.3,0.225,60,325120001,fitted_grid,outside_inner_prior,covariates_only66,uniform_white,1000,envelope_minus_baseline,0,0,0.0,0,0,0.0,0,0,0.0,0,0,0.0,0,0,0
1,QUMOND,1.3,0.225,60,325120001,fitted_grid,outside_inner_prior,covariates_only66,clustered_correlated,1000,envelope_minus_baseline,0,1,-0.001,0,1,-0.001,2,0,0.0020000000000000018,1,0,0.0010000000000000009,0,0,1
1,QUMOND,1.3,0.225,60,325120001,fitted_grid,outside_inner_prior,covariates_only66,sparse_floor,1000,envelope_minus_baseline,0,5,-0.005,0,0,0.0,5,0,0.0050000000000000044,0,0,0.0,0,0,5
1,QUMOND,1.3,0.225,60,325120001,fitted_grid,outside_inner_prior,conditional66,uniform_white,1000,envelope_minus_baseline,0,0,0.0,0,0,0.0,0,0,0.0,0,0,0.0,0,0,0
1,QUMOND,1.3,0.225,60,325120001,fitted_grid,outside_inner_prior,conditional66,clustered_correlated,1000,envelope_minus_baseline,0,0,0.0,0,0,0.0,0,0,0.0,0,0,0.0,0,0,0
1,QUMOND,1.3,0.225,60,325120001,fitted_grid,outside_inner_prior,conditional66,sparse_floor,1000,envelope_minus_baseline,0,0,0.0,0,0,0.0,0,0,0.0,0,0,0.0,0,0,0
1,QUMOND,1.3,0.225,160,325121001,fitted_grid,outside_inner_prior,full66,uniform_white,1000,envelope_minus_baseline,0,0,0.0,0,0,0.0,0,0,0.0,0,0,0.0,0,0,0
1,QUMOND,1.3,0.225,160,325121001,fitted_grid,outside_inner_prior,full66,clustered_correlated,1000,envelope_minus_baseline,0,0,0.0,0,0,0.0,0,0,0.0,0,0,0.0,0,0,0
1,QUMOND,1.3,0.225,160,325121001,fitted_grid,outside_inner_prior,full66,sparse_floor,1000,envelope_minus_baseline,0,0,0.0,0,0,0.0,0,0,0.0,0,0,0.0,0,0,0
1,QUMOND,1.3,0.225,160,325121001,fitted_grid,outside_inner_prior,no_diagnostics66,uniform_white,1000,envelope_minus_baseline,0,0,0.0,0,0,0.0,0,0,0.0,0,0,0.0,0,0,0
1,QUMOND,1.3,0.225,160,325121001,fitted_grid,outside_inner_prior,no_diagnostics66,clustered_correlated,1000,envelope_minus_baseline,2,0,0.0020000000000000018,0,0,0.0,0,2,-0.002,2,0,0.0020000000000000018,2,0,0
1,QUMOND,1.3,0.225,160,325121001,fitted_grid,outside_inner_prior,no_diagnostics66,sparse_floor,1000,envelope_minus_baseline,0,0,0.0,0,0,0.0,0,0,0.0,0,0,0.0,0,0,0
1,QUMOND,1.3,0.225,160,325121001,fitted_grid,outside_inner_prior,full34,uniform_white,1000,envelope_minus_baseline,0,0,0.0,0,0,0.0,0,0,0.0,0,0,0.0,0,0,0
1,QUMOND,1.3,0.225,160,325121001,fitted_grid,outside_inner_prior,full34,clustered_correlated,1000,envelope_minus_baseline,0,7,-0.007000000000000006,0,0,0.0,7,0,0.006999999999999999,0,0,0.0,0,0,7
1,QUMOND,1.3,0.225,160,325121001,fitted_grid,outside_inner_prior,full34,sparse_floor,1000,envelope_minus_baseline,0,0,0.0,0,0,0.0,0,0,0.0,0,0,0.0,0,0,0
1,QUMOND,1.3,0.225,160,325121001,fitted_grid,outside_inner_prior,covariates_only66,uniform_white,1000,envelope_minus_baseline,0,2,-0.002,0,0,0.0,2,0,0.0020000000000000018,0,0,0.0,0,0,2
1,QUMOND,1.3,0.225,160,325121001,fitted_grid,outside_inner_prior,covariates_only66,clustered_correlated,1000,envelope_minus_baseline,0,4,-0.004,0,2,-0.002,6,0,0.006000000000000005,2,0,0.0020000000000000018,0,0,4
1,QUMOND,1.3,0.225,160,325121001,fitted_grid,outside_inner_prior,covariates_only66,sparse_floor,1000,envelope_minus_baseline,0,6,-0.006,0,0,0.0,6,0,0.006000000000000005,0,0,0.0,0,0,6
1,QUMOND,1.3,0.225,160,325121001,fitted_grid,outside_inner_prior,conditional66,uniform_white,1000,envelope_minus_baseline,0,0,0.0,0,0,0.0,0,0,0.0,0,0,0.0,0,0,0
1,QUMOND,1.3,0.225,160,325121001,fitted_grid,outside_inner_prior,conditional66,clustered_correlated,1000,envelope_minus_baseline,0,0,0.0,0,0,0.0,0,0,0.0,0,0,0.0,0,0,0
1,QUMOND,1.3,0.225,160,325121001,fitted_grid,outside_inner_prior,conditional66,sparse_floor,1000,envelope_minus_baseline,0,0,0.0,0,0,0.0,0,0,0.0,0,0,0.0,0,0,0
1,QUMOND,1.3,0.3,40,325122001,fitted_grid,fitted_prior,full66,uniform_white,1000,envelope_minus_baseline,0,0,0.0,0,0,0.0,0,0,0.0,0,0,0.0,0,0,0
1,QUMOND,1.3,0.3,40,325122001,fitted_grid,fitted_prior,full66,clustered_correlated,1000,envelope_minus_baseline,0,0,0.0,0,0,0.0,0,0,0.0,0,0,0.0,0,0,0
1,QUMOND,1.3,0.3,40,325122001,fitted_grid,fitted_prior,full66,sparse_floor,1000,envelope_minus_baseline,0,0,0.0,1,0,0.001,0,1,-0.001,0,0,0.0,0,1,0
1,QUMOND,1.3,0.3,40,325122001,fitted_grid,fitted_prior,no_diagnostics66,uniform_white,1000,envelope_minus_baseline,0,0,0.0,0,0,0.0,0,0,0.0,0,0,0.0,0,0,0
1,QUMOND,1.3,0.3,40,325122001,fitted_grid,fitted_prior,no_diagnostics66,clustered_correlated,1000,envelope_minus_baseline,1,0,0.0010000000000000009,0,0,0.0,0,1,-0.001,1,0,0.0010000000000000009,1,0,0
1,QUMOND,1.3,0.3,40,325122001,fitted_grid,fitted_prior,no_diagnostics66,sparse_floor,1000,envelope_minus_baseline,0,0,0.0,0,0,0.0,0,0,0.0,0,0,0.0,0,0,0
1,QUMOND,1.3,0.3,40,325122001,fitted_grid,fitted_prior,full34,uniform_white,1000,envelope_minus_baseline,0,5,-0.0050000000000000044,0,2,-0.002,7,0,0.007000000000000001,2,0,0.0020000000000000018,0,0,5
1,QUMOND,1.3,0.3,40,325122001,fitted_grid,fitted_prior,full34,clustered_correlated,1000,envelope_minus_baseline,0,16,-0.016000000000000014,0,1,-0.001,17,0,0.017,1,0,0.0010000000000000009,0,0,16
1,QUMOND,1.3,0.3,40,325122001,fitted_grid,fitted_prior,full34,sparse_floor,1000,envelope_minus_baseline,0,1,-0.0010000000000000009,0,0,0.0,1,0,0.0010000000000000009,0,0,0.0,0,0,1
1,QUMOND,1.3,0.3,40,325122001,fitted_grid,fitted_prior,covariates_only66,uniform_white,1000,envelope_minus_baseline,0,1,-0.001,0,0,0.0,1,0,0.0010000000000000009,0,0,0.0,0,0,1
1,QUMOND,1.3,0.3,40,325122001,fitted_grid,fitted_prior,covariates_only66,clustered_correlated,1000,envelope_minus_baseline,0,3,-0.003,0,2,-0.002,5,0,0.0050000000000000044,2,0,0.0020000000000000018,0,0,3
1,QUMOND,1.3,0.3,40,325122001,fitted_grid,fitted_prior,covariates_only66,sparse_floor,1000,envelope_minus_baseline,0,2,-0.002,0,0,0.0,2,0,0.0020000000000000018,0,0,0.0,0,0,2
1,QUMOND,1.3,0.3,40,325122001,fitted_grid,fitted_prior,conditional66,uniform_white,1000,envelope_minus_baseline,0,0,0.0,0,0,0.0,0,0,0.0,0,0,0.0,0,0,0
1,QUMOND,1.3,0.3,40,325122001,fitted_grid,fitted_prior,conditional66,clustered_correlated,1000,envelope_minus_baseline,0,0,0.0,0,0,0.0,0,0,0.0,0,0,0.0,0,0,0
1,QUMOND,1.3,0.3,40,325122001,fitted_grid,fitted_prior,conditional66,sparse_floor,1000,envelope_minus_baseline,0,0,0.0,0,0,0.0,0,0,0.0,0,0,0.0,0,0,0
1,QUMOND,1.3,0.3,80,325123001,fitted_grid,fitted_prior,full66,uniform_white,1000,envelope_minus_baseline,0,0,0.0,0,0,0.0,0,0,0.0,0,0,0.0,0,0,0
1,QUMOND,1.3,0.3,80,325123001,fitted_grid,fitted_prior,full66,clustered_correlated,1000,envelope_minus_baseline,0,0,0.0,0,0,0.0,0,0,0.0,0,0,0.0,0,0,0
1,QUMOND,1.3,0.3,80,325123001,fitted_grid,fitted_prior,full66,sparse_floor,1000,envelope_minus_baseline,0,0,0.0,1,0,0.001,0,1,-0.001,0,0,0.0,0,1,0
1,QUMOND,1.3,0.3,80,325123001,fitted_grid,fitted_prior,no_diagnostics66,uniform_white,1000,envelope_minus_baseline,0,0,0.0,0,0,0.0,0,0,0.0,0,0,0.0,0,0,0
1,QUMOND,1.3,0.3,80,325123001,fitted_grid,fitted_prior,no_diagnostics66,clustered_correlated,1000,envelope_minus_baseline,2,0,0.0020000000000000018,0,0,0.0,0,2,-0.002,2,0,0.0020000000000000018,2,0,0
1,QUMOND,1.3,0.3,80,325123001,fitted_grid,fitted_prior,no_diagnostics66,sparse_floor,1000,envelope_minus_baseline,0,0,0.0,0,0,0.0,0,0,0.0,0,0,0.0,0,0,0
1,QUMOND,1.3,0.3,80,325123001,fitted_grid,fitted_prior,full34,uniform_white,1000,envelope_minus_baseline,1,4,-0.0030000000000000027,0,0,0.0,4,1,0.003,1,0,0.0010000000000000009,1,0,4
1,QUMOND,1.3,0.3,80,325123001,fitted_grid,fitted_prior,full34,clustered_correlated,1000,envelope_minus_baseline,2,8,-0.006000000000000005,0,0,0.0,8,2,0.006,2,0,0.0020000000000000018,2,0,8
1,QUMOND,1.3,0.3,80,325123001,fitted_grid,fitted_prior,full34,sparse_floor,1000,envelope_minus_baseline,0,0,0.0,0,0,0.0,0,0,0.0,0,0,0.0,0,0,0
1,QUMOND,1.3,0.3,80,325123001,fitted_grid,fitted_prior,covariates_only66,uniform_white,1000,envelope_minus_baseline,0,4,-0.004,0,0,0.0,4,0,0.0040000000000000036,0,0,0.0,0,0,4
1,QUMOND,1.3,0.3,80,325123001,fitted_grid,fitted_prior,covariates_only66,clustered_correlated,1000,envelope_minus_baseline,0,2,-0.002,0,2,-0.002,4,0,0.0040000000000000036,2,0,0.0020000000000000018,0,0,2
1,QUMOND,1.3,0.3,80,325123001,fitted_grid,fitted_prior,covariates_only66,sparse_floor,1000,envelope_minus_baseline,0,8,-0.008,0,1,-0.001,9,0,0.009000000000000008,1,0,0.0010000000000000009,0,0,8
1,QUMOND,1.3,0.3,80,325123001,fitted_grid,fitted_prior,conditional66,uniform_white,1000,envelope_minus_baseline,0,0,0.0,0,0,0.0,0,0,0.0,0,0,0.0,0,0,0
1,QUMOND,1.3,0.3,80,325123001,fitted_grid,fitted_prior,conditional66,clustered_correlated,1000,envelope_minus_baseline,0,0,0.0,0,0,0.0,0,0,0.0,0,0,0.0,0,0,0
1,QUMOND,1.3,0.3,80,325123001,fitted_grid,fitted_prior,conditional66,sparse_floor,1000,envelope_minus_baseline,0,2,-0.0020000000000000018,0,0,0.0,2,0,0.002,0,0,0.0,0,0,2
1,QUMOND,1.3,0.3,60,325124001,fitted_grid,outside_inner_prior,full66,uniform_white,1000,envelope_minus_baseline,0,0,0.0,0,0,0.0,0,0,0.0,0,0,0.0,0,0,0
1,QUMOND,1.3,0.3,60,325124001,fitted_grid,outside_inner_prior,full66,clustered_correlated,1000,envelope_minus_baseline,0,0,0.0,0,0,0.0,0,0,0.0,0,0,0.0,0,0,0
1,QUMOND,1.3,0.3,60,325124001,fitted_grid,outside_inner_prior,full66,sparse_floor,1000,envelope_minus_baseline,0,0,0.0,0,0,0.0,0,0,0.0,0,0,0.0,0,0,0
1,QUMOND,1.3,0.3,60,325124001,fitted_grid,outside_inner_prior,no_diagnostics66,uniform_white,1000,envelope_minus_baseline,0,0,0.0,0,0,0.0,0,0,0.0,0,0,0.0,0,0,0
1,QUMOND,1.3,0.3,60,325124001,fitted_grid,outside_inner_prior,no_diagnostics66,clustered_correlated,1000,envelope_minus_baseline,1,0,0.0010000000000000009,0,0,0.0,0,1,-0.001,1,0,0.0010000000000000009,1,0,0
1,QUMOND,1.3,0.3,60,325124001,fitted_grid,outside_inner_prior,no_diagnostics66,sparse_floor,1000,envelope_minus_baseline,0,0,0.0,0,0,0.0,0,0,0.0,0,0,0.0,0,0,0
1,QUMOND,1.3,0.3,60,325124001,fitted_grid,outside_inner_prior,full34,uniform_white,1000,envelope_minus_baseline,0,1,-0.0010000000000000009,0,0,0.0,1,0,0.0010000000000000009,0,0,0.0,0,0,1
1,QUMOND,1.3,0.3,60,325124001,fitted_grid,outside_inner_prior,full34,clustered_correlated,1000,envelope_minus_baseline,0,12,-0.01200000000000001,0,0,0.0,12,0,0.012,0,0,0.0,0,0,12
1,QUMOND,1.3,0.3,60,325124001,fitted_grid,outside_inner_prior,full34,sparse_floor,1000,envelope_minus_baseline,0,0,0.0,0,0,0.0,0,0,0.0,0,0,0.0,0,0,0
1,QUMOND,1.3,0.3,60,325124001,fitted_grid,outside_inner_prior,covariates_only66,uniform_white,1000,envelope_minus_baseline,0,2,-0.002,0,0,0.0,2,0,0.0020000000000000018,0,0,0.0,0,0,2
1,QUMOND,1.3,0.3,60,325124001,fitted_grid,outside_inner_prior,covariates_only66,clustered_correlated,1000,envelope_minus_baseline,1,4,-0.003,0,0,0.0,4,1,0.0030000000000000027,2,0,0.0020000000000000018,1,0,4
1,QUMOND,1.3,0.3,60,325124001,fitted_grid,outside_inner_prior,covariates_only66,sparse_floor,1000,envelope_minus_baseline,0,7,-0.006999999999999999,0,0,0.0,7,0,0.007000000000000006,0,0,0.0,0,0,7
1,QUMOND,1.3,0.3,60,325124001,fitted_grid,outside_inner_prior,conditional66,uniform_white,1000,envelope_minus_baseline,0,0,0.0,0,0,0.0,0,0,0.0,0,0,0.0,0,0,0
1,QUMOND,1.3,0.3,60,325124001,fitted_grid,outside_inner_prior,conditional66,clustered_correlated,1000,envelope_minus_baseline,0,0,0.0,0,0,0.0,0,0,0.0,0,0,0.0,0,0,0
1,QUMOND,1.3,0.3,60,325124001,fitted_grid,outside_inner_prior,conditional66,sparse_floor,1000,envelope_minus_baseline,0,1,-0.0010000000000000009,0,0,0.0,1,0,0.001,0,0,0.0,0,0,1
1,QUMOND,1.3,0.3,160,325125001,fitted_grid,outside_inner_prior,full66,uniform_white,1000,envelope_minus_baseline,0,0,0.0,0,0,0.0,0,0,0.0,0,0,0.0,0,0,0
1,QUMOND,1.3,0.3,160,325125001,fitted_grid,outside_inner_prior,full66,clustered_correlated,1000,envelope_minus_baseline,0,0,0.0,0,0,0.0,0,0,0.0,0,0,0.0,0,0,0
1,QUMOND,1.3,0.3,160,325125001,fitted_grid,outside_inner_prior,full66,sparse_floor,1000,envelope_minus_baseline,0,0,0.0,0,0,0.0,0,0,0.0,0,0,0.0,0,0,0
1,QUMOND,1.3,0.3,160,325125001,fitted_grid,outside_inner_prior,no_diagnostics66,uniform_white,1000,envelope_minus_baseline,0,0,0.0,0,0,0.0,0,0,0.0,0,0,0.0,0,0,0
1,QUMOND,1.3,0.3,160,325125001,fitted_grid,outside_inner_prior,no_diagnostics66,clustered_correlated,1000,envelope_minus_baseline,1,0,0.0010000000000000009,0,0,0.0,0,1,-0.001,1,0,0.0010000000000000009,1,0,0
1,QUMOND,1.3,0.3,160,325125001,fitted_grid,outside_inner_prior,no_diagnostics66,sparse_floor,1000,envelope_minus_baseline,0,0,0.0,0,0,0.0,0,0,0.0,0,0,0.0,0,0,0
1,QUMOND,1.3,0.3,160,325125001,fitted_grid,outside_inner_prior,full34,uniform_white,1000,envelope_minus_baseline,0,3,-0.0030000000000000027,0,0,0.0,3,0,0.003,0,0,0.0,0,0,3
1,QUMOND,1.3,0.3,160,325125001,fitted_grid,outside_inner_prior,full34,clustered_correlated,1000,envelope_minus_baseline,2,10,-0.008000000000000007,0,0,0.0,10,2,0.008,2,0,0.0020000000000000018,2,0,10
1,QUMOND,1.3,0.3,160,325125001,fitted_grid,outside_inner_prior,full34,sparse_floor,1000,envelope_minus_baseline,0,1,-0.0010000000000000009,0,0,0.0,1,0,0.0010000000000000009,0,0,0.0,0,0,1
1,QUMOND,1.3,0.3,160,325125001,fitted_grid,outside_inner_prior,covariates_only66,uniform_white,1000,envelope_minus_baseline,0,5,-0.005,0,1,-0.001,6,0,0.006000000000000005,1,0,0.0010000000000000009,0,0,5
1,QUMOND,1.3,0.3,160,325125001,fitted_grid,outside_inner_prior,covariates_only66,clustered_correlated,1000,envelope_minus_baseline,0,5,-0.005,0,2,-0.002,7,0,0.007000000000000006,2,0,0.0020000000000000018,0,0,5
1,QUMOND,1.3,0.3,160,325125001,fitted_grid,outside_inner_prior,covariates_only66,sparse_floor,1000,envelope_minus_baseline,0,7,-0.007,1,2,-0.001,9,1,0.008000000000000007,2,0,0.0020000000000000018,0,1,7
1,QUMOND,1.3,0.3,160,325125001,fitted_grid,outside_inner_prior,conditional66,uniform_white,1000,envelope_minus_baseline,0,0,0.0,0,0,0.0,0,0,0.0,0,0,0.0,0,0,0
1,QUMOND,1.3,0.3,160,325125001,fitted_grid,outside_inner_prior,conditional66,clustered_correlated,1000,envelope_minus_baseline,0,0,0.0,0,0,0.0,0,0,0.0,0,0,0.0,0,0,0
1,QUMOND,1.3,0.3,160,325125001,fitted_grid,outside_inner_prior,conditional66,sparse_floor,1000,envelope_minus_baseline,0,0,0.0,0,0,0.0,0,0,0.0,0,0,0.0,0,0,0
1,QUMOND,1.6,0.0,,325126001,fitted_grid,pure,full66,uniform_white,1000,envelope_minus_baseline,0,0,0.0,0,0,0.0,0,0,0.0,0,0,0.0,0,0,0
1,QUMOND,1.6,0.0,,325126001,fitted_grid,pure,full66,clustered_correlated,1000,envelope_minus_baseline,0,0,0.0,0,0,0.0,0,0,0.0,0,0,0.0,0,0,0
1,QUMOND,1.6,0.0,,325126001,fitted_grid,pure,full66,sparse_floor,1000,envelope_minus_baseline,0,0,0.0,0,0,0.0,0,0,0.0,0,0,0.0,0,0,0
1,QUMOND,1.6,0.0,,325126001,fitted_grid,pure,no_diagnostics66,uniform_white,1000,envelope_minus_baseline,0,0,0.0,0,0,0.0,0,0,0.0,0,0,0.0,0,0,0
1,QUMOND,1.6,0.0,,325126001,fitted_grid,pure,no_diagnostics66,clustered_correlated,1000,envelope_minus_baseline,0,0,0.0,0,0,0.0,0,0,0.0,0,0,0.0,0,0,0
1,QUMOND,1.6,0.0,,325126001,fitted_grid,pure,no_diagnostics66,sparse_floor,1000,envelope_minus_baseline,0,0,0.0,0,0,0.0,0,0,0.0,0,0,0.0,0,0,0
1,QUMOND,1.6,0.0,,325126001,fitted_grid,pure,full34,uniform_white,1000,envelope_minus_baseline,0,0,0.0,0,0,0.0,0,0,0.0,0,0,0.0,0,0,0
1,QUMOND,1.6,0.0,,325126001,fitted_grid,pure,full34,clustered_correlated,1000,envelope_minus_baseline,0,0,0.0,0,0,0.0,0,0,0.0,0,0,0.0,0,0,0
1,QUMOND,1.6,0.0,,325126001,fitted_grid,pure,full34,sparse_floor,1000,envelope_minus_baseline,0,0,0.0,0,0,0.0,0,0,0.0,0,0,0.0,0,0,0
1,QUMOND,1.6,0.0,,325126001,fitted_grid,pure,covariates_only66,uniform_white,1000,envelope_minus_baseline,0,2,-0.002,0,0,0.0,2,0,0.0020000000000000018,0,0,0.0,0,0,2
1,QUMOND,1.6,0.0,,325126001,fitted_grid,pure,covariates_only66,clustered_correlated,1000,envelope_minus_baseline,0,7,-0.007,0,2,-0.002,9,0,0.009000000000000008,2,0,0.0020000000000000018,0,0,7
1,QUMOND,1.6,0.0,,325126001,fitted_grid,pure,covariates_only66,sparse_floor,1000,envelope_minus_baseline,0,5,-0.005,0,3,-0.003000000000000001,8,0,0.008000000000000007,3,0,0.0030000000000000027,0,0,5
1,QUMOND,1.6,0.0,,325126001,fitted_grid,pure,conditional66,uniform_white,1000,envelope_minus_baseline,0,0,0.0,0,0,0.0,0,0,0.0,0,0,0.0,0,0,0
1,QUMOND,1.6,0.0,,325126001,fitted_grid,pure,conditional66,clustered_correlated,1000,envelope_minus_baseline,0,0,0.0,0,0,0.0,0,0,0.0,0,0,0.0,0,0,0
1,QUMOND,1.6,0.0,,325126001,fitted_grid,pure,conditional66,sparse_floor,1000,envelope_minus_baseline,0,0,0.0,0,0,0.0,0,0,0.0,0,0,0.0,0,0,0
1,QUMOND,1.6,0.075,40,325127001,fitted_grid,fitted_prior,full66,uniform_white,1000,envelope_minus_baseline,0,0,0.0,0,0,0.0,0,0,0.0,0,0,0.0,0,0,0
1,QUMOND,1.6,0.075,40,325127001,fitted_grid,fitted_prior,full66,clustered_correlated,1000,envelope_minus_baseline,0,0,0.0,0,0,0.0,0,0,0.0,0,0,0.0,0,0,0
1,QUMOND,1.6,0.075,40,325127001,fitted_grid,fitted_prior,full66,sparse_floor,1000,envelope_minus_baseline,0,0,0.0,0,0,0.0,0,0,0.0,0,0,0.0,0,0,0
1,QUMOND,1.6,0.075,40,325127001,fitted_grid,fitted_prior,no_diagnostics66,uniform_white,1000,envelope_minus_baseline,0,0,0.0,0,0,0.0,0,0,0.0,0,0,0.0,0,0,0
1,QUMOND,1.6,0.075,40,325127001,fitted_grid,fitted_prior,no_diagnostics66,clustered_correlated,1000,envelope_minus_baseline,0,0,0.0,0,0,0.0,0,0,0.0,0,0,0.0,0,0,0
1,QUMOND,1.6,0.075,40,325127001,fitted_grid,fitted_prior,no_diagnostics66,sparse_floor,1000,envelope_minus_baseline,0,0,0.0,0,0,0.0,0,0,0.0,0,0,0.0,0,0,0
1,QUMOND,1.6,0.075,40,325127001,fitted_grid,fitted_prior,full34,uniform_white,1000,envelope_minus_baseline,0,0,0.0,0,0,0.0,0,0,0.0,0,0,0.0,0,0,0
1,QUMOND,1.6,0.075,40,325127001,fitted_grid,fitted_prior,full34,clustered_correlated,1000,envelope_minus_baseline,0,4,-0.0040000000000000036,0,0,0.0,4,0,0.004,0,0,0.0,0,0,4
1,QUMOND,1.6,0.075,40,325127001,fitted_grid,fitted_prior,full34,sparse_floor,1000,envelope_minus_baseline,0,0,0.0,0,0,0.0,0,0,0.0,0,0,0.0,0,0,0
1,QUMOND,1.6,0.075,40,325127001,fitted_grid,fitted_prior,covariates_only66,uniform_white,1000,envelope_minus_baseline,0,3,-0.003,0,0,0.0,3,0,0.0030000000000000027,0,0,0.0,0,0,3
1,QUMOND,1.6,0.075,40,325127001,fitted_grid,fitted_prior,covariates_only66,clustered_correlated,1000,envelope_minus_baseline,0,3,-0.003,0,3,-0.002999999999999999,6,0,0.006000000000000005,3,0,0.0030000000000000027,0,0,3
1,QUMOND,1.6,0.075,40,325127001,fitted_grid,fitted_prior,covariates_only66,sparse_floor,1000,envelope_minus_baseline,0,8,-0.008,0,2,-0.002,10,0,0.010000000000000009,2,0,0.0020000000000000018,0,0,8
1,QUMOND,1.6,0.075,40,325127001,fitted_grid,fitted_prior,conditional66,uniform_white,1000,envelope_minus_baseline,0,0,0.0,0,0,0.0,0,0,0.0,0,0,0.0,0,0,0
1,QUMOND,1.6,0.075,40,325127001,fitted_grid,fitted_prior,conditional66,clustered_correlated,1000,envelope_minus_baseline,0,0,0.0,0,0,0.0,0,0,0.0,0,0,0.0,0,0,0
1,QUMOND,1.6,0.075,40,325127001,fitted_grid,fitted_prior,conditional66,sparse_floor,1000,envelope_minus_baseline,0,1,-0.0010000000000000009,0,0,0.0,1,0,0.001,0,0,0.0,0,0,1
1,QUMOND,1.6,0.075,80,325128001,fitted_grid,fitted_prior,full66,uniform_white,1000,envelope_minus_baseline,0,0,0.0,0,0,0.0,0,0,0.0,0,0,0.0,0,0,0
1,QUMOND,1.6,0.075,80,325128001,fitted_grid,fitted_prior,full66,clustered_correlated,1000,envelope_minus_baseline,0,0,0.0,0,0,0.0,0,0,0.0,0,0,0.0,0,0,0
1,QUMOND,1.6,0.075,80,325128001,fitted_grid,fitted_prior,full66,sparse_floor,1000,envelope_minus_baseline,0,0,0.0,0,0,0.0,0,0,0.0,0,0,0.0,0,0,0
1,QUMOND,1.6,0.075,80,325128001,fitted_grid,fitted_prior,no_diagnostics66,uniform_white,1000,envelope_minus_baseline,0,0,0.0,0,0,0.0,0,0,0.0,0,0,0.0,0,0,0
1,QUMOND,1.6,0.075,80,325128001,fitted_grid,fitted_prior,no_diagnostics66,clustered_correlated,1000,envelope_minus_baseline,0,0,0.0,0,0,0.0,0,0,0.0,0,0,0.0,0,0,0
1,QUMOND,1.6,0.075,80,325128001,fitted_grid,fitted_prior,no_diagnostics66,sparse_floor,1000,envelope_minus_baseline,0,0,0.0,0,0,0.0,0,0,0.0,0,0,0.0,0,0,0
1,QUMOND,1.6,0.075,80,325128001,fitted_grid,fitted_prior,full34,uniform_white,1000,envelope_minus_baseline,0,0,0.0,0,0,0.0,0,0,0.0,0,0,0.0,0,0,0
1,QUMOND,1.6,0.075,80,325128001,fitted_grid,fitted_prior,full34,clustered_correlated,1000,envelope_minus_baseline,0,1,-0.0010000000000000009,0,0,0.0,1,0,0.001,0,0,0.0,0,0,1
1,QUMOND,1.6,0.075,80,325128001,fitted_grid,fitted_prior,full34,sparse_floor,1000,envelope_minus_baseline,0,0,0.0,0,0,0.0,0,0,0.0,0,0,0.0,0,0,0
1,QUMOND,1.6,0.075,80,325128001,fitted_grid,fitted_prior,covariates_only66,uniform_white,1000,envelope_minus_baseline,0,5,-0.005,0,2,-0.002,7,0,0.007000000000000006,2,0,0.0020000000000000018,0,0,5
1,QUMOND,1.6,0.075,80,325128001,fitted_grid,fitted_prior,covariates_only66,clustered_correlated,1000,envelope_minus_baseline,0,9,-0.009,0,2,-0.002,11,0,0.01100000000000001,2,0,0.0020000000000000018,0,0,9
1,QUMOND,1.6,0.075,80,325128001,fitted_grid,fitted_prior,covariates_only66,sparse_floor,1000,envelope_minus_baseline,0,9,-0.009,1,1,0.0,10,1,0.009000000000000008,1,0,0.0010000000000000009,0,1,9
1,QUMOND,1.6,0.075,80,325128001,fitted_grid,fitted_prior,conditional66,uniform_white,1000,envelope_minus_baseline,0,0,0.0,0,0,0.0,0,0,0.0,0,0,0.0,0,0,0
1,QUMOND,1.6,0.075,80,325128001,fitted_grid,fitted_prior,conditional66,clustered_correlated,1000,envelope_minus_baseline,0,0,0.0,0,0,0.0,0,0,0.0,0,0,0.0,0,0,0
1,QUMOND,1.6,0.075,80,325128001,fitted_grid,fitted_prior,conditional66,sparse_floor,1000,envelope_minus_baseline,0,0,0.0,0,0,0.0,0,0,0.0,0,0,0.0,0,0,0
1,QUMOND,1.6,0.075,60,325129001,fitted_grid,outside_inner_prior,full66,uniform_white,1000,envelope_minus_baseline,0,0,0.0,0,0,0.0,0,0,0.0,0,0,0.0,0,0,0
1,QUMOND,1.6,0.075,60,325129001,fitted_grid,outside_inner_prior,full66,clustered_correlated,1000,envelope_minus_baseline,0,0,0.0,0,0,0.0,0,0,0.0,0,0,0.0,0,0,0
1,QUMOND,1.6,0.075,60,325129001,fitted_grid,outside_inner_prior,full66,sparse_floor,1000,envelope_minus_baseline,0,0,0.0,0,0,0.0,0,0,0.0,0,0,0.0,0,0,0
1,QUMOND,1.6,0.075,60,325129001,fitted_grid,outside_inner_prior,no_diagnostics66,uniform_white,1000,envelope_minus_baseline,0,0,0.0,0,0,0.0,0,0,0.0,0,0,0.0,0,0,0
1,QUMOND,1.6,0.075,60,325129001,fitted_grid,outside_inner_prior,no_diagnostics66,clustered_correlated,1000,envelope_minus_baseline,1,0,0.0010000000000000009,0,0,0.0,0,1,-0.001,1,0,0.0010000000000000009,1,0,0
1,QUMOND,1.6,0.075,60,325129001,fitted_grid,outside_inner_prior,no_diagnostics66,sparse_floor,1000,envelope_minus_baseline,0,0,0.0,0,0,0.0,0,0,0.0,0,0,0.0,0,0,0
1,QUMOND,1.6,0.075,60,325129001,fitted_grid,outside_inner_prior,full34,uniform_white,1000,envelope_minus_baseline,0,0,0.0,0,0,0.0,0,0,0.0,0,0,0.0,0,0,0
1,QUMOND,1.6,0.075,60,325129001,fitted_grid,outside_inner_prior,full34,clustered_correlated,1000,envelope_minus_baseline,0,3,-0.0030000000000000027,0,0,0.0,3,0,0.003,0,0,0.0,0,0,3
1,QUMOND,1.6,0.075,60,325129001,fitted_grid,outside_inner_prior,full34,sparse_floor,1000,envelope_minus_baseline,0,0,0.0,0,0,0.0,0,0,0.0,0,0,0.0,0,0,0
1,QUMOND,1.6,0.075,60,325129001,fitted_grid,outside_inner_prior,covariates_only66,uniform_white,1000,envelope_minus_baseline,0,0,0.0,0,2,-0.002,2,0,0.0020000000000000018,2,0,0.0020000000000000018,0,0,0
1,QUMOND,1.6,0.075,60,325129001,fitted_grid,outside_inner_prior,covariates_only66,clustered_correlated,1000,envelope_minus_baseline,0,2,-0.002,0,2,-0.002,4,0,0.0040000000000000036,2,0,0.0020000000000000018,0,0,2
1,QUMOND,1.6,0.075,60,325129001,fitted_grid,outside_inner_prior,covariates_only66,sparse_floor,1000,envelope_minus_baseline,0,8,-0.008,0,3,-0.002999999999999999,11,0,0.01100000000000001,3,0,0.0030000000000000027,0,0,8
1,QUMOND,1.6,0.075,60,325129001,fitted_grid,outside_inner_prior,conditional66,uniform_white,1000,envelope_minus_baseline,0,0,0.0,0,0,0.0,0,0,0.0,0,0,0.0,0,0,0
1,QUMOND,1.6,0.075,60,325129001,fitted_grid,outside_inner_prior,conditional66,clustered_correlated,1000,envelope_minus_baseline,0,0,0.0,0,0,0.0,0,0,0.0,0,0,0.0,0,0,0
1,QUMOND,1.6,0.075,60,325129001,fitted_grid,outside_inner_prior,conditional66,sparse_floor,1000,envelope_minus_baseline,0,1,-0.0010000000000000009,0,0,0.0,1,0,0.001,0,0,0.0,0,0,1
1,QUMOND,1.6,0.075,160,325130001,fitted_grid,outside_inner_prior,full66,uniform_white,1000,envelope_minus_baseline,0,0,0.0,0,0,0.0,0,0,0.0,0,0,0.0,0,0,0
1,QUMOND,1.6,0.075,160,325130001,fitted_grid,outside_inner_prior,full66,clustered_correlated,1000,envelope_minus_baseline,0,0,0.0,0,0,0.0,0,0,0.0,0,0,0.0,0,0,0
1,QUMOND,1.6,0.075,160,325130001,fitted_grid,outside_inner_prior,full66,sparse_floor,1000,envelope_minus_baseline,0,0,0.0,0,0,0.0,0,0,0.0,0,0,0.0,0,0,0
1,QUMOND,1.6,0.075,160,325130001,fitted_grid,outside_inner_prior,no_diagnostics66,uniform_white,1000,envelope_minus_baseline,0,0,0.0,0,0,0.0,0,0,0.0,0,0,0.0,0,0,0
1,QUMOND,1.6,0.075,160,325130001,fitted_grid,outside_inner_prior,no_diagnostics66,clustered_correlated,1000,envelope_minus_baseline,2,0,0.0020000000000000018,0,0,0.0,0,2,-0.002,2,0,0.0020000000000000018,2,0,0
1,QUMOND,1.6,0.075,160,325130001,fitted_grid,outside_inner_prior,no_diagnostics66,sparse_floor,1000,envelope_minus_baseline,0,0,0.0,0,0,0.0,0,0,0.0,0,0,0.0,0,0,0
1,QUMOND,1.6,0.075,160,325130001,fitted_grid,outside_inner_prior,full34,uniform_white,1000,envelope_minus_baseline,0,0,0.0,0,0,0.0,0,0,0.0,0,0,0.0,0,0,0
1,QUMOND,1.6,0.075,160,325130001,fitted_grid,outside_inner_prior,full34,clustered_correlated,1000,envelope_minus_baseline,0,6,-0.006000000000000005,0,0,0.0,6,0,0.005999999999999999,0,0,0.0,0,0,6
1,QUMOND,1.6,0.075,160,325130001,fitted_grid,outside_inner_prior,full34,sparse_floor,1000,envelope_minus_baseline,0,0,0.0,0,0,0.0,0,0,0.0,0,0,0.0,0,0,0
1,QUMOND,1.6,0.075,160,325130001,fitted_grid,outside_inner_prior,covariates_only66,uniform_white,1000,envelope_minus_baseline,0,1,-0.001,0,1,-0.0009999999999999992,2,0,0.0020000000000000018,1,0,0.0010000000000000009,0,0,1
1,QUMOND,1.6,0.075,160,325130001,fitted_grid,outside_inner_prior,covariates_only66,clustered_correlated,1000,envelope_minus_baseline,0,3,-0.003,0,2,-0.001999999999999999,5,0,0.0050000000000000044,2,0,0.0020000000000000018,0,0,3
1,QUMOND,1.6,0.075,160,325130001,fitted_grid,outside_inner_prior,covariates_only66,sparse_floor,1000,envelope_minus_baseline,0,6,-0.006,0,0,0.0,6,0,0.006000000000000005,0,0,0.0,0,0,6
1,QUMOND,1.6,0.075,160,325130001,fitted_grid,outside_inner_prior,conditional66,uniform_white,1000,envelope_minus_baseline,0,0,0.0,0,0,0.0,0,0,0.0,0,0,0.0,0,0,0
1,QUMOND,1.6,0.075,160,325130001,fitted_grid,outside_inner_prior,conditional66,clustered_correlated,1000,envelope_minus_baseline,0,0,0.0,0,0,0.0,0,0,0.0,0,0,0.0,0,0,0
1,QUMOND,1.6,0.075,160,325130001,fitted_grid,outside_inner_prior,conditional66,sparse_floor,1000,envelope_minus_baseline,0,0,0.0,0,0,0.0,0,0,0.0,0,0,0.0,0,0,0
1,QUMOND,1.6,0.225,40,325131001,fitted_grid,fitted_prior,full66,uniform_white,1000,envelope_minus_baseline,0,0,0.0,0,0,0.0,0,0,0.0,0,0,0.0,0,0,0
1,QUMOND,1.6,0.225,40,325131001,fitted_grid,fitted_prior,full66,clustered_correlated,1000,envelope_minus_baseline,0,0,0.0,0,0,0.0,0,0,0.0,0,0,0.0,0,0,0
1,QUMOND,1.6,0.225,40,325131001,fitted_grid,fitted_prior,full66,sparse_floor,1000,envelope_minus_baseline,0,0,0.0,0,0,0.0,0,0,0.0,0,0,0.0,0,0,0
1,QUMOND,1.6,0.225,40,325131001,fitted_grid,fitted_prior,no_diagnostics66,uniform_white,1000,envelope_minus_baseline,0,0,0.0,0,0,0.0,0,0,0.0,0,0,0.0,0,0,0
1,QUMOND,1.6,0.225,40,325131001,fitted_grid,fitted_prior,no_diagnostics66,clustered_correlated,1000,envelope_minus_baseline,4,0,0.0040000000000000036,0,0,0.0,0,4,-0.004,4,0,0.0040000000000000036,4,0,0
1,QUMOND,1.6,0.225,40,325131001,fitted_grid,fitted_prior,no_diagnostics66,sparse_floor,1000,envelope_minus_baseline,0,0,0.0,0,0,0.0,0,0,0.0,0,0,0.0,0,0,0
1,QUMOND,1.6,0.225,40,325131001,fitted_grid,fitted_prior,full34,uniform_white,1000,envelope_minus_baseline,0,4,-0.0040000000000000036,0,0,0.0,4,0,0.004,0,0,0.0,0,0,4
1,QUMOND,1.6,0.225,40,325131001,fitted_grid,fitted_prior,full34,clustered_correlated,1000,envelope_minus_baseline,0,24,-0.02400000000000002,0,0,0.0,24,0,0.024,0,0,0.0,0,0,24
1,QUMOND,1.6,0.225,40,325131001,fitted_grid,fitted_prior,full34,sparse_floor,1000,envelope_minus_baseline,0,0,0.0,0,0,0.0,0,0,0.0,0,0,0.0,0,0,0
1,QUMOND,1.6,0.225,40,325131001,fitted_grid,fitted_prior,covariates_only66,uniform_white,1000,envelope_minus_baseline,0,5,-0.005,0,1,-0.001,6,0,0.006000000000000005,1,0,0.0010000000000000009,0,0,5
1,QUMOND,1.6,0.225,40,325131001,fitted_grid,fitted_prior,covariates_only66,clustered_correlated,1000,envelope_minus_baseline,1,9,-0.008,0,2,-0.001999999999999999,11,1,0.010000000000000009,3,0,0.0030000000000000027,1,0,9
1,QUMOND,1.6,0.225,40,325131001,fitted_grid,fitted_prior,covariates_only66,sparse_floor,1000,envelope_minus_baseline,0,10,-0.009999999999999998,0,3,-0.003,13,0,0.013000000000000012,3,0,0.0030000000000000027,0,0,10
1,QUMOND,1.6,0.225,40,325131001,fitted_grid,fitted_prior,conditional66,uniform_white,1000,envelope_minus_baseline,0,0,0.0,0,0,0.0,0,0,0.0,0,0,0.0,0,0,0
1,QUMOND,1.6,0.225,40,325131001,fitted_grid,fitted_prior,conditional66,clustered_correlated,1000,envelope_minus_baseline,0,0,0.0,0,0,0.0,0,0,0.0,0,0,0.0,0,0,0
1,QUMOND,1.6,0.225,40,325131001,fitted_grid,fitted_prior,conditional66,sparse_floor,1000,envelope_minus_baseline,0,2,-0.0020000000000000018,0,0,0.0,2,0,0.002,0,0,0.0,0,0,2
1,QUMOND,1.6,0.225,80,325132001,fitted_grid,fitted_prior,full66,uniform_white,1000,envelope_minus_baseline,0,0,0.0,0,0,0.0,0,0,0.0,0,0,0.0,0,0,0
1,QUMOND,1.6,0.225,80,325132001,fitted_grid,fitted_prior,full66,clustered_correlated,1000,envelope_minus_baseline,0,0,0.0,0,0,0.0,0,0,0.0,0,0,0.0,0,0,0
1,QUMOND,1.6,0.225,80,325132001,fitted_grid,fitted_prior,full66,sparse_floor,1000,envelope_minus_baseline,0,0,0.0,0,0,0.0,0,0,0.0,0,0,0.0,0,0,0
1,QUMOND,1.6,0.225,80,325132001,fitted_grid,fitted_prior,no_diagnostics66,uniform_white,1000,envelope_minus_baseline,0,0,0.0,0,0,0.0,0,0,0.0,0,0,0.0,0,0,0
1,QUMOND,1.6,0.225,80,325132001,fitted_grid,fitted_prior,no_diagnostics66,clustered_correlated,1000,envelope_minus_baseline,5,0,0.0050000000000000044,0,0,0.0,0,5,-0.004999999999999999,5,0,0.0050000000000000044,5,0,0
1,QUMOND,1.6,0.225,80,325132001,fitted_grid,fitted_prior,no_diagnostics66,sparse_floor,1000,envelope_minus_baseline,0,0,0.0,0,0,0.0,0,0,0.0,0,0,0.0,0,0,0
1,QUMOND,1.6,0.225,80,325132001,fitted_grid,fitted_prior,full34,uniform_white,1000,envelope_minus_baseline,0,2,-0.0020000000000000018,0,0,0.0,2,0,0.002,0,0,0.0,0,0,2
1,QUMOND,1.6,0.225,80,325132001,fitted_grid,fitted_prior,full34,clustered_correlated,1000,envelope_minus_baseline,0,14,-0.014000000000000012,0,0,0.0,14,0,0.014,0,0,0.0,0,0,14
1,QUMOND,1.6,0.225,80,325132001,fitted_grid,fitted_prior,full34,sparse_floor,1000,envelope_minus_baseline,0,0,0.0,0,0,0.0,0,0,0.0,0,0,0.0,0,0,0
1,QUMOND,1.6,0.225,80,325132001,fitted_grid,fitted_prior,covariates_only66,uniform_white,1000,envelope_minus_baseline,0,6,-0.006,1,0,0.0009999999999999992,6,1,0.0050000000000000044,0,0,0.0,0,1,6
1,QUMOND,1.6,0.225,80,325132001,fitted_grid,fitted_prior,covariates_only66,clustered_correlated,1000,envelope_minus_baseline,0,6,-0.006,1,3,-0.002,9,1,0.008000000000000007,3,0,0.0030000000000000027,0,1,6
1,QUMOND,1.6,0.225,80,325132001,fitted_grid,fitted_prior,covariates_only66,sparse_floor,1000,envelope_minus_baseline,0,14,-0.013999999999999999,0,4,-0.003999999999999999,18,0,0.018000000000000016,4,0,0.0040000000000000036,0,0,14
1,QUMOND,1.6,0.225,80,325132001,fitted_grid,fitted_prior,conditional66,uniform_white,1000,envelope_minus_baseline,0,0,0.0,0,0,0.0,0,0,0.0,0,0,0.0,0,0,0
1,QUMOND,1.6,0.225,80,325132001,fitted_grid,fitted_prior,conditional66,clustered_correlated,1000,envelope_minus_baseline,0,0,0.0,0,0,0.0,0,0,0.0,0,0,0.0,0,0,0
1,QUMOND,1.6,0.225,80,325132001,fitted_grid,fitted_prior,conditional66,sparse_floor,1000,envelope_minus_baseline,0,7,-0.007000000000000006,0,0,0.0,7,0,0.006999999999999999,0,0,0.0,0,0,7
1,QUMOND,1.6,0.225,60,325133001,fitted_grid,outside_inner_prior,full66,uniform_white,1000,envelope_minus_baseline,0,0,0.0,0,0,0.0,0,0,0.0,0,0,0.0,0,0,0
1,QUMOND,1.6,0.225,60,325133001,fitted_grid,outside_inner_prior,full66,clustered_correlated,1000,envelope_minus_baseline,0,0,0.0,0,0,0.0,0,0,0.0,0,0,0.0,0,0,0
1,QUMOND,1.6,0.225,60,325133001,fitted_grid,outside_inner_prior,full66,sparse_floor,1000,envelope_minus_baseline,0,0,0.0,0,0,0.0,0,0,0.0,0,0,0.0,0,0,0
1,QUMOND,1.6,0.225,60,325133001,fitted_grid,outside_inner_prior,no_diagnostics66,uniform_white,1000,envelope_minus_baseline,0,0,0.0,0,0,0.0,0,0,0.0,0,0,0.0,0,0,0
1,QUMOND,1.6,0.225,60,325133001,fitted_grid,outside_inner_prior,no_diagnostics66,clustered_correlated,1000,envelope_minus_baseline,4,0,0.0040000000000000036,0,0,0.0,0,4,-0.004,4,0,0.0040000000000000036,4,0,0
1,QUMOND,1.6,0.225,60,325133001,fitted_grid,outside_inner_prior,no_diagnostics66,sparse_floor,1000,envelope_minus_baseline,0,0,0.0,0,0,0.0,0,0,0.0,0,0,0.0,0,0,0
1,QUMOND,1.6,0.225,60,325133001,fitted_grid,outside_inner_prior,full34,uniform_white,1000,envelope_minus_baseline,0,6,-0.006000000000000005,0,0,0.0,6,0,0.006,0,0,0.0,0,0,6
1,QUMOND,1.6,0.225,60,325133001,fitted_grid,outside_inner_prior,full34,clustered_correlated,1000,envelope_minus_baseline,0,19,-0.019000000000000017,0,2,-0.002,21,0,0.020999999999999998,2,0,0.0020000000000000018,0,0,19
1,QUMOND,1.6,0.225,60,325133001,fitted_grid,outside_inner_prior,full34,sparse_floor,1000,envelope_minus_baseline,0,0,0.0,0,0,0.0,0,0,0.0,0,0,0.0,0,0,0
1,QUMOND,1.6,0.225,60,325133001,fitted_grid,outside_inner_prior,covariates_only66,uniform_white,1000,envelope_minus_baseline,0,5,-0.005,0,1,-0.001,6,0,0.006000000000000005,1,0,0.0010000000000000009,0,0,5
1,QUMOND,1.6,0.225,60,325133001,fitted_grid,outside_inner_prior,covariates_only66,clustered_correlated,1000,envelope_minus_baseline,1,3,-0.002,1,2,-0.0009999999999999992,5,2,0.0030000000000000027,4,0,0.0040000000000000036,1,1,3
1,QUMOND,1.6,0.225,60,325133001,fitted_grid,outside_inner_prior,covariates_only66,sparse_floor,1000,envelope_minus_baseline,0,11,-0.011,0,2,-0.002,13,0,0.013000000000000012,2,0,0.0020000000000000018,0,0,11
1,QUMOND,1.6,0.225,60,325133001,fitted_grid,outside_inner_prior,conditional66,uniform_white,1000,envelope_minus_baseline,0,0,0.0,0,0,0.0,0,0,0.0,0,0,0.0,0,0,0
1,QUMOND,1.6,0.225,60,325133001,fitted_grid,outside_inner_prior,conditional66,clustered_correlated,1000,envelope_minus_baseline,0,0,0.0,0,0,0.0,0,0,0.0,0,0,0.0,0,0,0
1,QUMOND,1.6,0.225,60,325133001,fitted_grid,outside_inner_prior,conditional66,sparse_floor,1000,envelope_minus_baseline,0,5,-0.0050000000000000044,0,0,0.0,5,0,0.005,0,0,0.0,0,0,5
1,QUMOND,1.6,0.225,160,325134001,fitted_grid,outside_inner_prior,full66,uniform_white,1000,envelope_minus_baseline,0,0,0.0,0,0,0.0,0,0,0.0,0,0,0.0,0,0,0
1,QUMOND,1.6,0.225,160,325134001,fitted_grid,outside_inner_prior,full66,clustered_correlated,1000,envelope_minus_baseline,0,0,0.0,0,0,0.0,0,0,0.0,0,0,0.0,0,0,0
1,QUMOND,1.6,0.225,160,325134001,fitted_grid,outside_inner_prior,full66,sparse_floor,1000,envelope_minus_baseline,0,0,0.0,0,0,0.0,0,0,0.0,0,0,0.0,0,0,0
1,QUMOND,1.6,0.225,160,325134001,fitted_grid,outside_inner_prior,no_diagnostics66,uniform_white,1000,envelope_minus_baseline,0,0,0.0,0,0,0.0,0,0,0.0,0,0,0.0,0,0,0
1,QUMOND,1.6,0.225,160,325134001,fitted_grid,outside_inner_prior,no_diagnostics66,clustered_correlated,1000,envelope_minus_baseline,5,0,0.0050000000000000044,0,0,0.0,0,5,-0.005,5,0,0.0050000000000000044,5,0,0
1,QUMOND,1.6,0.225,160,325134001,fitted_grid,outside_inner_prior,no_diagnostics66,sparse_floor,1000,envelope_minus_baseline,0,0,0.0,0,0,0.0,0,0,0.0,0,0,0.0,0,0,0
1,QUMOND,1.6,0.225,160,325134001,fitted_grid,outside_inner_prior,full34,uniform_white,1000,envelope_minus_baseline,0,3,-0.0030000000000000027,0,0,0.0,3,0,0.003,0,0,0.0,0,0,3
1,QUMOND,1.6,0.225,160,325134001,fitted_grid,outside_inner_prior,full34,clustered_correlated,1000,envelope_minus_baseline,0,16,-0.016000000000000014,0,0,0.0,16,0,0.016,0,0,0.0,0,0,16
1,QUMOND,1.6,0.225,160,325134001,fitted_grid,outside_inner_prior,full34,sparse_floor,1000,envelope_minus_baseline,0,0,0.0,0,0,0.0,0,0,0.0,0,0,0.0,0,0,0
1,QUMOND,1.6,0.225,160,325134001,fitted_grid,outside_inner_prior,covariates_only66,uniform_white,1000,envelope_minus_baseline,0,7,-0.007,0,0,0.0,7,0,0.007000000000000006,0,0,0.0,0,0,7
1,QUMOND,1.6,0.225,160,325134001,fitted_grid,outside_inner_prior,covariates_only66,clustered_correlated,1000,envelope_minus_baseline,0,6,-0.006,0,4,-0.004,10,0,0.010000000000000009,4,0,0.0040000000000000036,0,0,6
1,QUMOND,1.6,0.225,160,325134001,fitted_grid,outside_inner_prior,covariates_only66,sparse_floor,1000,envelope_minus_baseline,0,15,-0.015,1,4,-0.003,19,1,0.018000000000000016,4,0,0.0040000000000000036,0,1,15
1,QUMOND,1.6,0.225,160,325134001,fitted_grid,outside_inner_prior,conditional66,uniform_white,1000,envelope_minus_baseline,0,0,0.0,0,0,0.0,0,0,0.0,0,0,0.0,0,0,0
1,QUMOND,1.6,0.225,160,325134001,fitted_grid,outside_inner_prior,conditional66,clustered_correlated,1000,envelope_minus_baseline,0,0,0.0,0,0,0.0,0,0,0.0,0,0,0.0,0,0,0
1,QUMOND,1.6,0.225,160,325134001,fitted_grid,outside_inner_prior,conditional66,sparse_floor,1000,envelope_minus_baseline,0,3,-0.0030000000000000027,0,0,0.0,3,0,0.003,0,0,0.0,0,0,3
1,QUMOND,1.6,0.3,40,325135001,fitted_grid,fitted_prior,full66,uniform_white,1000,envelope_minus_baseline,0,0,0.0,0,0,0.0,0,0,0.0,0,0,0.0,0,0,0
1,QUMOND,1.6,0.3,40,325135001,fitted_grid,fitted_prior,full66,clustered_correlated,1000,envelope_minus_baseline,0,0,0.0,0,0,0.0,0,0,0.0,0,0,0.0,0,0,0
1,QUMOND,1.6,0.3,40,325135001,fitted_grid,fitted_prior,full66,sparse_floor,1000,envelope_minus_baseline,0,0,0.0,0,0,0.0,0,0,0.0,0,0,0.0,0,0,0
1,QUMOND,1.6,0.3,40,325135001,fitted_grid,fitted_prior,no_diagnostics66,uniform_white,1000,envelope_minus_baseline,0,0,0.0,0,0,0.0,0,0,0.0,0,0,0.0,0,0,0
1,QUMOND,1.6,0.3,40,325135001,fitted_grid,fitted_prior,no_diagnostics66,clustered_correlated,1000,envelope_minus_baseline,1,0,0.0010000000000000009,0,0,0.0,0,1,-0.001,1,0,0.0010000000000000009,1,0,0
1,QUMOND,1.6,0.3,40,325135001,fitted_grid,fitted_prior,no_diagnostics66,sparse_floor,1000,envelope_minus_baseline,0,0,0.0,0,0,0.0,0,0,0.0,0,0,0.0,0,0,0
1,QUMOND,1.6,0.3,40,325135001,fitted_grid,fitted_prior,full34,uniform_white,1000,envelope_minus_baseline,0,5,-0.0050000000000000044,0,1,-0.001,6,0,0.006,1,0,0.0010000000000000009,0,0,5
1,QUMOND,1.6,0.3,40,325135001,fitted_grid,fitted_prior,full34,clustered_correlated,1000,envelope_minus_baseline,1,39,-0.038000000000000034,0,0,0.0,39,1,0.038,1,0,0.0010000000000000009,1,0,39
1,QUMOND,1.6,0.3,40,325135001,fitted_grid,fitted_prior,full34,sparse_floor,1000,envelope_minus_baseline,0,0,0.0,0,0,0.0,0,0,0.0,0,0,0.0,0,0,0
1,QUMOND,1.6,0.3,40,325135001,fitted_grid,fitted_prior,covariates_only66,uniform_white,1000,envelope_minus_baseline,0,5,-0.005,0,0,0.0,5,0,0.0050000000000000044,0,0,0.0,0,0,5
1,QUMOND,1.6,0.3,40,325135001,fitted_grid,fitted_prior,covariates_only66,clustered_correlated,1000,envelope_minus_baseline,0,4,-0.004,0,2,-0.002,6,0,0.006000000000000005,2,0,0.0020000000000000018,0,0,4
1,QUMOND,1.6,0.3,40,325135001,fitted_grid,fitted_prior,covariates_only66,sparse_floor,1000,envelope_minus_baseline,0,12,-0.012,0,1,-0.001,13,0,0.013000000000000012,1,0,0.0010000000000000009,0,0,12
1,QUMOND,1.6,0.3,40,325135001,fitted_grid,fitted_prior,conditional66,uniform_white,1000,envelope_minus_baseline,0,0,0.0,0,0,0.0,0,0,0.0,0,0,0.0,0,0,0
1,QUMOND,1.6,0.3,40,325135001,fitted_grid,fitted_prior,conditional66,clustered_correlated,1000,envelope_minus_baseline,0,0,0.0,0,0,0.0,0,0,0.0,0,0,0.0,0,0,0
1,QUMOND,1.6,0.3,40,325135001,fitted_grid,fitted_prior,conditional66,sparse_floor,1000,envelope_minus_baseline,0,7,-0.007000000000000006,0,0,0.0,7,0,0.007,0,0,0.0,0,0,7
1,QUMOND,1.6,0.3,80,325136001,fitted_grid,fitted_prior,full66,uniform_white,1000,envelope_minus_baseline,0,0,0.0,0,0,0.0,0,0,0.0,0,0,0.0,0,0,0
1,QUMOND,1.6,0.3,80,325136001,fitted_grid,fitted_prior,full66,clustered_correlated,1000,envelope_minus_baseline,0,0,0.0,0,0,0.0,0,0,0.0,0,0,0.0,0,0,0
1,QUMOND,1.6,0.3,80,325136001,fitted_grid,fitted_prior,full66,sparse_floor,1000,envelope_minus_baseline,0,0,0.0,0,0,0.0,0,0,0.0,0,0,0.0,0,0,0
1,QUMOND,1.6,0.3,80,325136001,fitted_grid,fitted_prior,no_diagnostics66,uniform_white,1000,envelope_minus_baseline,0,0,0.0,0,0,0.0,0,0,0.0,0,0,0.0,0,0,0
1,QUMOND,1.6,0.3,80,325136001,fitted_grid,fitted_prior,no_diagnostics66,clustered_correlated,1000,envelope_minus_baseline,4,0,0.0040000000000000036,0,0,0.0,0,4,-0.004,4,0,0.0040000000000000036,4,0,0
1,QUMOND,1.6,0.3,80,325136001,fitted_grid,fitted_prior,no_diagnostics66,sparse_floor,1000,envelope_minus_baseline,0,0,0.0,0,0,0.0,0,0,0.0,0,0,0.0,0,0,0
1,QUMOND,1.6,0.3,80,325136001,fitted_grid,fitted_prior,full34,uniform_white,1000,envelope_minus_baseline,0,7,-0.007000000000000006,0,0,0.0,7,0,0.007000000000000001,0,0,0.0,0,0,7
1,QUMOND,1.6,0.3,80,325136001,fitted_grid,fitted_prior,full34,clustered_correlated,1000,envelope_minus_baseline,1,17,-0.016000000000000014,0,0,0.0,17,1,0.016,1,0,0.0010000000000000009,1,0,17
1,QUMOND,1.6,0.3,80,325136001,fitted_grid,fitted_prior,full34,sparse_floor,1000,envelope_minus_baseline,0,0,0.0,0,0,0.0,0,0,0.0,0,0,0.0,0,0,0
1,QUMOND,1.6,0.3,80,325136001,fitted_grid,fitted_prior,covariates_only66,uniform_white,1000,envelope_minus_baseline,0,8,-0.008,0,0,0.0,8,0,0.008000000000000007,0,0,0.0,0,0,8
1,QUMOND,1.6,0.3,80,325136001,fitted_grid,fitted_prior,covariates_only66,clustered_correlated,1000,envelope_minus_baseline,0,9,-0.009,0,1,-0.001,10,0,0.010000000000000009,1,0,0.0010000000000000009,0,0,9
1,QUMOND,1.6,0.3,80,325136001,fitted_grid,fitted_prior,covariates_only66,sparse_floor,1000,envelope_minus_baseline,0,17,-0.017,0,1,-0.001,18,0,0.018000000000000016,1,0,0.0010000000000000009,0,0,17
1,QUMOND,1.6,0.3,80,325136001,fitted_grid,fitted_prior,conditional66,uniform_white,1000,envelope_minus_baseline,0,0,0.0,0,0,0.0,0,0,0.0,0,0,0.0,0,0,0
1,QUMOND,1.6,0.3,80,325136001,fitted_grid,fitted_prior,conditional66,clustered_correlated,1000,envelope_minus_baseline,0,0,0.0,0,0,0.0,0,0,0.0,0,0,0.0,0,0,0
1,QUMOND,1.6,0.3,80,325136001,fitted_grid,fitted_prior,conditional66,sparse_floor,1000,envelope_minus_baseline,0,3,-0.0030000000000000027,0,0,0.0,3,0,0.003,0,0,0.0,0,0,3
1,QUMOND,1.6,0.3,60,325137001,fitted_grid,outside_inner_prior,full66,uniform_white,1000,envelope_minus_baseline,0,0,0.0,0,0,0.0,0,0,0.0,0,0,0.0,0,0,0
1,QUMOND,1.6,0.3,60,325137001,fitted_grid,outside_inner_prior,full66,clustered_correlated,1000,envelope_minus_baseline,0,0,0.0,0,0,0.0,0,0,0.0,0,0,0.0,0,0,0
1,QUMOND,1.6,0.3,60,325137001,fitted_grid,outside_inner_prior,full66,sparse_floor,1000,envelope_minus_baseline,0,0,0.0,0,0,0.0,0,0,0.0,0,0,0.0,0,0,0
1,QUMOND,1.6,0.3,60,325137001,fitted_grid,outside_inner_prior,no_diagnostics66,uniform_white,1000,envelope_minus_baseline,0,0,0.0,0,0,0.0,0,0,0.0,0,0,0.0,0,0,0
1,QUMOND,1.6,0.3,60,325137001,fitted_grid,outside_inner_prior,no_diagnostics66,clustered_correlated,1000,envelope_minus_baseline,1,0,0.0010000000000000009,0,0,0.0,0,1,-0.001,1,0,0.0010000000000000009,1,0,0
1,QUMOND,1.6,0.3,60,325137001,fitted_grid,outside_inner_prior,no_diagnostics66,sparse_floor,1000,envelope_minus_baseline,1,0,0.0010000000000000009,0,0,0.0,0,1,-0.001,1,0,0.0010000000000000009,1,0,0
1,QUMOND,1.6,0.3,60,325137001,fitted_grid,outside_inner_prior,full34,uniform_white,1000,envelope_minus_baseline,0,5,-0.0050000000000000044,0,0,0.0,5,0,0.004999999999999999,0,0,0.0,0,0,5
1,QUMOND,1.6,0.3,60,325137001,fitted_grid,outside_inner_prior,full34,clustered_correlated,1000,envelope_minus_baseline,1,17,-0.016000000000000014,0,1,-0.001,18,1,0.017,2,0,0.0020000000000000018,1,0,17
1,QUMOND,1.6,0.3,60,325137001,fitted_grid,outside_inner_prior,full34,sparse_floor,1000,envelope_minus_baseline,0,1,-0.0010000000000000009,0,0,0.0,1,0,0.0010000000000000009,0,0,0.0,0,0,1
1,QUMOND,1.6,0.3,60,325137001,fitted_grid,outside_inner_prior,covariates_only66,uniform_white,1000,envelope_minus_baseline,0,7,-0.007,0,0,0.0,7,0,0.007000000000000006,0,0,0.0,0,0,7
1,QUMOND,1.6,0.3,60,325137001,fitted_grid,outside_inner_prior,covariates_only66,clustered_correlated,1000,envelope_minus_baseline,0,8,-0.008,1,0,0.001,8,1,0.007000000000000006,0,0,0.0,0,1,8
1,QUMOND,1.6,0.3,60,325137001,fitted_grid,outside_inner_prior,covariates_only66,sparse_floor,1000,envelope_minus_baseline,0,15,-0.015,0,0,0.0,15,0,0.015000000000000013,0,0,0.0,0,0,15
1,QUMOND,1.6,0.3,60,325137001,fitted_grid,outside_inner_prior,conditional66,uniform_white,1000,envelope_minus_baseline,0,1,-0.0010000000000000009,0,0,0.0,1,0,0.0010000000000000009,0,0,0.0,0,0,1
1,QUMOND,1.6,0.3,60,325137001,fitted_grid,outside_inner_prior,conditional66,clustered_correlated,1000,envelope_minus_baseline,0,0,0.0,0,0,0.0,0,0,0.0,0,0,0.0,0,0,0
1,QUMOND,1.6,0.3,60,325137001,fitted_grid,outside_inner_prior,conditional66,sparse_floor,1000,envelope_minus_baseline,0,12,-0.01200000000000001,0,0,0.0,12,0,0.012,0,0,0.0,0,0,12
1,QUMOND,1.6,0.3,160,325138001,fitted_grid,outside_inner_prior,full66,uniform_white,1000,envelope_minus_baseline,0,0,0.0,0,0,0.0,0,0,0.0,0,0,0.0,0,0,0
1,QUMOND,1.6,0.3,160,325138001,fitted_grid,outside_inner_prior,full66,clustered_correlated,1000,envelope_minus_baseline,0,0,0.0,0,0,0.0,0,0,0.0,0,0,0.0,0,0,0
1,QUMOND,1.6,0.3,160,325138001,fitted_grid,outside_inner_prior,full66,sparse_floor,1000,envelope_minus_baseline,0,0,0.0,0,0,0.0,0,0,0.0,0,0,0.0,0,0,0
1,QUMOND,1.6,0.3,160,325138001,fitted_grid,outside_inner_prior,no_diagnostics66,uniform_white,1000,envelope_minus_baseline,1,0,0.0010000000000000009,0,0,0.0,0,1,-0.001,1,0,0.0010000000000000009,1,0,0
1,QUMOND,1.6,0.3,160,325138001,fitted_grid,outside_inner_prior,no_diagnostics66,clustered_correlated,1000,envelope_minus_baseline,1,0,0.0010000000000000009,0,0,0.0,0,1,-0.001,1,0,0.0010000000000000009,1,0,0
1,QUMOND,1.6,0.3,160,325138001,fitted_grid,outside_inner_prior,no_diagnostics66,sparse_floor,1000,envelope_minus_baseline,1,0,0.0010000000000000009,0,0,0.0,0,1,-0.001,1,0,0.0010000000000000009,1,0,0
1,QUMOND,1.6,0.3,160,325138001,fitted_grid,outside_inner_prior,full34,uniform_white,1000,envelope_minus_baseline,0,3,-0.0030000000000000027,0,0,0.0,3,0,0.002999999999999999,1,0,0.0010000000000000009,0,0,3
1,QUMOND,1.6,0.3,160,325138001,fitted_grid,outside_inner_prior,full34,clustered_correlated,1000,envelope_minus_baseline,1,18,-0.017000000000000015,0,0,0.0,18,1,0.017,1,0,0.0010000000000000009,1,0,18
1,QUMOND,1.6,0.3,160,325138001,fitted_grid,outside_inner_prior,full34,sparse_floor,1000,envelope_minus_baseline,0,1,-0.0010000000000000009,0,0,0.0,1,0,0.0010000000000000009,0,0,0.0,0,0,1
1,QUMOND,1.6,0.3,160,325138001,fitted_grid,outside_inner_prior,covariates_only66,uniform_white,1000,envelope_minus_baseline,0,6,-0.006,0,0,0.0,6,0,0.006000000000000005,0,0,0.0,0,0,6
1,QUMOND,1.6,0.3,160,325138001,fitted_grid,outside_inner_prior,covariates_only66,clustered_correlated,1000,envelope_minus_baseline,0,5,-0.005,0,0,0.0,5,0,0.0050000000000000044,0,0,0.0,0,0,5
1,QUMOND,1.6,0.3,160,325138001,fitted_grid,outside_inner_prior,covariates_only66,sparse_floor,1000,envelope_minus_baseline,0,19,-0.019,0,0,0.0,19,0,0.019000000000000017,0,0,0.0,0,0,19
1,QUMOND,1.6,0.3,160,325138001,fitted_grid,outside_inner_prior,conditional66,uniform_white,1000,envelope_minus_baseline,0,1,-0.0010000000000000009,0,0,0.0,1,0,0.0010000000000000009,0,0,0.0,0,0,1
1,QUMOND,1.6,0.3,160,325138001,fitted_grid,outside_inner_prior,conditional66,clustered_correlated,1000,envelope_minus_baseline,0,0,0.0,0,0,0.0,0,0,0.0,0,0,0.0,0,0,0
1,QUMOND,1.6,0.3,160,325138001,fitted_grid,outside_inner_prior,conditional66,sparse_floor,1000,envelope_minus_baseline,0,2,-0.0020000000000000018,0,0,0.0,2,0,0.002,0,0,0.0,0,0,2
1,QUMOND,1.15,0.0,,325139001,outside_beta_grid,pure,full66,uniform_white,1000,envelope_minus_baseline,0,0,0.0,0,0,0.0,0,0,0.0,0,0,0.0,0,0,0
1,QUMOND,1.15,0.0,,325139001,outside_beta_grid,pure,full66,clustered_correlated,1000,envelope_minus_baseline,0,0,0.0,0,0,0.0,0,0,0.0,0,0,0.0,0,0,0
1,QUMOND,1.15,0.0,,325139001,outside_beta_grid,pure,full66,sparse_floor,1000,envelope_minus_baseline,0,0,0.0,0,0,0.0,0,0,0.0,0,0,0.0,0,0,0
1,QUMOND,1.15,0.0,,325139001,outside_beta_grid,pure,no_diagnostics66,uniform_white,1000,envelope_minus_baseline,0,0,0.0,0,0,0.0,0,0,0.0,0,0,0.0,0,0,0
1,QUMOND,1.15,0.0,,325139001,outside_beta_grid,pure,no_diagnostics66,clustered_correlated,1000,envelope_minus_baseline,0,0,0.0,0,0,0.0,0,0,0.0,0,0,0.0,0,0,0
1,QUMOND,1.15,0.0,,325139001,outside_beta_grid,pure,no_diagnostics66,sparse_floor,1000,envelope_minus_baseline,0,0,0.0,0,0,0.0,0,0,0.0,0,0,0.0,0,0,0
1,QUMOND,1.15,0.0,,325139001,outside_beta_grid,pure,full34,uniform_white,1000,envelope_minus_baseline,0,0,0.0,0,0,0.0,0,0,0.0,0,0,0.0,0,0,0
1,QUMOND,1.15,0.0,,325139001,outside_beta_grid,pure,full34,clustered_correlated,1000,envelope_minus_baseline,0,0,0.0,0,0,0.0,0,0,0.0,0,0,0.0,0,0,0
1,QUMOND,1.15,0.0,,325139001,outside_beta_grid,pure,full34,sparse_floor,1000,envelope_minus_baseline,0,0,0.0,0,0,0.0,0,0,0.0,0,0,0.0,0,0,0
1,QUMOND,1.15,0.0,,325139001,outside_beta_grid,pure,covariates_only66,uniform_white,1000,envelope_minus_baseline,0,4,-0.004,0,3,-0.002999999999999999,7,0,0.007000000000000006,3,0,0.0030000000000000027,0,0,4
1,QUMOND,1.15,0.0,,325139001,outside_beta_grid,pure,covariates_only66,clustered_correlated,1000,envelope_minus_baseline,0,5,-0.005,0,5,-0.005,10,0,0.010000000000000009,5,0,0.0050000000000000044,0,0,5
1,QUMOND,1.15,0.0,,325139001,outside_beta_grid,pure,covariates_only66,sparse_floor,1000,envelope_minus_baseline,0,6,-0.006,1,9,-0.008,15,1,0.014000000000000012,9,0,0.009000000000000008,0,1,6
1,QUMOND,1.15,0.0,,325139001,outside_beta_grid,pure,conditional66,uniform_white,1000,envelope_minus_baseline,0,0,0.0,0,0,0.0,0,0,0.0,0,0,0.0,0,0,0
1,QUMOND,1.15,0.0,,325139001,outside_beta_grid,pure,conditional66,clustered_correlated,1000,envelope_minus_baseline,0,0,0.0,0,0,0.0,0,0,0.0,0,0,0.0,0,0,0
1,QUMOND,1.15,0.0,,325139001,outside_beta_grid,pure,conditional66,sparse_floor,1000,envelope_minus_baseline,0,0,0.0,0,0,0.0,0,0,0.0,0,0,0.0,0,0,0
1,QUMOND,1.15,0.3,60,325140001,outside_beta_grid,outside_inner_prior,full66,uniform_white,1000,envelope_minus_baseline,0,0,0.0,0,0,0.0,0,0,0.0,0,0,0.0,0,0,0
1,QUMOND,1.15,0.3,60,325140001,outside_beta_grid,outside_inner_prior,full66,clustered_correlated,1000,envelope_minus_baseline,0,0,0.0,0,0,0.0,0,0,0.0,0,0,0.0,0,0,0
1,QUMOND,1.15,0.3,60,325140001,outside_beta_grid,outside_inner_prior,full66,sparse_floor,1000,envelope_minus_baseline,0,0,0.0,0,0,0.0,0,0,0.0,0,0,0.0,0,0,0
1,QUMOND,1.15,0.3,60,325140001,outside_beta_grid,outside_inner_prior,no_diagnostics66,uniform_white,1000,envelope_minus_baseline,0,0,0.0,0,0,0.0,0,0,0.0,0,0,0.0,0,0,0
1,QUMOND,1.15,0.3,60,325140001,outside_beta_grid,outside_inner_prior,no_diagnostics66,clustered_correlated,1000,envelope_minus_baseline,0,0,0.0,0,0,0.0,0,0,0.0,0,0,0.0,0,0,0
1,QUMOND,1.15,0.3,60,325140001,outside_beta_grid,outside_inner_prior,no_diagnostics66,sparse_floor,1000,envelope_minus_baseline,0,0,0.0,0,0,0.0,0,0,0.0,0,0,0.0,0,0,0
1,QUMOND,1.15,0.3,60,325140001,outside_beta_grid,outside_inner_prior,full34,uniform_white,1000,envelope_minus_baseline,0,2,-0.0020000000000000018,0,0,0.0,2,0,0.002,0,0,0.0,0,0,2
1,QUMOND,1.15,0.3,60,325140001,outside_beta_grid,outside_inner_prior,full34,clustered_correlated,1000,envelope_minus_baseline,0,4,-0.0040000000000000036,0,0,0.0,4,0,0.004,0,0,0.0,0,0,4
1,QUMOND,1.15,0.3,60,325140001,outside_beta_grid,outside_inner_prior,full34,sparse_floor,1000,envelope_minus_baseline,0,1,-0.0010000000000000009,0,0,0.0,1,0,0.0010000000000000009,0,0,0.0,0,0,1
1,QUMOND,1.15,0.3,60,325140001,outside_beta_grid,outside_inner_prior,covariates_only66,uniform_white,1000,envelope_minus_baseline,0,3,-0.003,0,1,-0.0009999999999999992,4,0,0.0040000000000000036,1,0,0.0010000000000000009,0,0,3
1,QUMOND,1.15,0.3,60,325140001,outside_beta_grid,outside_inner_prior,covariates_only66,clustered_correlated,1000,envelope_minus_baseline,0,2,-0.002,0,3,-0.003000000000000001,5,0,0.0050000000000000044,3,0,0.0030000000000000027,0,0,2
1,QUMOND,1.15,0.3,60,325140001,outside_beta_grid,outside_inner_prior,covariates_only66,sparse_floor,1000,envelope_minus_baseline,0,5,-0.005,0,5,-0.005,10,0,0.010000000000000009,5,0,0.0050000000000000044,0,0,5
1,QUMOND,1.15,0.3,60,325140001,outside_beta_grid,outside_inner_prior,conditional66,uniform_white,1000,envelope_minus_baseline,0,0,0.0,0,0,0.0,0,0,0.0,0,0,0.0,0,0,0
1,QUMOND,1.15,0.3,60,325140001,outside_beta_grid,outside_inner_prior,conditional66,clustered_correlated,1000,envelope_minus_baseline,0,0,0.0,0,0,0.0,0,0,0.0,0,0,0.0,0,0,0
1,QUMOND,1.15,0.3,60,325140001,outside_beta_grid,outside_inner_prior,conditional66,sparse_floor,1000,envelope_minus_baseline,0,0,0.0,0,0,0.0,0,0,0.0,0,0,0.0,0,0,0
1,QUMOND,1.15,0.3,160,325141001,outside_beta_grid,outside_inner_prior,full66,uniform_white,1000,envelope_minus_baseline,0,0,0.0,0,0,0.0,0,0,0.0,0,0,0.0,0,0,0
1,QUMOND,1.15,0.3,160,325141001,outside_beta_grid,outside_inner_prior,full66,clustered_correlated,1000,envelope_minus_baseline,0,0,0.0,0,0,0.0,0,0,0.0,0,0,0.0,0,0,0
1,QUMOND,1.15,0.3,160,325141001,outside_beta_grid,outside_inner_prior,full66,sparse_floor,1000,envelope_minus_baseline,1,0,0.0010000000000000009,0,0,0.0,0,1,-0.001,1,0,0.0010000000000000009,1,0,0
1,QUMOND,1.15,0.3,160,325141001,outside_beta_grid,outside_inner_prior,no_diagnostics66,uniform_white,1000,envelope_minus_baseline,1,0,0.0010000000000000009,0,0,0.0,0,1,-0.001,1,0,0.0010000000000000009,1,0,0
1,QUMOND,1.15,0.3,160,325141001,outside_beta_grid,outside_inner_prior,no_diagnostics66,clustered_correlated,1000,envelope_minus_baseline,0,0,0.0,0,0,0.0,0,0,0.0,0,0,0.0,0,0,0
1,QUMOND,1.15,0.3,160,325141001,outside_beta_grid,outside_inner_prior,no_diagnostics66,sparse_floor,1000,envelope_minus_baseline,0,0,0.0,0,0,0.0,0,0,0.0,0,0,0.0,0,0,0
1,QUMOND,1.15,0.3,160,325141001,outside_beta_grid,outside_inner_prior,full34,uniform_white,1000,envelope_minus_baseline,0,0,0.0,0,0,0.0,0,0,0.0,0,0,0.0,0,0,0
1,QUMOND,1.15,0.3,160,325141001,outside_beta_grid,outside_inner_prior,full34,clustered_correlated,1000,envelope_minus_baseline,0,8,-0.008000000000000007,0,0,0.0,8,0,0.008,0,0,0.0,0,0,8
1,QUMOND,1.15,0.3,160,325141001,outside_beta_grid,outside_inner_prior,full34,sparse_floor,1000,envelope_minus_baseline,0,0,0.0,0,0,0.0,0,0,0.0,0,0,0.0,0,0,0
1,QUMOND,1.15,0.3,160,325141001,outside_beta_grid,outside_inner_prior,covariates_only66,uniform_white,1000,envelope_minus_baseline,0,3,-0.003,0,2,-0.002,5,0,0.0050000000000000044,2,0,0.0020000000000000018,0,0,3
1,QUMOND,1.15,0.3,160,325141001,outside_beta_grid,outside_inner_prior,covariates_only66,clustered_correlated,1000,envelope_minus_baseline,0,4,-0.004,0,3,-0.003,7,0,0.007000000000000006,3,0,0.0030000000000000027,0,0,4
1,QUMOND,1.15,0.3,160,325141001,outside_beta_grid,outside_inner_prior,covariates_only66,sparse_floor,1000,envelope_minus_baseline,0,4,-0.004,0,6,-0.006,10,0,0.010000000000000009,6,0,0.006000000000000005,0,0,4
1,QUMOND,1.15,0.3,160,325141001,outside_beta_grid,outside_inner_prior,conditional66,uniform_white,1000,envelope_minus_baseline,0,0,0.0,0,0,0.0,0,0,0.0,0,0,0.0,0,0,0
1,QUMOND,1.15,0.3,160,325141001,outside_beta_grid,outside_inner_prior,conditional66,clustered_correlated,1000,envelope_minus_baseline,0,0,0.0,0,0,0.0,0,0,0.0,0,0,0.0,0,0,0
1,QUMOND,1.15,0.3,160,325141001,outside_beta_grid,outside_inner_prior,conditional66,sparse_floor,1000,envelope_minus_baseline,0,0,0.0,0,0,0.0,0,0,0.0,0,0,0.0,0,0,0
1,QUMOND,1.45,0.0,,325142001,outside_beta_grid,pure,full66,uniform_white,1000,envelope_minus_baseline,0,0,0.0,0,0,0.0,0,0,0.0,0,0,0.0,0,0,0
1,QUMOND,1.45,0.0,,325142001,outside_beta_grid,pure,full66,clustered_correlated,1000,envelope_minus_baseline,0,0,0.0,0,0,0.0,0,0,0.0,0,0,0.0,0,0,0
1,QUMOND,1.45,0.0,,325142001,outside_beta_grid,pure,full66,sparse_floor,1000,envelope_minus_baseline,0,0,0.0,0,0,0.0,0,0,0.0,0,0,0.0,0,0,0
1,QUMOND,1.45,0.0,,325142001,outside_beta_grid,pure,no_diagnostics66,uniform_white,1000,envelope_minus_baseline,0,0,0.0,0,0,0.0,0,0,0.0,0,0,0.0,0,0,0
1,QUMOND,1.45,0.0,,325142001,outside_beta_grid,pure,no_diagnostics66,clustered_correlated,1000,envelope_minus_baseline,0,0,0.0,0,0,0.0,0,0,0.0,0,0,0.0,0,0,0
1,QUMOND,1.45,0.0,,325142001,outside_beta_grid,pure,no_diagnostics66,sparse_floor,1000,envelope_minus_baseline,0,0,0.0,0,0,0.0,0,0,0.0,0,0,0.0,0,0,0
1,QUMOND,1.45,0.0,,325142001,outside_beta_grid,pure,full34,uniform_white,1000,envelope_minus_baseline,0,0,0.0,0,0,0.0,0,0,0.0,0,0,0.0,0,0,0
1,QUMOND,1.45,0.0,,325142001,outside_beta_grid,pure,full34,clustered_correlated,1000,envelope_minus_baseline,0,0,0.0,0,0,0.0,0,0,0.0,0,0,0.0,0,0,0
1,QUMOND,1.45,0.0,,325142001,outside_beta_grid,pure,full34,sparse_floor,1000,envelope_minus_baseline,0,0,0.0,0,0,0.0,0,0,0.0,0,0,0.0,0,0,0
1,QUMOND,1.45,0.0,,325142001,outside_beta_grid,pure,covariates_only66,uniform_white,1000,envelope_minus_baseline,0,0,0.0,0,4,-0.004,4,0,0.0040000000000000036,4,0,0.0040000000000000036,0,0,0
1,QUMOND,1.45,0.0,,325142001,outside_beta_grid,pure,covariates_only66,clustered_correlated,1000,envelope_minus_baseline,0,0,0.0,1,6,-0.004999999999999999,6,1,0.0050000000000000044,6,0,0.006000000000000005,0,1,0
1,QUMOND,1.45,0.0,,325142001,outside_beta_grid,pure,covariates_only66,sparse_floor,1000,envelope_minus_baseline,0,0,0.0,0,5,-0.005000000000000001,5,0,0.0050000000000000044,5,0,0.0050000000000000044,0,0,0
1,QUMOND,1.45,0.0,,325142001,outside_beta_grid,pure,conditional66,uniform_white,1000,envelope_minus_baseline,0,0,0.0,0,0,0.0,0,0,0.0,0,0,0.0,0,0,0
1,QUMOND,1.45,0.0,,325142001,outside_beta_grid,pure,conditional66,clustered_correlated,1000,envelope_minus_baseline,0,0,0.0,0,0,0.0,0,0,0.0,0,0,0.0,0,0,0
1,QUMOND,1.45,0.0,,325142001,outside_beta_grid,pure,conditional66,sparse_floor,1000,envelope_minus_baseline,0,0,0.0,0,0,0.0,0,0,0.0,0,0,0.0,0,0,0
1,QUMOND,1.45,0.3,60,325143001,outside_beta_grid,outside_inner_prior,full66,uniform_white,1000,envelope_minus_baseline,0,0,0.0,0,0,0.0,0,0,0.0,0,0,0.0,0,0,0
1,QUMOND,1.45,0.3,60,325143001,outside_beta_grid,outside_inner_prior,full66,clustered_correlated,1000,envelope_minus_baseline,0,0,0.0,0,0,0.0,0,0,0.0,0,0,0.0,0,0,0
1,QUMOND,1.45,0.3,60,325143001,outside_beta_grid,outside_inner_prior,full66,sparse_floor,1000,envelope_minus_baseline,0,0,0.0,0,0,0.0,0,0,0.0,0,0,0.0,0,0,0
1,QUMOND,1.45,0.3,60,325143001,outside_beta_grid,outside_inner_prior,no_diagnostics66,uniform_white,1000,envelope_minus_baseline,0,0,0.0,0,0,0.0,0,0,0.0,0,0,0.0,0,0,0
1,QUMOND,1.45,0.3,60,325143001,outside_beta_grid,outside_inner_prior,no_diagnostics66,clustered_correlated,1000,envelope_minus_baseline,0,0,0.0,0,0,0.0,0,0,0.0,0,0,0.0,0,0,0
1,QUMOND,1.45,0.3,60,325143001,outside_beta_grid,outside_inner_prior,no_diagnostics66,sparse_floor,1000,envelope_minus_baseline,0,0,0.0,0,0,0.0,0,0,0.0,0,0,0.0,0,0,0
1,QUMOND,1.45,0.3,60,325143001,outside_beta_grid,outside_inner_prior,full34,uniform_white,1000,envelope_minus_baseline,0,6,-0.006000000000000005,0,0,0.0,6,0,0.005999999999999998,0,0,0.0,0,0,6
1,QUMOND,1.45,0.3,60,325143001,outside_beta_grid,outside_inner_prior,full34,clustered_correlated,1000,envelope_minus_baseline,1,16,-0.015000000000000013,0,0,0.0,16,1,0.015000000000000001,1,0,0.0010000000000000009,1,0,16
1,QUMOND,1.45,0.3,60,325143001,outside_beta_grid,outside_inner_prior,full34,sparse_floor,1000,envelope_minus_baseline,0,0,0.0,0,0,0.0,0,0,0.0,0,0,0.0,0,0,0
1,QUMOND,1.45,0.3,60,325143001,outside_beta_grid,outside_inner_prior,covariates_only66,uniform_white,1000,envelope_minus_baseline,0,1,-0.001,1,1,0.0,2,1,0.0010000000000000009,1,0,0.0010000000000000009,0,1,1
1,QUMOND,1.45,0.3,60,325143001,outside_beta_grid,outside_inner_prior,covariates_only66,clustered_correlated,1000,envelope_minus_baseline,0,1,-0.001,0,6,-0.006,7,0,0.007000000000000006,6,0,0.006000000000000005,0,0,1
1,QUMOND,1.45,0.3,60,325143001,outside_beta_grid,outside_inner_prior,covariates_only66,sparse_floor,1000,envelope_minus_baseline,0,2,-0.002,0,9,-0.009,11,0,0.01100000000000001,9,0,0.009000000000000008,0,0,2
1,QUMOND,1.45,0.3,60,325143001,outside_beta_grid,outside_inner_prior,conditional66,uniform_white,1000,envelope_minus_baseline,1,0,0.0010000000000000009,0,0,0.0,0,1,-0.0010000000000000009,1,0,0.0010000000000000009,1,0,0
1,QUMOND,1.45,0.3,60,325143001,outside_beta_grid,outside_inner_prior,conditional66,clustered_correlated,1000,envelope_minus_baseline,0,0,0.0,0,0,0.0,0,0,0.0,0,0,0.0,0,0,0
1,QUMOND,1.45,0.3,60,325143001,outside_beta_grid,outside_inner_prior,conditional66,sparse_floor,1000,envelope_minus_baseline,0,1,-0.0010000000000000009,0,0,0.0,1,0,0.001,0,0,0.0,0,0,1
1,QUMOND,1.45,0.3,160,325144001,outside_beta_grid,outside_inner_prior,full66,uniform_white,1000,envelope_minus_baseline,0,0,0.0,0,0,0.0,0,0,0.0,0,0,0.0,0,0,0
1,QUMOND,1.45,0.3,160,325144001,outside_beta_grid,outside_inner_prior,full66,clustered_correlated,1000,envelope_minus_baseline,0,0,0.0,0,0,0.0,0,0,0.0,0,0,0.0,0,0,0
1,QUMOND,1.45,0.3,160,325144001,outside_beta_grid,outside_inner_prior,full66,sparse_floor,1000,envelope_minus_baseline,0,0,0.0,0,0,0.0,0,0,0.0,0,0,0.0,0,0,0
1,QUMOND,1.45,0.3,160,325144001,outside_beta_grid,outside_inner_prior,no_diagnostics66,uniform_white,1000,envelope_minus_baseline,0,0,0.0,0,0,0.0,0,0,0.0,0,0,0.0,0,0,0
1,QUMOND,1.45,0.3,160,325144001,outside_beta_grid,outside_inner_prior,no_diagnostics66,clustered_correlated,1000,envelope_minus_baseline,0,0,0.0,0,0,0.0,0,0,0.0,0,0,0.0,0,0,0
1,QUMOND,1.45,0.3,160,325144001,outside_beta_grid,outside_inner_prior,no_diagnostics66,sparse_floor,1000,envelope_minus_baseline,1,0,0.0010000000000000009,0,0,0.0,0,1,-0.001,1,0,0.0010000000000000009,1,0,0
1,QUMOND,1.45,0.3,160,325144001,outside_beta_grid,outside_inner_prior,full34,uniform_white,1000,envelope_minus_baseline,0,7,-0.007000000000000006,0,0,0.0,7,0,0.006999999999999999,0,0,0.0,0,0,7
1,QUMOND,1.45,0.3,160,325144001,outside_beta_grid,outside_inner_prior,full34,clustered_correlated,1000,envelope_minus_baseline,2,20,-0.018000000000000016,0,0,0.0,20,2,0.018000000000000002,2,0,0.0020000000000000018,2,0,20
1,QUMOND,1.45,0.3,160,325144001,outside_beta_grid,outside_inner_prior,full34,sparse_floor,1000,envelope_minus_baseline,0,2,-0.0020000000000000018,0,0,0.0,2,0,0.0019999999999999983,0,0,0.0,0,0,2
1,QUMOND,1.45,0.3,160,325144001,outside_beta_grid,outside_inner_prior,covariates_only66,uniform_white,1000,envelope_minus_baseline,0,1,-0.001,0,5,-0.004999999999999999,6,0,0.006000000000000005,5,0,0.0050000000000000044,0,0,1
1,QUMOND,1.45,0.3,160,325144001,outside_beta_grid,outside_inner_prior,covariates_only66,clustered_correlated,1000,envelope_minus_baseline,1,1,0.0,0,5,-0.004999999999999999,6,1,0.0050000000000000044,6,0,0.006000000000000005,1,0,1
1,QUMOND,1.45,0.3,160,325144001,outside_beta_grid,outside_inner_prior,covariates_only66,sparse_floor,1000,envelope_minus_baseline,0,3,-0.003,0,12,-0.011999999999999999,15,0,0.015000000000000013,12,0,0.01200000000000001,0,0,3
1,QUMOND,1.45,0.3,160,325144001,outside_beta_grid,outside_inner_prior,conditional66,uniform_white,1000,envelope_minus_baseline,0,0,0.0,0,0,0.0,0,0,0.0,0,0,0.0,0,0,0
1,QUMOND,1.45,0.3,160,325144001,outside_beta_grid,outside_inner_prior,conditional66,clustered_correlated,1000,envelope_minus_baseline,0,0,0.0,0,0,0.0,0,0,0.0,0,0,0.0,0,0,0
1,QUMOND,1.45,0.3,160,325144001,outside_beta_grid,outside_inner_prior,conditional66,sparse_floor,1000,envelope_minus_baseline,0,1,-0.0010000000000000009,0,0,0.0,1,0,0.001,0,0,0.0,0,0,1
2,Newton,1.0,0.0,,326000001,fitted_grid,pure,full66,uniform_white,1000,envelope_minus_baseline,0,0,0.0,0,0,0.0,0,0,0.0,0,0,0.0,0,0,0
2,Newton,1.0,0.0,,326000001,fitted_grid,pure,full66,clustered_correlated,1000,envelope_minus_baseline,0,0,0.0,0,0,0.0,0,0,0.0,0,0,0.0,0,0,0
2,Newton,1.0,0.0,,326000001,fitted_grid,pure,full66,sparse_floor,1000,envelope_minus_baseline,2,0,0.0020000000000000018,1,0,0.0010000000000000009,0,3,-0.003,2,0,0.0020000000000000018,2,1,0
2,Newton,1.0,0.0,,326000001,fitted_grid,pure,no_diagnostics66,uniform_white,1000,envelope_minus_baseline,0,0,0.0,0,0,0.0,0,0,0.0,0,0,0.0,0,0,0
2,Newton,1.0,0.0,,326000001,fitted_grid,pure,no_diagnostics66,clustered_correlated,1000,envelope_minus_baseline,0,0,0.0,0,0,0.0,0,0,0.0,0,0,0.0,0,0,0
2,Newton,1.0,0.0,,326000001,fitted_grid,pure,no_diagnostics66,sparse_floor,1000,envelope_minus_baseline,0,0,0.0,0,0,0.0,0,0,0.0,0,0,0.0,0,0,0
2,Newton,1.0,0.0,,326000001,fitted_grid,pure,full34,uniform_white,1000,envelope_minus_baseline,0,4,-0.0040000000000000036,0,1,-0.001,5,0,0.0049999999999999975,1,0,0.0010000000000000009,0,0,4
2,Newton,1.0,0.0,,326000001,fitted_grid,pure,full34,clustered_correlated,1000,envelope_minus_baseline,0,2,-0.0020000000000000018,0,0,0.0,2,0,0.002,0,0,0.0,0,0,2
2,Newton,1.0,0.0,,326000001,fitted_grid,pure,full34,sparse_floor,1000,envelope_minus_baseline,0,0,0.0,0,0,0.0,0,0,0.0,0,0,0.0,0,0,0
2,Newton,1.0,0.0,,326000001,fitted_grid,pure,covariates_only66,uniform_white,1000,envelope_minus_baseline,0,6,-0.006000000000000002,0,2,-0.002,8,0,0.008000000000000007,2,0,0.0020000000000000018,0,0,6
2,Newton,1.0,0.0,,326000001,fitted_grid,pure,covariates_only66,clustered_correlated,1000,envelope_minus_baseline,0,11,-0.011,0,2,-0.002,13,0,0.013000000000000012,2,0,0.0020000000000000018,0,0,11
2,Newton,1.0,0.0,,326000001,fitted_grid,pure,covariates_only66,sparse_floor,1000,envelope_minus_baseline,1,29,-0.028,0,1,-0.001,30,1,0.029000000000000026,2,0,0.0020000000000000018,1,0,29
2,Newton,1.0,0.0,,326000001,fitted_grid,pure,conditional66,uniform_white,1000,envelope_minus_baseline,0,0,0.0,0,0,0.0,0,0,0.0,0,0,0.0,0,0,0
2,Newton,1.0,0.0,,326000001,fitted_grid,pure,conditional66,clustered_correlated,1000,envelope_minus_baseline,0,0,0.0,0,0,0.0,0,0,0.0,0,0,0.0,0,0,0
2,Newton,1.0,0.0,,326000001,fitted_grid,pure,conditional66,sparse_floor,1000,envelope_minus_baseline,0,0,0.0,0,4,-0.004,4,0,0.004,4,0,0.0040000000000000036,0,0,0
2,Newton,1.0,0.075,40,326001001,fitted_grid,fitted_prior,full66,uniform_white,1000,envelope_minus_baseline,0,0,0.0,0,0,0.0,0,0,0.0,0,0,0.0,0,0,0
2,Newton,1.0,0.075,40,326001001,fitted_grid,fitted_prior,full66,clustered_correlated,1000,envelope_minus_baseline,0,0,0.0,0,0,0.0,0,0,0.0,0,0,0.0,0,0,0
2,Newton,1.0,0.075,40,326001001,fitted_grid,fitted_prior,full66,sparse_floor,1000,envelope_minus_baseline,0,0,0.0,0,0,0.0,0,0,0.0,0,0,0.0,0,0,0
2,Newton,1.0,0.075,40,326001001,fitted_grid,fitted_prior,no_diagnostics66,uniform_white,1000,envelope_minus_baseline,0,0,0.0,0,0,0.0,0,0,0.0,0,0,0.0,0,0,0
2,Newton,1.0,0.075,40,326001001,fitted_grid,fitted_prior,no_diagnostics66,clustered_correlated,1000,envelope_minus_baseline,0,0,0.0,0,0,0.0,0,0,0.0,0,0,0.0,0,0,0
2,Newton,1.0,0.075,40,326001001,fitted_grid,fitted_prior,no_diagnostics66,sparse_floor,1000,envelope_minus_baseline,0,0,0.0,0,0,0.0,0,0,0.0,0,0,0.0,0,0,0
2,Newton,1.0,0.075,40,326001001,fitted_grid,fitted_prior,full34,uniform_white,1000,envelope_minus_baseline,0,1,-0.0010000000000000009,0,0,0.0,1,0,0.001,0,0,0.0,0,0,1
2,Newton,1.0,0.075,40,326001001,fitted_grid,fitted_prior,full34,clustered_correlated,1000,envelope_minus_baseline,0,0,0.0,0,0,0.0,0,0,0.0,0,0,0.0,0,0,0
2,Newton,1.0,0.075,40,326001001,fitted_grid,fitted_prior,full34,sparse_floor,1000,envelope_minus_baseline,0,0,0.0,0,0,0.0,0,0,0.0,0,0,0.0,0,0,0
2,Newton,1.0,0.075,40,326001001,fitted_grid,fitted_prior,covariates_only66,uniform_white,1000,envelope_minus_baseline,1,10,-0.008999999999999998,0,0,0.0,10,1,0.009000000000000008,1,0,0.0010000000000000009,1,0,10
2,Newton,1.0,0.075,40,326001001,fitted_grid,fitted_prior,covariates_only66,clustered_correlated,1000,envelope_minus_baseline,1,9,-0.008,0,0,0.0,9,1,0.008000000000000007,1,0,0.0010000000000000009,1,0,9
2,Newton,1.0,0.075,40,326001001,fitted_grid,fitted_prior,covariates_only66,sparse_floor,1000,envelope_minus_baseline,0,24,-0.024,0,0,0.0,24,0,0.02400000000000002,0,0,0.0,0,0,24
2,Newton,1.0,0.075,40,326001001,fitted_grid,fitted_prior,conditional66,uniform_white,1000,envelope_minus_baseline,0,0,0.0,0,0,0.0,0,0,0.0,0,0,0.0,0,0,0
2,Newton,1.0,0.075,40,326001001,fitted_grid,fitted_prior,conditional66,clustered_correlated,1000,envelope_minus_baseline,0,0,0.0,0,0,0.0,0,0,0.0,0,0,0.0,0,0,0
2,Newton,1.0,0.075,40,326001001,fitted_grid,fitted_prior,conditional66,sparse_floor,1000,envelope_minus_baseline,0,0,0.0,0,0,0.0,0,0,0.0,0,0,0.0,0,0,0
2,Newton,1.0,0.075,80,326002001,fitted_grid,fitted_prior,full66,uniform_white,1000,envelope_minus_baseline,0,0,0.0,0,0,0.0,0,0,0.0,0,0,0.0,0,0,0
2,Newton,1.0,0.075,80,326002001,fitted_grid,fitted_prior,full66,clustered_correlated,1000,envelope_minus_baseline,0,0,0.0,0,0,0.0,0,0,0.0,0,0,0.0,0,0,0
2,Newton,1.0,0.075,80,326002001,fitted_grid,fitted_prior,full66,sparse_floor,1000,envelope_minus_baseline,0,0,0.0,0,0,0.0,0,0,0.0,0,0,0.0,0,0,0
2,Newton,1.0,0.075,80,326002001,fitted_grid,fitted_prior,no_diagnostics66,uniform_white,1000,envelope_minus_baseline,0,0,0.0,0,0,0.0,0,0,0.0,0,0,0.0,0,0,0
2,Newton,1.0,0.075,80,326002001,fitted_grid,fitted_prior,no_diagnostics66,clustered_correlated,1000,envelope_minus_baseline,0,0,0.0,0,0,0.0,0,0,0.0,0,0,0.0,0,0,0
2,Newton,1.0,0.075,80,326002001,fitted_grid,fitted_prior,no_diagnostics66,sparse_floor,1000,envelope_minus_baseline,0,0,0.0,0,0,0.0,0,0,0.0,0,0,0.0,0,0,0
2,Newton,1.0,0.075,80,326002001,fitted_grid,fitted_prior,full34,uniform_white,1000,envelope_minus_baseline,0,2,-0.0020000000000000018,0,0,0.0,2,0,0.002,0,0,0.0,0,0,2
2,Newton,1.0,0.075,80,326002001,fitted_grid,fitted_prior,full34,clustered_correlated,1000,envelope_minus_baseline,0,0,0.0,0,0,0.0,0,0,0.0,0,0,0.0,0,0,0
2,Newton,1.0,0.075,80,326002001,fitted_grid,fitted_prior,full34,sparse_floor,1000,envelope_minus_baseline,0,0,0.0,0,0,0.0,0,0,0.0,0,0,0.0,0,0,0
2,Newton,1.0,0.075,80,326002001,fitted_grid,fitted_prior,covariates_only66,uniform_white,1000,envelope_minus_baseline,0,10,-0.010000000000000002,0,0,0.0,10,0,0.010000000000000009,0,0,0.0,0,0,10
2,Newton,1.0,0.075,80,326002001,fitted_grid,fitted_prior,covariates_only66,clustered_correlated,1000,envelope_minus_baseline,0,9,-0.008999999999999994,0,0,0.0,9,0,0.009000000000000008,0,0,0.0,0,0,9
2,Newton,1.0,0.075,80,326002001,fitted_grid,fitted_prior,covariates_only66,sparse_floor,1000,envelope_minus_baseline,0,30,-0.030000000000000002,0,1,-0.001,31,0,0.031000000000000028,1,0,0.0010000000000000009,0,0,30
2,Newton,1.0,0.075,80,326002001,fitted_grid,fitted_prior,conditional66,uniform_white,1000,envelope_minus_baseline,0,0,0.0,0,0,0.0,0,0,0.0,0,0,0.0,0,0,0
2,Newton,1.0,0.075,80,326002001,fitted_grid,fitted_prior,conditional66,clustered_correlated,1000,envelope_minus_baseline,0,0,0.0,0,0,0.0,0,0,0.0,0,0,0.0,0,0,0
2,Newton,1.0,0.075,80,326002001,fitted_grid,fitted_prior,conditional66,sparse_floor,1000,envelope_minus_baseline,0,0,0.0,0,0,0.0,0,0,0.0,0,0,0.0,0,0,0
2,Newton,1.0,0.075,60,326003001,fitted_grid,outside_inner_prior,full66,uniform_white,1000,envelope_minus_baseline,0,0,0.0,0,0,0.0,0,0,0.0,0,0,0.0,0,0,0
2,Newton,1.0,0.075,60,326003001,fitted_grid,outside_inner_prior,full66,clustered_correlated,1000,envelope_minus_baseline,0,0,0.0,0,0,0.0,0,0,0.0,0,0,0.0,0,0,0
2,Newton,1.0,0.075,60,326003001,fitted_grid,outside_inner_prior,full66,sparse_floor,1000,envelope_minus_baseline,0,0,0.0,0,0,0.0,0,0,0.0,0,0,0.0,0,0,0
2,Newton,1.0,0.075,60,326003001,fitted_grid,outside_inner_prior,no_diagnostics66,uniform_white,1000,envelope_minus_baseline,0,0,0.0,0,0,0.0,0,0,0.0,0,0,0.0,0,0,0
2,Newton,1.0,0.075,60,326003001,fitted_grid,outside_inner_prior,no_diagnostics66,clustered_correlated,1000,envelope_minus_baseline,0,0,0.0,0,0,0.0,0,0,0.0,0,0,0.0,0,0,0
2,Newton,1.0,0.075,60,326003001,fitted_grid,outside_inner_prior,no_diagnostics66,sparse_floor,1000,envelope_minus_baseline,0,0,0.0,0,0,0.0,0,0,0.0,0,0,0.0,0,0,0
2,Newton,1.0,0.075,60,326003001,fitted_grid,outside_inner_prior,full34,uniform_white,1000,envelope_minus_baseline,0,1,-0.0010000000000000009,0,0,0.0,1,0,0.001,0,0,0.0,0,0,1
2,Newton,1.0,0.075,60,326003001,fitted_grid,outside_inner_prior,full34,clustered_correlated,1000,envelope_minus_baseline,0,0,0.0,0,0,0.0,0,0,0.0,0,0,0.0,0,0,0
2,Newton,1.0,0.075,60,326003001,fitted_grid,outside_inner_prior,full34,sparse_floor,1000,envelope_minus_baseline,0,0,0.0,0,0,0.0,0,0,0.0,0,0,0.0,0,0,0
2,Newton,1.0,0.075,60,326003001,fitted_grid,outside_inner_prior,covariates_only66,uniform_white,1000,envelope_minus_baseline,0,11,-0.011000000000000003,0,2,-0.002,13,0,0.013000000000000012,2,0,0.0020000000000000018,0,0,11
2,Newton,1.0,0.075,60,326003001,fitted_grid,outside_inner_prior,covariates_only66,clustered_correlated,1000,envelope_minus_baseline,0,11,-0.011,0,0,0.0,11,0,0.01100000000000001,0,0,0.0,0,0,11
2,Newton,1.0,0.075,60,326003001,fitted_grid,outside_inner_prior,covariates_only66,sparse_floor,1000,envelope_minus_baseline,1,24,-0.023,0,3,-0.003,27,1,0.026000000000000023,4,0,0.0040000000000000036,1,0,24
2,Newton,1.0,0.075,60,326003001,fitted_grid,outside_inner_prior,conditional66,uniform_white,1000,envelope_minus_baseline,0,0,0.0,0,0,0.0,0,0,0.0,0,0,0.0,0,0,0
2,Newton,1.0,0.075,60,326003001,fitted_grid,outside_inner_prior,conditional66,clustered_correlated,1000,envelope_minus_baseline,0,0,0.0,0,0,0.0,0,0,0.0,0,0,0.0,0,0,0
2,Newton,1.0,0.075,60,326003001,fitted_grid,outside_inner_prior,conditional66,sparse_floor,1000,envelope_minus_baseline,0,0,0.0,0,1,-0.001,1,0,0.001,1,0,0.0010000000000000009,0,0,0
2,Newton,1.0,0.075,160,326004001,fitted_grid,outside_inner_prior,full66,uniform_white,1000,envelope_minus_baseline,0,0,0.0,0,0,0.0,0,0,0.0,0,0,0.0,0,0,0
2,Newton,1.0,0.075,160,326004001,fitted_grid,outside_inner_prior,full66,clustered_correlated,1000,envelope_minus_baseline,0,0,0.0,0,0,0.0,0,0,0.0,0,0,0.0,0,0,0
2,Newton,1.0,0.075,160,326004001,fitted_grid,outside_inner_prior,full66,sparse_floor,1000,envelope_minus_baseline,0,0,0.0,0,0,0.0,0,0,0.0,0,0,0.0,0,0,0
2,Newton,1.0,0.075,160,326004001,fitted_grid,outside_inner_prior,no_diagnostics66,uniform_white,1000,envelope_minus_baseline,0,0,0.0,0,0,0.0,0,0,0.0,0,0,0.0,0,0,0
2,Newton,1.0,0.075,160,326004001,fitted_grid,outside_inner_prior,no_diagnostics66,clustered_correlated,1000,envelope_minus_baseline,0,0,0.0,0,0,0.0,0,0,0.0,0,0,0.0,0,0,0
2,Newton,1.0,0.075,160,326004001,fitted_grid,outside_inner_prior,no_diagnostics66,sparse_floor,1000,envelope_minus_baseline,0,0,0.0,0,0,0.0,0,0,0.0,0,0,0.0,0,0,0
2,Newton,1.0,0.075,160,326004001,fitted_grid,outside_inner_prior,full34,uniform_white,1000,envelope_minus_baseline,0,0,0.0,0,0,0.0,0,0,0.0,0,0,0.0,0,0,0
2,Newton,1.0,0.075,160,326004001,fitted_grid,outside_inner_prior,full34,clustered_correlated,1000,envelope_minus_baseline,0,0,0.0,0,0,0.0,0,0,0.0,0,0,0.0,0,0,0
2,Newton,1.0,0.075,160,326004001,fitted_grid,outside_inner_prior,full34,sparse_floor,1000,envelope_minus_baseline,0,0,0.0,0,0,0.0,0,0,0.0,0,0,0.0,0,0,0
2,Newton,1.0,0.075,160,326004001,fitted_grid,outside_inner_prior,covariates_only66,uniform_white,1000,envelope_minus_baseline,0,11,-0.011000000000000003,0,0,0.0,11,0,0.01100000000000001,0,0,0.0,0,0,11
2,Newton,1.0,0.075,160,326004001,fitted_grid,outside_inner_prior,covariates_only66,clustered_correlated,1000,envelope_minus_baseline,0,15,-0.015,0,0,0.0,15,0,0.015000000000000013,0,0,0.0,0,0,15
2,Newton,1.0,0.075,160,326004001,fitted_grid,outside_inner_prior,covariates_only66,sparse_floor,1000,envelope_minus_baseline,0,31,-0.031,0,1,-0.001,32,0,0.03200000000000003,1,0,0.0010000000000000009,0,0,31
2,Newton,1.0,0.075,160,326004001,fitted_grid,outside_inner_prior,conditional66,uniform_white,1000,envelope_minus_baseline,0,0,0.0,0,0,0.0,0,0,0.0,0,0,0.0,0,0,0
2,Newton,1.0,0.075,160,326004001,fitted_grid,outside_inner_prior,conditional66,clustered_correlated,1000,envelope_minus_baseline,0,0,0.0,0,0,0.0,0,0,0.0,0,0,0.0,0,0,0
2,Newton,1.0,0.075,160,326004001,fitted_grid,outside_inner_prior,conditional66,sparse_floor,1000,envelope_minus_baseline,0,0,0.0,0,0,0.0,0,0,0.0,0,0,0.0,0,0,0
2,Newton,1.0,0.225,40,326005001,fitted_grid,fitted_prior,full66,uniform_white,1000,envelope_minus_baseline,0,0,0.0,0,0,0.0,0,0,0.0,0,0,0.0,0,0,0
2,Newton,1.0,0.225,40,326005001,fitted_grid,fitted_prior,full66,clustered_correlated,1000,envelope_minus_baseline,0,0,0.0,0,0,0.0,0,0,0.0,0,0,0.0,0,0,0
2,Newton,1.0,0.225,40,326005001,fitted_grid,fitted_prior,full66,sparse_floor,1000,envelope_minus_baseline,0,0,0.0,0,0,0.0,0,0,0.0,0,0,0.0,0,0,0
2,Newton,1.0,0.225,40,326005001,fitted_grid,fitted_prior,no_diagnostics66,uniform_white,1000,envelope_minus_baseline,0,0,0.0,0,0,0.0,0,0,0.0,0,0,0.0,0,0,0
2,Newton,1.0,0.225,40,326005001,fitted_grid,fitted_prior,no_diagnostics66,clustered_correlated,1000,envelope_minus_baseline,0,0,0.0,0,0,0.0,0,0,0.0,0,0,0.0,0,0,0
2,Newton,1.0,0.225,40,326005001,fitted_grid,fitted_prior,no_diagnostics66,sparse_floor,1000,envelope_minus_baseline,0,0,0.0,0,0,0.0,0,0,0.0,0,0,0.0,0,0,0
2,Newton,1.0,0.225,40,326005001,fitted_grid,fitted_prior,full34,uniform_white,1000,envelope_minus_baseline,0,1,-0.0010000000000000009,0,0,0.0,1,0,0.001,0,0,0.0,0,0,1
2,Newton,1.0,0.225,40,326005001,fitted_grid,fitted_prior,full34,clustered_correlated,1000,envelope_minus_baseline,0,0,0.0,0,1,-0.001,1,0,0.001,1,0,0.0010000000000000009,0,0,0
2,Newton,1.0,0.225,40,326005001,fitted_grid,fitted_prior,full34,sparse_floor,1000,envelope_minus_baseline,0,0,0.0,0,0,0.0,0,0,0.0,0,0,0.0,0,0,0
2,Newton,1.0,0.225,40,326005001,fitted_grid,fitted_prior,covariates_only66,uniform_white,1000,envelope_minus_baseline,0,8,-0.008,0,2,-0.002,10,0,0.010000000000000009,2,0,0.0020000000000000018,0,0,8
2,Newton,1.0,0.225,40,326005001,fitted_grid,fitted_prior,covariates_only66,clustered_correlated,1000,envelope_minus_baseline,0,9,-0.008999999999999998,0,3,-0.003,12,0,0.01200000000000001,3,0,0.0030000000000000027,0,0,9
2,Newton,1.0,0.225,40,326005001,fitted_grid,fitted_prior,covariates_only66,sparse_floor,1000,envelope_minus_baseline,0,22,-0.022000000000000002,0,3,-0.003,25,0,0.025000000000000022,3,0,0.0030000000000000027,0,0,22
2,Newton,1.0,0.225,40,326005001,fitted_grid,fitted_prior,conditional66,uniform_white,1000,envelope_minus_baseline,0,0,0.0,0,0,0.0,0,0,0.0,0,0,0.0,0,0,0
2,Newton,1.0,0.225,40,326005001,fitted_grid,fitted_prior,conditional66,clustered_correlated,1000,envelope_minus_baseline,0,0,0.0,0,0,0.0,0,0,0.0,0,0,0.0,0,0,0
2,Newton,1.0,0.225,40,326005001,fitted_grid,fitted_prior,conditional66,sparse_floor,1000,envelope_minus_baseline,0,0,0.0,0,2,-0.002,2,0,0.002,2,0,0.0020000000000000018,0,0,0
2,Newton,1.0,0.225,80,326006001,fitted_grid,fitted_prior,full66,uniform_white,1000,envelope_minus_baseline,0,0,0.0,0,0,0.0,0,0,0.0,0,0,0.0,0,0,0
2,Newton,1.0,0.225,80,326006001,fitted_grid,fitted_prior,full66,clustered_correlated,1000,envelope_minus_baseline,0,0,0.0,0,0,0.0,0,0,0.0,0,0,0.0,0,0,0
2,Newton,1.0,0.225,80,326006001,fitted_grid,fitted_prior,full66,sparse_floor,1000,envelope_minus_baseline,0,0,0.0,0,0,0.0,0,0,0.0,0,0,0.0,0,0,0
2,Newton,1.0,0.225,80,326006001,fitted_grid,fitted_prior,no_diagnostics66,uniform_white,1000,envelope_minus_baseline,0,0,0.0,0,0,0.0,0,0,0.0,0,0,0.0,0,0,0
2,Newton,1.0,0.225,80,326006001,fitted_grid,fitted_prior,no_diagnostics66,clustered_correlated,1000,envelope_minus_baseline,0,0,0.0,0,0,0.0,0,0,0.0,0,0,0.0,0,0,0
2,Newton,1.0,0.225,80,326006001,fitted_grid,fitted_prior,no_diagnostics66,sparse_floor,1000,envelope_minus_baseline,0,0,0.0,0,0,0.0,0,0,0.0,0,0,0.0,0,0,0
2,Newton,1.0,0.225,80,326006001,fitted_grid,fitted_prior,full34,uniform_white,1000,envelope_minus_baseline,0,0,0.0,0,0,0.0,0,0,0.0,0,0,0.0,0,0,0
2,Newton,1.0,0.225,80,326006001,fitted_grid,fitted_prior,full34,clustered_correlated,1000,envelope_minus_baseline,0,0,0.0,0,0,0.0,0,0,0.0,0,0,0.0,0,0,0
2,Newton,1.0,0.225,80,326006001,fitted_grid,fitted_prior,full34,sparse_floor,1000,envelope_minus_baseline,0,0,0.0,0,0,0.0,0,0,0.0,0,0,0.0,0,0,0
2,Newton,1.0,0.225,80,326006001,fitted_grid,fitted_prior,covariates_only66,uniform_white,1000,envelope_minus_baseline,0,4,-0.004,0,3,-0.003,7,0,0.007000000000000006,3,0,0.0030000000000000027,0,0,4
2,Newton,1.0,0.225,80,326006001,fitted_grid,fitted_prior,covariates_only66,clustered_correlated,1000,envelope_minus_baseline,0,8,-0.008,0,3,-0.003,11,0,0.01100000000000001,3,0,0.0030000000000000027,0,0,8
2,Newton,1.0,0.225,80,326006001,fitted_grid,fitted_prior,covariates_only66,sparse_floor,1000,envelope_minus_baseline,0,19,-0.019000000000000003,0,4,-0.004,23,0,0.02300000000000002,4,0,0.0040000000000000036,0,0,19
2,Newton,1.0,0.225,80,326006001,fitted_grid,fitted_prior,conditional66,uniform_white,1000,envelope_minus_baseline,0,0,0.0,0,0,0.0,0,0,0.0,0,0,0.0,0,0,0
2,Newton,1.0,0.225,80,326006001,fitted_grid,fitted_prior,conditional66,clustered_correlated,1000,envelope_minus_baseline,0,0,0.0,0,0,0.0,0,0,0.0,0,0,0.0,0,0,0
2,Newton,1.0,0.225,80,326006001,fitted_grid,fitted_prior,conditional66,sparse_floor,1000,envelope_minus_baseline,0,0,0.0,0,1,-0.001,1,0,0.001,1,0,0.0010000000000000009,0,0,0
2,Newton,1.0,0.225,60,326007001,fitted_grid,outside_inner_prior,full66,uniform_white,1000,envelope_minus_baseline,0,0,0.0,0,0,0.0,0,0,0.0,0,0,0.0,0,0,0
2,Newton,1.0,0.225,60,326007001,fitted_grid,outside_inner_prior,full66,clustered_correlated,1000,envelope_minus_baseline,0,0,0.0,0,0,0.0,0,0,0.0,0,0,0.0,0,0,0
2,Newton,1.0,0.225,60,326007001,fitted_grid,outside_inner_prior,full66,sparse_floor,1000,envelope_minus_baseline,0,0,0.0,0,0,0.0,0,0,0.0,0,0,0.0,0,0,0
2,Newton,1.0,0.225,60,326007001,fitted_grid,outside_inner_prior,no_diagnostics66,uniform_white,1000,envelope_minus_baseline,0,0,0.0,0,0,0.0,0,0,0.0,0,0,0.0,0,0,0
2,Newton,1.0,0.225,60,326007001,fitted_grid,outside_inner_prior,no_diagnostics66,clustered_correlated,1000,envelope_minus_baseline,0,0,0.0,0,0,0.0,0,0,0.0,0,0,0.0,0,0,0
2,Newton,1.0,0.225,60,326007001,fitted_grid,outside_inner_prior,no_diagnostics66,sparse_floor,1000,envelope_minus_baseline,1,0,0.0010000000000000009,0,0,0.0,0,1,-0.001,1,0,0.0010000000000000009,1,0,0
2,Newton,1.0,0.225,60,326007001,fitted_grid,outside_inner_prior,full34,uniform_white,1000,envelope_minus_baseline,0,1,-0.0010000000000000009,0,0,0.0,1,0,0.001,0,0,0.0,0,0,1
2,Newton,1.0,0.225,60,326007001,fitted_grid,outside_inner_prior,full34,clustered_correlated,1000,envelope_minus_baseline,0,0,0.0,0,0,0.0,0,0,0.0,0,0,0.0,0,0,0
2,Newton,1.0,0.225,60,326007001,fitted_grid,outside_inner_prior,full34,sparse_floor,1000,envelope_minus_baseline,0,0,0.0,0,0,0.0,0,0,0.0,0,0,0.0,0,0,0
2,Newton,1.0,0.225,60,326007001,fitted_grid,outside_inner_prior,covariates_only66,uniform_white,1000,envelope_minus_baseline,0,7,-0.006999999999999999,0,1,-0.001,8,0,0.008000000000000007,1,0,0.0010000000000000009,0,0,7
2,Newton,1.0,0.225,60,326007001,fitted_grid,outside_inner_prior,covariates_only66,clustered_correlated,1000,envelope_minus_baseline,1,14,-0.013000000000000001,0,1,-0.001,15,1,0.014000000000000012,2,0,0.0020000000000000018,1,0,14
2,Newton,1.0,0.225,60,326007001,fitted_grid,outside_inner_prior,covariates_only66,sparse_floor,1000,envelope_minus_baseline,0,21,-0.021000000000000005,0,2,-0.002,23,0,0.02300000000000002,2,0,0.0020000000000000018,0,0,21
2,Newton,1.0,0.225,60,326007001,fitted_grid,outside_inner_prior,conditional66,uniform_white,1000,envelope_minus_baseline,0,0,0.0,0,0,0.0,0,0,0.0,0,0,0.0,0,0,0
2,Newton,1.0,0.225,60,326007001,fitted_grid,outside_inner_prior,conditional66,clustered_correlated,1000,envelope_minus_baseline,0,0,0.0,0,0,0.0,0,0,0.0,0,0,0.0,0,0,0
2,Newton,1.0,0.225,60,326007001,fitted_grid,outside_inner_prior,conditional66,sparse_floor,1000,envelope_minus_baseline,0,0,0.0,0,0,0.0,0,0,0.0,0,0,0.0,0,0,0
2,Newton,1.0,0.225,160,326008001,fitted_grid,outside_inner_prior,full66,uniform_white,1000,envelope_minus_baseline,0,0,0.0,0,0,0.0,0,0,0.0,0,0,0.0,0,0,0
2,Newton,1.0,0.225,160,326008001,fitted_grid,outside_inner_prior,full66,clustered_correlated,1000,envelope_minus_baseline,0,0,0.0,0,0,0.0,0,0,0.0,0,0,0.0,0,0,0
2,Newton,1.0,0.225,160,326008001,fitted_grid,outside_inner_prior,full66,sparse_floor,1000,envelope_minus_baseline,0,0,0.0,0,0,0.0,0,0,0.0,0,0,0.0,0,0,0
2,Newton,1.0,0.225,160,326008001,fitted_grid,outside_inner_prior,no_diagnostics66,uniform_white,1000,envelope_minus_baseline,0,0,0.0,0,0,0.0,0,0,0.0,0,0,0.0,0,0,0
2,Newton,1.0,0.225,160,326008001,fitted_grid,outside_inner_prior,no_diagnostics66,clustered_correlated,1000,envelope_minus_baseline,0,0,0.0,0,0,0.0,0,0,0.0,0,0,0.0,0,0,0
2,Newton,1.0,0.225,160,326008001,fitted_grid,outside_inner_prior,no_diagnostics66,sparse_floor,1000,envelope_minus_baseline,0,0,0.0,0,0,0.0,0,0,0.0,0,0,0.0,0,0,0
2,Newton,1.0,0.225,160,326008001,fitted_grid,outside_inner_prior,full34,uniform_white,1000,envelope_minus_baseline,0,1,-0.0010000000000000009,0,0,0.0,1,0,0.001,0,0,0.0,0,0,1
2,Newton,1.0,0.225,160,326008001,fitted_grid,outside_inner_prior,full34,clustered_correlated,1000,envelope_minus_baseline,0,0,0.0,0,0,0.0,0,0,0.0,0,0,0.0,0,0,0
2,Newton,1.0,0.225,160,326008001,fitted_grid,outside_inner_prior,full34,sparse_floor,1000,envelope_minus_baseline,0,0,0.0,0,0,0.0,0,0,0.0,0,0,0.0,0,0,0
2,Newton,1.0,0.225,160,326008001,fitted_grid,outside_inner_prior,covariates_only66,uniform_white,1000,envelope_minus_baseline,1,9,-0.008000000000000004,0,0,0.0,9,1,0.008000000000000007,1,0,0.0010000000000000009,1,0,9
2,Newton,1.0,0.225,160,326008001,fitted_grid,outside_inner_prior,covariates_only66,clustered_correlated,1000,envelope_minus_baseline,0,12,-0.012,0,0,0.0,12,0,0.01200000000000001,0,0,0.0,0,0,12
2,Newton,1.0,0.225,160,326008001,fitted_grid,outside_inner_prior,covariates_only66,sparse_floor,1000,envelope_minus_baseline,1,27,-0.026,0,1,-0.001,28,1,0.027000000000000024,2,0,0.0020000000000000018,1,0,27
2,Newton,1.0,0.225,160,326008001,fitted_grid,outside_inner_prior,conditional66,uniform_white,1000,envelope_minus_baseline,0,0,0.0,0,0,0.0,0,0,0.0,0,0,0.0,0,0,0
2,Newton,1.0,0.225,160,326008001,fitted_grid,outside_inner_prior,conditional66,clustered_correlated,1000,envelope_minus_baseline,0,0,0.0,0,0,0.0,0,0,0.0,0,0,0.0,0,0,0
2,Newton,1.0,0.225,160,326008001,fitted_grid,outside_inner_prior,conditional66,sparse_floor,1000,envelope_minus_baseline,0,0,0.0,0,1,-0.001,1,0,0.0010000000000000009,1,0,0.0010000000000000009,0,0,0
2,Newton,1.0,0.3,40,326009001,fitted_grid,fitted_prior,full66,uniform_white,1000,envelope_minus_baseline,1,0,0.0010000000000000009,0,0,0.0,0,1,-0.001,1,0,0.0010000000000000009,1,0,0
2,Newton,1.0,0.3,40,326009001,fitted_grid,fitted_prior,full66,clustered_correlated,1000,envelope_minus_baseline,0,0,0.0,0,0,0.0,0,0,0.0,0,0,0.0,0,0,0
2,Newton,1.0,0.3,40,326009001,fitted_grid,fitted_prior,full66,sparse_floor,1000,envelope_minus_baseline,1,0,0.0010000000000000009,0,0,0.0,0,1,-0.001,1,0,0.0010000000000000009,1,0,0
2,Newton,1.0,0.3,40,326009001,fitted_grid,fitted_prior,no_diagnostics66,uniform_white,1000,envelope_minus_baseline,0,0,0.0,0,0,0.0,0,0,0.0,0,0,0.0,0,0,0
2,Newton,1.0,0.3,40,326009001,fitted_grid,fitted_prior,no_diagnostics66,clustered_correlated,1000,envelope_minus_baseline,0,0,0.0,0,0,0.0,0,0,0.0,0,0,0.0,0,0,0
2,Newton,1.0,0.3,40,326009001,fitted_grid,fitted_prior,no_diagnostics66,sparse_floor,1000,envelope_minus_baseline,2,0,0.0020000000000000018,0,0,0.0,0,2,-0.002,2,0,0.0020000000000000018,2,0,0
2,Newton,1.0,0.3,40,326009001,fitted_grid,fitted_prior,full34,uniform_white,1000,envelope_minus_baseline,1,1,0.0,0,1,-0.001,2,1,0.001,2,0,0.0020000000000000018,1,0,1
2,Newton,1.0,0.3,40,326009001,fitted_grid,fitted_prior,full34,clustered_correlated,1000,envelope_minus_baseline,1,0,0.0010000000000000009,0,0,0.0,0,1,-0.001,1,0,0.0010000000000000009,1,0,0
2,Newton,1.0,0.3,40,326009001,fitted_grid,fitted_prior,full34,sparse_floor,1000,envelope_minus_baseline,0,0,0.0,0,0,0.0,0,0,0.0,0,0,0.0,0,0,0
2,Newton,1.0,0.3,40,326009001,fitted_grid,fitted_prior,covariates_only66,uniform_white,1000,envelope_minus_baseline,0,7,-0.007000000000000003,0,0,0.0,7,0,0.007000000000000006,0,0,0.0,0,0,7
2,Newton,1.0,0.3,40,326009001,fitted_grid,fitted_prior,covariates_only66,clustered_correlated,1000,envelope_minus_baseline,1,11,-0.009999999999999998,0,0,0.0,11,1,0.010000000000000009,1,0,0.0010000000000000009,1,0,11
2,Newton,1.0,0.3,40,326009001,fitted_grid,fitted_prior,covariates_only66,sparse_floor,1000,envelope_minus_baseline,0,29,-0.029,0,1,-0.001,30,0,0.030000000000000027,1,0,0.0010000000000000009,0,0,29
2,Newton,1.0,0.3,40,326009001,fitted_grid,fitted_prior,conditional66,uniform_white,1000,envelope_minus_baseline,0,0,0.0,0,0,0.0,0,0,0.0,0,0,0.0,0,0,0
2,Newton,1.0,0.3,40,326009001,fitted_grid,fitted_prior,conditional66,clustered_correlated,1000,envelope_minus_baseline,0,0,0.0,0,0,0.0,0,0,0.0,0,0,0.0,0,0,0
2,Newton,1.0,0.3,40,326009001,fitted_grid,fitted_prior,conditional66,sparse_floor,1000,envelope_minus_baseline,1,0,0.0010000000000000009,0,2,-0.002,2,1,0.0009999999999999992,3,0,0.0030000000000000027,1,0,0
2,Newton,1.0,0.3,80,326010001,fitted_grid,fitted_prior,full66,uniform_white,1000,envelope_minus_baseline,2,0,0.0020000000000000018,0,0,0.0,0,2,-0.002,2,0,0.0020000000000000018,2,0,0
2,Newton,1.0,0.3,80,326010001,fitted_grid,fitted_prior,full66,clustered_correlated,1000,envelope_minus_baseline,0,0,0.0,0,0,0.0,0,0,0.0,0,0,0.0,0,0,0
2,Newton,1.0,0.3,80,326010001,fitted_grid,fitted_prior,full66,sparse_floor,1000,envelope_minus_baseline,3,0,0.0030000000000000027,0,0,0.0,0,3,-0.003,3,0,0.0030000000000000027,3,0,0
2,Newton,1.0,0.3,80,326010001,fitted_grid,fitted_prior,no_diagnostics66,uniform_white,1000,envelope_minus_baseline,0,0,0.0,0,0,0.0,0,0,0.0,0,0,0.0,0,0,0
2,Newton,1.0,0.3,80,326010001,fitted_grid,fitted_prior,no_diagnostics66,clustered_correlated,1000,envelope_minus_baseline,0,0,0.0,0,0,0.0,0,0,0.0,0,0,0.0,0,0,0
2,Newton,1.0,0.3,80,326010001,fitted_grid,fitted_prior,no_diagnostics66,sparse_floor,1000,envelope_minus_baseline,3,0,0.0030000000000000027,0,0,0.0,0,3,-0.003,3,0,0.0030000000000000027,3,0,0
2,Newton,1.0,0.3,80,326010001,fitted_grid,fitted_prior,full34,uniform_white,1000,envelope_minus_baseline,0,2,-0.0020000000000000018,0,0,0.0,2,0,0.002,0,0,0.0,0,0,2
2,Newton,1.0,0.3,80,326010001,fitted_grid,fitted_prior,full34,clustered_correlated,1000,envelope_minus_baseline,0,2,-0.0020000000000000018,0,0,0.0,2,0,0.002,0,0,0.0,0,0,2
2,Newton,1.0,0.3,80,326010001,fitted_grid,fitted_prior,full34,sparse_floor,1000,envelope_minus_baseline,0,0,0.0,0,0,0.0,0,0,0.0,0,0,0.0,0,0,0
2,Newton,1.0,0.3,80,326010001,fitted_grid,fitted_prior,covariates_only66,uniform_white,1000,envelope_minus_baseline,0,2,-0.0020000000000000018,0,0,0.0,2,0,0.0020000000000000018,0,0,0.0,0,0,2
2,Newton,1.0,0.3,80,326010001,fitted_grid,fitted_prior,covariates_only66,clustered_correlated,1000,envelope_minus_baseline,0,8,-0.008,0,0,0.0,8,0,0.008000000000000007,0,0,0.0,0,0,8
2,Newton,1.0,0.3,80,326010001,fitted_grid,fitted_prior,covariates_only66,sparse_floor,1000,envelope_minus_baseline,0,12,-0.012000000000000002,0,1,-0.001,13,0,0.013000000000000012,1,0,0.0010000000000000009,0,0,12
2,Newton,1.0,0.3,80,326010001,fitted_grid,fitted_prior,conditional66,uniform_white,1000,envelope_minus_baseline,2,0,0.0020000000000000018,0,0,0.0,0,2,-0.001999999999999995,2,0,0.0020000000000000018,2,0,0
2,Newton,1.0,0.3,80,326010001,fitted_grid,fitted_prior,conditional66,clustered_correlated,1000,envelope_minus_baseline,0,0,0.0,0,0,0.0,0,0,0.0,0,0,0.0,0,0,0
2,Newton,1.0,0.3,80,326010001,fitted_grid,fitted_prior,conditional66,sparse_floor,1000,envelope_minus_baseline,2,0,0.0020000000000000018,0,1,-0.001,1,2,-0.0010000000000000009,3,0,0.0030000000000000027,2,0,0
2,Newton,1.0,0.3,60,326011001,fitted_grid,outside_inner_prior,full66,uniform_white,1000,envelope_minus_baseline,1,0,0.0010000000000000009,0,0,0.0,0,1,-0.001,1,0,0.0010000000000000009,1,0,0
2,Newton,1.0,0.3,60,326011001,fitted_grid,outside_inner_prior,full66,clustered_correlated,1000,envelope_minus_baseline,0,0,0.0,0,0,0.0,0,0,0.0,0,0,0.0,0,0,0
2,Newton,1.0,0.3,60,326011001,fitted_grid,outside_inner_prior,full66,sparse_floor,1000,envelope_minus_baseline,5,0,0.0050000000000000044,0,0,0.0,0,5,-0.005,5,0,0.0050000000000000044,5,0,0
2,Newton,1.0,0.3,60,326011001,fitted_grid,outside_inner_prior,no_diagnostics66,uniform_white,1000,envelope_minus_baseline,0,0,0.0,0,0,0.0,0,0,0.0,0,0,0.0,0,0,0
2,Newton,1.0,0.3,60,326011001,fitted_grid,outside_inner_prior,no_diagnostics66,clustered_correlated,1000,envelope_minus_baseline,0,0,0.0,0,0,0.0,0,0,0.0,0,0,0.0,0,0,0
2,Newton,1.0,0.3,60,326011001,fitted_grid,outside_inner_prior,no_diagnostics66,sparse_floor,1000,envelope_minus_baseline,6,0,0.006000000000000005,0,0,0.0,0,6,-0.006,6,0,0.006000000000000005,6,0,0
2,Newton,1.0,0.3,60,326011001,fitted_grid,outside_inner_prior,full34,uniform_white,1000,envelope_minus_baseline,1,5,-0.0040000000000000036,0,0,0.0,5,1,0.004,1,0,0.0010000000000000009,1,0,5
2,Newton,1.0,0.3,60,326011001,fitted_grid,outside_inner_prior,full34,clustered_correlated,1000,envelope_minus_baseline,1,2,-0.0010000000000000009,0,1,-0.001,3,1,0.001999999999999999,2,0,0.0020000000000000018,1,0,2
2,Newton,1.0,0.3,60,326011001,fitted_grid,outside_inner_prior,full34,sparse_floor,1000,envelope_minus_baseline,0,0,0.0,0,0,0.0,0,0,0.0,0,0,0.0,0,0,0
2,Newton,1.0,0.3,60,326011001,fitted_grid,outside_inner_prior,covariates_only66,uniform_white,1000,envelope_minus_baseline,0,13,-0.012999999999999998,0,1,-0.001,14,0,0.014000000000000012,1,0,0.0010000000000000009,0,0,13
2,Newton,1.0,0.3,60,326011001,fitted_grid,outside_inner_prior,covariates_only66,clustered_correlated,1000,envelope_minus_baseline,0,13,-0.013000000000000001,0,1,-0.001,14,0,0.014000000000000012,1,0,0.0010000000000000009,0,0,13
2,Newton,1.0,0.3,60,326011001,fitted_grid,outside_inner_prior,covariates_only66,sparse_floor,1000,envelope_minus_baseline,0,25,-0.025,0,1,-0.001,26,0,0.026000000000000023,1,0,0.0010000000000000009,0,0,25
2,Newton,1.0,0.3,60,326011001,fitted_grid,outside_inner_prior,conditional66,uniform_white,1000,envelope_minus_baseline,0,0,0.0,0,0,0.0,0,0,0.0,0,0,0.0,0,0,0
2,Newton,1.0,0.3,60,326011001,fitted_grid,outside_inner_prior,conditional66,clustered_correlated,1000,envelope_minus_baseline,0,0,0.0,0,0,0.0,0,0,0.0,0,0,0.0,0,0,0
2,Newton,1.0,0.3,60,326011001,fitted_grid,outside_inner_prior,conditional66,sparse_floor,1000,envelope_minus_baseline,1,0,0.0010000000000000009,0,2,-0.002,2,1,0.0010000000000000009,3,0,0.0030000000000000027,1,0,0
2,Newton,1.0,0.3,160,326012001,fitted_grid,outside_inner_prior,full66,uniform_white,1000,envelope_minus_baseline,6,0,0.006000000000000005,0,0,0.0,0,6,-0.006,6,0,0.006000000000000005,6,0,0
2,Newton,1.0,0.3,160,326012001,fitted_grid,outside_inner_prior,full66,clustered_correlated,1000,envelope_minus_baseline,0,0,0.0,0,0,0.0,0,0,0.0,0,0,0.0,0,0,0
2,Newton,1.0,0.3,160,326012001,fitted_grid,outside_inner_prior,full66,sparse_floor,1000,envelope_minus_baseline,6,0,0.006000000000000005,1,0,0.001,0,7,-0.006999999999999999,6,0,0.006000000000000005,6,1,0
2,Newton,1.0,0.3,160,326012001,fitted_grid,outside_inner_prior,no_diagnostics66,uniform_white,1000,envelope_minus_baseline,2,0,0.0020000000000000018,0,0,0.0,0,2,-0.002,2,0,0.0020000000000000018,2,0,0
2,Newton,1.0,0.3,160,326012001,fitted_grid,outside_inner_prior,no_diagnostics66,clustered_correlated,1000,envelope_minus_baseline,0,0,0.0,0,0,0.0,0,0,0.0,0,0,0.0,0,0,0
2,Newton,1.0,0.3,160,326012001,fitted_grid,outside_inner_prior,no_diagnostics66,sparse_floor,1000,envelope_minus_baseline,4,0,0.0040000000000000036,0,0,0.0,0,4,-0.003999999999999999,4,0,0.0040000000000000036,4,0,0
2,Newton,1.0,0.3,160,326012001,fitted_grid,outside_inner_prior,full34,uniform_white,1000,envelope_minus_baseline,2,3,-0.0010000000000000009,0,0,0.0,3,2,0.0009999999999999974,2,0,0.0020000000000000018,2,0,3
2,Newton,1.0,0.3,160,326012001,fitted_grid,outside_inner_prior,full34,clustered_correlated,1000,envelope_minus_baseline,1,2,-0.0010000000000000009,0,0,0.0,2,1,0.0010000000000000009,1,0,0.0010000000000000009,1,0,2
2,Newton,1.0,0.3,160,326012001,fitted_grid,outside_inner_prior,full34,sparse_floor,1000,envelope_minus_baseline,0,0,0.0,0,0,0.0,0,0,0.0,0,0,0.0,0,0,0
2,Newton,1.0,0.3,160,326012001,fitted_grid,outside_inner_prior,covariates_only66,uniform_white,1000,envelope_minus_baseline,0,5,-0.005000000000000001,0,0,0.0,5,0,0.0050000000000000044,0,0,0.0,0,0,5
2,Newton,1.0,0.3,160,326012001,fitted_grid,outside_inner_prior,covariates_only66,clustered_correlated,1000,envelope_minus_baseline,0,8,-0.008,0,1,-0.001,9,0,0.009000000000000008,1,0,0.0010000000000000009,0,0,8
2,Newton,1.0,0.3,160,326012001,fitted_grid,outside_inner_prior,covariates_only66,sparse_floor,1000,envelope_minus_baseline,0,15,-0.015000000000000001,0,2,-0.002,17,0,0.017000000000000015,2,0,0.0020000000000000018,0,0,15
2,Newton,1.0,0.3,160,326012001,fitted_grid,outside_inner_prior,conditional66,uniform_white,1000,envelope_minus_baseline,4,0,0.0040000000000000036,0,1,-0.0010000000000000009,1,4,-0.002999999999999989,5,0,0.0050000000000000044,4,0,0
2,Newton,1.0,0.3,160,326012001,fitted_grid,outside_inner_prior,conditional66,clustered_correlated,1000,envelope_minus_baseline,0,0,0.0,0,0,0.0,0,0,0.0,0,0,0.0,0,0,0
2,Newton,1.0,0.3,160,326012001,fitted_grid,outside_inner_prior,conditional66,sparse_floor,1000,envelope_minus_baseline,4,0,0.0040000000000000036,0,4,-0.004,4,4,0.0,8,0,0.008000000000000007,4,0,0
2,Newton,1.3,0.0,,326013001,fitted_grid,pure,full66,uniform_white,1000,envelope_minus_baseline,0,0,0.0,0,0,0.0,0,0,0.0,0,0,0.0,0,0,0
2,Newton,1.3,0.0,,326013001,fitted_grid,pure,full66,clustered_correlated,1000,envelope_minus_baseline,0,0,0.0,0,0,0.0,0,0,0.0,0,0,0.0,0,0,0
2,Newton,1.3,0.0,,326013001,fitted_grid,pure,full66,sparse_floor,1000,envelope_minus_baseline,2,0,0.0020000000000000018,0,0,0.0,0,2,-0.002,2,0,0.0020000000000000018,2,0,0
2,Newton,1.3,0.0,,326013001,fitted_grid,pure,no_diagnostics66,uniform_white,1000,envelope_minus_baseline,0,0,0.0,0,0,0.0,0,0,0.0,0,0,0.0,0,0,0
2,Newton,1.3,0.0,,326013001,fitted_grid,pure,no_diagnostics66,clustered_correlated,1000,envelope_minus_baseline,0,0,0.0,0,0,0.0,0,0,0.0,0,0,0.0,0,0,0
2,Newton,1.3,0.0,,326013001,fitted_grid,pure,no_diagnostics66,sparse_floor,1000,envelope_minus_baseline,0,0,0.0,0,0,0.0,0,0,0.0,0,0,0.0,0,0,0
2,Newton,1.3,0.0,,326013001,fitted_grid,pure,full34,uniform_white,1000,envelope_minus_baseline,0,1,-0.0010000000000000009,0,1,-0.001,2,0,0.0020000000000000018,1,0,0.0010000000000000009,0,0,1
2,Newton,1.3,0.0,,326013001,fitted_grid,pure,full34,clustered_correlated,1000,envelope_minus_baseline,0,2,-0.0020000000000000018,0,2,-0.002,4,0,0.003999999999999998,2,0,0.0020000000000000018,0,0,2
2,Newton,1.3,0.0,,326013001,fitted_grid,pure,full34,sparse_floor,1000,envelope_minus_baseline,0,0,0.0,0,0,0.0,0,0,0.0,0,0,0.0,0,0,0
2,Newton,1.3,0.0,,326013001,fitted_grid,pure,covariates_only66,uniform_white,1000,envelope_minus_baseline,0,8,-0.008,0,0,0.0,8,0,0.008000000000000007,0,0,0.0,0,0,8
2,Newton,1.3,0.0,,326013001,fitted_grid,pure,covariates_only66,clustered_correlated,1000,envelope_minus_baseline,0,10,-0.010000000000000002,0,0,0.0,10,0,0.010000000000000009,0,0,0.0,0,0,10
2,Newton,1.3,0.0,,326013001,fitted_grid,pure,covariates_only66,sparse_floor,1000,envelope_minus_baseline,0,24,-0.023999999999999997,0,0,0.0,24,0,0.02400000000000002,0,0,0.0,0,0,24
2,Newton,1.3,0.0,,326013001,fitted_grid,pure,conditional66,uniform_white,1000,envelope_minus_baseline,0,0,0.0,0,0,0.0,0,0,0.0,0,0,0.0,0,0,0
2,Newton,1.3,0.0,,326013001,fitted_grid,pure,conditional66,clustered_correlated,1000,envelope_minus_baseline,0,0,0.0,0,0,0.0,0,0,0.0,0,0,0.0,0,0,0
2,Newton,1.3,0.0,,326013001,fitted_grid,pure,conditional66,sparse_floor,1000,envelope_minus_baseline,0,0,0.0,0,4,-0.004,4,0,0.003999999999999999,4,0,0.0040000000000000036,0,0,0
2,Newton,1.3,0.075,40,326014001,fitted_grid,fitted_prior,full66,uniform_white,1000,envelope_minus_baseline,0,0,0.0,0,0,0.0,0,0,0.0,0,0,0.0,0,0,0
2,Newton,1.3,0.075,40,326014001,fitted_grid,fitted_prior,full66,clustered_correlated,1000,envelope_minus_baseline,0,0,0.0,0,0,0.0,0,0,0.0,0,0,0.0,0,0,0
2,Newton,1.3,0.075,40,326014001,fitted_grid,fitted_prior,full66,sparse_floor,1000,envelope_minus_baseline,0,0,0.0,0,0,0.0,0,0,0.0,0,0,0.0,0,0,0
2,Newton,1.3,0.075,40,326014001,fitted_grid,fitted_prior,no_diagnostics66,uniform_white,1000,envelope_minus_baseline,0,0,0.0,0,0,0.0,0,0,0.0,0,0,0.0,0,0,0
2,Newton,1.3,0.075,40,326014001,fitted_grid,fitted_prior,no_diagnostics66,clustered_correlated,1000,envelope_minus_baseline,0,0,0.0,0,0,0.0,0,0,0.0,0,0,0.0,0,0,0
2,Newton,1.3,0.075,40,326014001,fitted_grid,fitted_prior,no_diagnostics66,sparse_floor,1000,envelope_minus_baseline,0,0,0.0,0,0,0.0,0,0,0.0,0,0,0.0,0,0,0
2,Newton,1.3,0.075,40,326014001,fitted_grid,fitted_prior,full34,uniform_white,1000,envelope_minus_baseline,0,0,0.0,0,1,-0.001,1,0,0.001,1,0,0.0010000000000000009,0,0,0
2,Newton,1.3,0.075,40,326014001,fitted_grid,fitted_prior,full34,clustered_correlated,1000,envelope_minus_baseline,0,0,0.0,0,0,0.0,0,0,0.0,0,0,0.0,0,0,0
2,Newton,1.3,0.075,40,326014001,fitted_grid,fitted_prior,full34,sparse_floor,1000,envelope_minus_baseline,0,0,0.0,0,0,0.0,0,0,0.0,0,0,0.0,0,0,0
2,Newton,1.3,0.075,40,326014001,fitted_grid,fitted_prior,covariates_only66,uniform_white,1000,envelope_minus_baseline,0,8,-0.007999999999999997,0,0,0.0,8,0,0.008000000000000007,0,0,0.0,0,0,8
2,Newton,1.3,0.075,40,326014001,fitted_grid,fitted_prior,covariates_only66,clustered_correlated,1000,envelope_minus_baseline,0,8,-0.008,0,0,0.0,8,0,0.008000000000000007,0,0,0.0,0,0,8
2,Newton,1.3,0.075,40,326014001,fitted_grid,fitted_prior,covariates_only66,sparse_floor,1000,envelope_minus_baseline,0,26,-0.026000000000000002,0,1,-0.001,27,0,0.027000000000000024,1,0,0.0010000000000000009,0,0,26
2,Newton,1.3,0.075,40,326014001,fitted_grid,fitted_prior,conditional66,uniform_white,1000,envelope_minus_baseline,0,0,0.0,0,0,0.0,0,0,0.0,0,0,0.0,0,0,0
2,Newton,1.3,0.075,40,326014001,fitted_grid,fitted_prior,conditional66,clustered_correlated,1000,envelope_minus_baseline,0,0,0.0,0,0,0.0,0,0,0.0,0,0,0.0,0,0,0
2,Newton,1.3,0.075,40,326014001,fitted_grid,fitted_prior,conditional66,sparse_floor,1000,envelope_minus_baseline,0,0,0.0,0,0,0.0,0,0,0.0,0,0,0.0,0,0,0
2,Newton,1.3,0.075,80,326015001,fitted_grid,fitted_prior,full66,uniform_white,1000,envelope_minus_baseline,0,0,0.0,0,0,0.0,0,0,0.0,0,0,0.0,0,0,0
2,Newton,1.3,0.075,80,326015001,fitted_grid,fitted_prior,full66,clustered_correlated,1000,envelope_minus_baseline,0,0,0.0,0,0,0.0,0,0,0.0,0,0,0.0,0,0,0
2,Newton,1.3,0.075,80,326015001,fitted_grid,fitted_prior,full66,sparse_floor,1000,envelope_minus_baseline,1,0,0.0010000000000000009,0,0,0.0,0,1,-0.001,1,0,0.0010000000000000009,1,0,0
2,Newton,1.3,0.075,80,326015001,fitted_grid,fitted_prior,no_diagnostics66,uniform_white,1000,envelope_minus_baseline,0,0,0.0,0,0,0.0,0,0,0.0,0,0,0.0,0,0,0
2,Newton,1.3,0.075,80,326015001,fitted_grid,fitted_prior,no_diagnostics66,clustered_correlated,1000,envelope_minus_baseline,0,0,0.0,0,0,0.0,0,0,0.0,0,0,0.0,0,0,0
2,Newton,1.3,0.075,80,326015001,fitted_grid,fitted_prior,no_diagnostics66,sparse_floor,1000,envelope_minus_baseline,0,0,0.0,0,0,0.0,0,0,0.0,0,0,0.0,0,0,0
2,Newton,1.3,0.075,80,326015001,fitted_grid,fitted_prior,full34,uniform_white,1000,envelope_minus_baseline,0,2,-0.0020000000000000018,0,0,0.0,2,0,0.002,0,0,0.0,0,0,2
2,Newton,1.3,0.075,80,326015001,fitted_grid,fitted_prior,full34,clustered_correlated,1000,envelope_minus_baseline,0,0,0.0,0,0,0.0,0,0,0.0,0,0,0.0,0,0,0
2,Newton,1.3,0.075,80,326015001,fitted_grid,fitted_prior,full34,sparse_floor,1000,envelope_minus_baseline,0,0,0.0,0,0,0.0,0,0,0.0,0,0,0.0,0,0,0
2,Newton,1.3,0.075,80,326015001,fitted_grid,fitted_prior,covariates_only66,uniform_white,1000,envelope_minus_baseline,0,10,-0.009999999999999998,0,0,0.0,10,0,0.010000000000000009,0,0,0.0,0,0,10
2,Newton,1.3,0.075,80,326015001,fitted_grid,fitted_prior,covariates_only66,clustered_correlated,1000,envelope_minus_baseline,0,13,-0.013000000000000001,0,0,0.0,13,0,0.013000000000000012,0,0,0.0,0,0,13
2,Newton,1.3,0.075,80,326015001,fitted_grid,fitted_prior,covariates_only66,sparse_floor,1000,envelope_minus_baseline,0,29,-0.029,0,0,0.0,29,0,0.029000000000000026,0,0,0.0,0,0,29
2,Newton,1.3,0.075,80,326015001,fitted_grid,fitted_prior,conditional66,uniform_white,1000,envelope_minus_baseline,0,0,0.0,0,0,0.0,0,0,0.0,0,0,0.0,0,0,0
2,Newton,1.3,0.075,80,326015001,fitted_grid,fitted_prior,conditional66,clustered_correlated,1000,envelope_minus_baseline,0,0,0.0,0,0,0.0,0,0,0.0,0,0,0.0,0,0,0
2,Newton,1.3,0.075,80,326015001,fitted_grid,fitted_prior,conditional66,sparse_floor,1000,envelope_minus_baseline,0,0,0.0,0,0,0.0,0,0,0.0,0,0,0.0,0,0,0
2,Newton,1.3,0.075,60,326016001,fitted_grid,outside_inner_prior,full66,uniform_white,1000,envelope_minus_baseline,0,0,0.0,0,0,0.0,0,0,0.0,0,0,0.0,0,0,0
2,Newton,1.3,0.075,60,326016001,fitted_grid,outside_inner_prior,full66,clustered_correlated,1000,envelope_minus_baseline,0,0,0.0,0,0,0.0,0,0,0.0,0,0,0.0,0,0,0
2,Newton,1.3,0.075,60,326016001,fitted_grid,outside_inner_prior,full66,sparse_floor,1000,envelope_minus_baseline,0,0,0.0,0,0,0.0,0,0,0.0,0,0,0.0,0,0,0
2,Newton,1.3,0.075,60,326016001,fitted_grid,outside_inner_prior,no_diagnostics66,uniform_white,1000,envelope_minus_baseline,0,0,0.0,0,0,0.0,0,0,0.0,0,0,0.0,0,0,0
2,Newton,1.3,0.075,60,326016001,fitted_grid,outside_inner_prior,no_diagnostics66,clustered_correlated,1000,envelope_minus_baseline,0,0,0.0,0,0,0.0,0,0,0.0,0,0,0.0,0,0,0
2,Newton,1.3,0.075,60,326016001,fitted_grid,outside_inner_prior,no_diagnostics66,sparse_floor,1000,envelope_minus_baseline,0,0,0.0,0,0,0.0,0,0,0.0,0,0,0.0,0,0,0
2,Newton,1.3,0.075,60,326016001,fitted_grid,outside_inner_prior,full34,uniform_white,1000,envelope_minus_baseline,0,0,0.0,0,0,0.0,0,0,0.0,0,0,0.0,0,0,0
2,Newton,1.3,0.075,60,326016001,fitted_grid,outside_inner_prior,full34,clustered_correlated,1000,envelope_minus_baseline,0,0,0.0,0,0,0.0,0,0,0.0,0,0,0.0,0,0,0
2,Newton,1.3,0.075,60,326016001,fitted_grid,outside_inner_prior,full34,sparse_floor,1000,envelope_minus_baseline,0,0,0.0,0,0,0.0,0,0,0.0,0,0,0.0,0,0,0
2,Newton,1.3,0.075,60,326016001,fitted_grid,outside_inner_prior,covariates_only66,uniform_white,1000,envelope_minus_baseline,0,6,-0.005999999999999998,0,0,0.0,6,0,0.006000000000000005,0,0,0.0,0,0,6
2,Newton,1.3,0.075,60,326016001,fitted_grid,outside_inner_prior,covariates_only66,clustered_correlated,1000,envelope_minus_baseline,0,10,-0.010000000000000002,0,0,0.0,10,0,0.010000000000000009,0,0,0.0,0,0,10
2,Newton,1.3,0.075,60,326016001,fitted_grid,outside_inner_prior,covariates_only66,sparse_floor,1000,envelope_minus_baseline,0,22,-0.022000000000000002,0,1,-0.001,23,0,0.02300000000000002,1,0,0.0010000000000000009,0,0,22
2,Newton,1.3,0.075,60,326016001,fitted_grid,outside_inner_prior,conditional66,uniform_white,1000,envelope_minus_baseline,0,0,0.0,0,0,0.0,0,0,0.0,0,0,0.0,0,0,0
2,Newton,1.3,0.075,60,326016001,fitted_grid,outside_inner_prior,conditional66,clustered_correlated,1000,envelope_minus_baseline,0,0,0.0,0,0,0.0,0,0,0.0,0,0,0.0,0,0,0
2,Newton,1.3,0.075,60,326016001,fitted_grid,outside_inner_prior,conditional66,sparse_floor,1000,envelope_minus_baseline,0,0,0.0,0,0,0.0,0,0,0.0,0,0,0.0,0,0,0
2,Newton,1.3,0.075,160,326017001,fitted_grid,outside_inner_prior,full66,uniform_white,1000,envelope_minus_baseline,0,0,0.0,0,0,0.0,0,0,0.0,0,0,0.0,0,0,0
2,Newton,1.3,0.075,160,326017001,fitted_grid,outside_inner_prior,full66,clustered_correlated,1000,envelope_minus_baseline,0,0,0.0,0,0,0.0,0,0,0.0,0,0,0.0,0,0,0
2,Newton,1.3,0.075,160,326017001,fitted_grid,outside_inner_prior,full66,sparse_floor,1000,envelope_minus_baseline,0,0,0.0,0,0,0.0,0,0,0.0,0,0,0.0,0,0,0
2,Newton,1.3,0.075,160,326017001,fitted_grid,outside_inner_prior,no_diagnostics66,uniform_white,1000,envelope_minus_baseline,0,0,0.0,0,0,0.0,0,0,0.0,0,0,0.0,0,0,0
2,Newton,1.3,0.075,160,326017001,fitted_grid,outside_inner_prior,no_diagnostics66,clustered_correlated,1000,envelope_minus_baseline,0,0,0.0,0,0,0.0,0,0,0.0,0,0,0.0,0,0,0
2,Newton,1.3,0.075,160,326017001,fitted_grid,outside_inner_prior,no_diagnostics66,sparse_floor,1000,envelope_minus_baseline,0,0,0.0,0,0,0.0,0,0,0.0,0,0,0.0,0,0,0
2,Newton,1.3,0.075,160,326017001,fitted_grid,outside_inner_prior,full34,uniform_white,1000,envelope_minus_baseline,0,0,0.0,0,0,0.0,0,0,0.0,0,0,0.0,0,0,0
2,Newton,1.3,0.075,160,326017001,fitted_grid,outside_inner_prior,full34,clustered_correlated,1000,envelope_minus_baseline,0,0,0.0,0,0,0.0,0,0,0.0,0,0,0.0,0,0,0
2,Newton,1.3,0.075,160,326017001,fitted_grid,outside_inner_prior,full34,sparse_floor,1000,envelope_minus_baseline,0,0,0.0,0,0,0.0,0,0,0.0,0,0,0.0,0,0,0
2,Newton,1.3,0.075,160,326017001,fitted_grid,outside_inner_prior,covariates_only66,uniform_white,1000,envelope_minus_baseline,1,3,-0.0019999999999999983,0,0,0.0,3,1,0.0020000000000000018,1,0,0.0010000000000000009,1,0,3
2,Newton,1.3,0.075,160,326017001,fitted_grid,outside_inner_prior,covariates_only66,clustered_correlated,1000,envelope_minus_baseline,0,11,-0.011,0,0,0.0,11,0,0.01100000000000001,0,0,0.0,0,0,11
2,Newton,1.3,0.075,160,326017001,fitted_grid,outside_inner_prior,covariates_only66,sparse_floor,1000,envelope_minus_baseline,0,21,-0.020999999999999998,0,0,0.0,21,0,0.02100000000000002,0,0,0.0,0,0,21
2,Newton,1.3,0.075,160,326017001,fitted_grid,outside_inner_prior,conditional66,uniform_white,1000,envelope_minus_baseline,0,0,0.0,0,0,0.0,0,0,0.0,0,0,0.0,0,0,0
2,Newton,1.3,0.075,160,326017001,fitted_grid,outside_inner_prior,conditional66,clustered_correlated,1000,envelope_minus_baseline,0,0,0.0,0,0,0.0,0,0,0.0,0,0,0.0,0,0,0
2,Newton,1.3,0.075,160,326017001,fitted_grid,outside_inner_prior,conditional66,sparse_floor,1000,envelope_minus_baseline,0,0,0.0,0,0,0.0,0,0,0.0,0,0,0.0,0,0,0
2,Newton,1.3,0.225,40,326018001,fitted_grid,fitted_prior,full66,uniform_white,1000,envelope_minus_baseline,0,0,0.0,0,0,0.0,0,0,0.0,0,0,0.0,0,0,0
2,Newton,1.3,0.225,40,326018001,fitted_grid,fitted_prior,full66,clustered_correlated,1000,envelope_minus_baseline,0,0,0.0,0,0,0.0,0,0,0.0,0,0,0.0,0,0,0
2,Newton,1.3,0.225,40,326018001,fitted_grid,fitted_prior,full66,sparse_floor,1000,envelope_minus_baseline,0,0,0.0,0,0,0.0,0,0,0.0,0,0,0.0,0,0,0
2,Newton,1.3,0.225,40,326018001,fitted_grid,fitted_prior,no_diagnostics66,uniform_white,1000,envelope_minus_baseline,0,0,0.0,0,0,0.0,0,0,0.0,0,0,0.0,0,0,0
2,Newton,1.3,0.225,40,326018001,fitted_grid,fitted_prior,no_diagnostics66,clustered_correlated,1000,envelope_minus_baseline,0,0,0.0,0,0,0.0,0,0,0.0,0,0,0.0,0,0,0
2,Newton,1.3,0.225,40,326018001,fitted_grid,fitted_prior,no_diagnostics66,sparse_floor,1000,envelope_minus_baseline,0,0,0.0,0,0,0.0,0,0,0.0,0,0,0.0,0,0,0
2,Newton,1.3,0.225,40,326018001,fitted_grid,fitted_prior,full34,uniform_white,1000,envelope_minus_baseline,0,1,-0.0010000000000000009,0,1,-0.001,2,0,0.001999999999999999,1,0,0.0010000000000000009,0,0,1
2,Newton,1.3,0.225,40,326018001,fitted_grid,fitted_prior,full34,clustered_correlated,1000,envelope_minus_baseline,0,0,0.0,0,0,0.0,0,0,0.0,0,0,0.0,0,0,0
2,Newton,1.3,0.225,40,326018001,fitted_grid,fitted_prior,full34,sparse_floor,1000,envelope_minus_baseline,0,0,0.0,0,0,0.0,0,0,0.0,0,0,0.0,0,0,0
2,Newton,1.3,0.225,40,326018001,fitted_grid,fitted_prior,covariates_only66,uniform_white,1000,envelope_minus_baseline,0,10,-0.009999999999999998,0,1,-0.001,11,0,0.01100000000000001,1,0,0.0010000000000000009,0,0,10
2,Newton,1.3,0.225,40,326018001,fitted_grid,fitted_prior,covariates_only66,clustered_correlated,1000,envelope_minus_baseline,1,9,-0.007999999999999997,0,1,-0.001,10,1,0.009000000000000008,2,0,0.0020000000000000018,1,0,9
2,Newton,1.3,0.225,40,326018001,fitted_grid,fitted_prior,covariates_only66,sparse_floor,1000,envelope_minus_baseline,0,23,-0.022999999999999996,0,1,-0.001,24,0,0.02400000000000002,1,0,0.0010000000000000009,0,0,23
2,Newton,1.3,0.225,40,326018001,fitted_grid,fitted_prior,conditional66,uniform_white,1000,envelope_minus_baseline,0,0,0.0,0,0,0.0,0,0,0.0,0,0,0.0,0,0,0
2,Newton,1.3,0.225,40,326018001,fitted_grid,fitted_prior,conditional66,clustered_correlated,1000,envelope_minus_baseline,0,0,0.0,0,0,0.0,0,0,0.0,0,0,0.0,0,0,0
2,Newton,1.3,0.225,40,326018001,fitted_grid,fitted_prior,conditional66,sparse_floor,1000,envelope_minus_baseline,0,0,0.0,0,1,-0.001,1,0,0.001,1,0,0.0010000000000000009,0,0,0
2,Newton,1.3,0.225,80,326019001,fitted_grid,fitted_prior,full66,uniform_white,1000,envelope_minus_baseline,0,0,0.0,0,0,0.0,0,0,0.0,0,0,0.0,0,0,0
2,Newton,1.3,0.225,80,326019001,fitted_grid,fitted_prior,full66,clustered_correlated,1000,envelope_minus_baseline,0,0,0.0,0,0,0.0,0,0,0.0,0,0,0.0,0,0,0
2,Newton,1.3,0.225,80,326019001,fitted_grid,fitted_prior,full66,sparse_floor,1000,envelope_minus_baseline,0,0,0.0,0,0,0.0,0,0,0.0,0,0,0.0,0,0,0
2,Newton,1.3,0.225,80,326019001,fitted_grid,fitted_prior,no_diagnostics66,uniform_white,1000,envelope_minus_baseline,0,0,0.0,0,0,0.0,0,0,0.0,0,0,0.0,0,0,0
2,Newton,1.3,0.225,80,326019001,fitted_grid,fitted_prior,no_diagnostics66,clustered_correlated,1000,envelope_minus_baseline,0,0,0.0,0,0,0.0,0,0,0.0,0,0,0.0,0,0,0
2,Newton,1.3,0.225,80,326019001,fitted_grid,fitted_prior,no_diagnostics66,sparse_floor,1000,envelope_minus_baseline,1,0,0.0010000000000000009,0,0,0.0,0,1,-0.001,1,0,0.0010000000000000009,1,0,0
2,Newton,1.3,0.225,80,326019001,fitted_grid,fitted_prior,full34,uniform_white,1000,envelope_minus_baseline,0,3,-0.0030000000000000027,0,0,0.0,3,0,0.002999999999999999,0,0,0.0,0,0,3
2,Newton,1.3,0.225,80,326019001,fitted_grid,fitted_prior,full34,clustered_correlated,1000,envelope_minus_baseline,0,1,-0.0010000000000000009,0,0,0.0,1,0,0.001,0,0,0.0,0,0,1
2,Newton,1.3,0.225,80,326019001,fitted_grid,fitted_prior,full34,sparse_floor,1000,envelope_minus_baseline,0,0,0.0,0,0,0.0,0,0,0.0,0,0,0.0,0,0,0
2,Newton,1.3,0.225,80,326019001,fitted_grid,fitted_prior,covariates_only66,uniform_white,1000,envelope_minus_baseline,0,9,-0.008999999999999998,0,0,0.0,9,0,0.009000000000000008,0,0,0.0,0,0,9
2,Newton,1.3,0.225,80,326019001,fitted_grid,fitted_prior,covariates_only66,clustered_correlated,1000,envelope_minus_baseline,0,12,-0.012000000000000004,0,0,0.0,12,0,0.01200000000000001,0,0,0.0,0,0,12
2,Newton,1.3,0.225,80,326019001,fitted_grid,fitted_prior,covariates_only66,sparse_floor,1000,envelope_minus_baseline,0,15,-0.015000000000000003,0,0,0.0,15,0,0.015000000000000013,0,0,0.0,0,0,15
2,Newton,1.3,0.225,80,326019001,fitted_grid,fitted_prior,conditional66,uniform_white,1000,envelope_minus_baseline,0,0,0.0,0,0,0.0,0,0,0.0,0,0,0.0,0,0,0
2,Newton,1.3,0.225,80,326019001,fitted_grid,fitted_prior,conditional66,clustered_correlated,1000,envelope_minus_baseline,0,0,0.0,0,0,0.0,0,0,0.0,0,0,0.0,0,0,0
2,Newton,1.3,0.225,80,326019001,fitted_grid,fitted_prior,conditional66,sparse_floor,1000,envelope_minus_baseline,0,0,0.0,0,0,0.0,0,0,0.0,0,0,0.0,0,0,0
2,Newton,1.3,0.225,60,326020001,fitted_grid,outside_inner_prior,full66,uniform_white,1000,envelope_minus_baseline,0,0,0.0,0,0,0.0,0,0,0.0,0,0,0.0,0,0,0
2,Newton,1.3,0.225,60,326020001,fitted_grid,outside_inner_prior,full66,clustered_correlated,1000,envelope_minus_baseline,0,0,0.0,0,0,0.0,0,0,0.0,0,0,0.0,0,0,0
2,Newton,1.3,0.225,60,326020001,fitted_grid,outside_inner_prior,full66,sparse_floor,1000,envelope_minus_baseline,0,0,0.0,0,0,0.0,0,0,0.0,0,0,0.0,0,0,0
2,Newton,1.3,0.225,60,326020001,fitted_grid,outside_inner_prior,no_diagnostics66,uniform_white,1000,envelope_minus_baseline,0,0,0.0,0,0,0.0,0,0,0.0,0,0,0.0,0,0,0
2,Newton,1.3,0.225,60,326020001,fitted_grid,outside_inner_prior,no_diagnostics66,clustered_correlated,1000,envelope_minus_baseline,0,0,0.0,0,0,0.0,0,0,0.0,0,0,0.0,0,0,0
2,Newton,1.3,0.225,60,326020001,fitted_grid,outside_inner_prior,no_diagnostics66,sparse_floor,1000,envelope_minus_baseline,1,0,0.0010000000000000009,0,0,0.0,0,1,-0.001,1,0,0.0010000000000000009,1,0,0
2,Newton,1.3,0.225,60,326020001,fitted_grid,outside_inner_prior,full34,uniform_white,1000,envelope_minus_baseline,0,2,-0.0020000000000000018,0,1,-0.001,3,0,0.003,1,0,0.0010000000000000009,0,0,2
2,Newton,1.3,0.225,60,326020001,fitted_grid,outside_inner_prior,full34,clustered_correlated,1000,envelope_minus_baseline,0,0,0.0,0,0,0.0,0,0,0.0,0,0,0.0,0,0,0
2,Newton,1.3,0.225,60,326020001,fitted_grid,outside_inner_prior,full34,sparse_floor,1000,envelope_minus_baseline,0,0,0.0,0,0,0.0,0,0,0.0,0,0,0.0,0,0,0
2,Newton,1.3,0.225,60,326020001,fitted_grid,outside_inner_prior,covariates_only66,uniform_white,1000,envelope_minus_baseline,0,7,-0.006999999999999999,0,0,0.0,7,0,0.007000000000000006,0,0,0.0,0,0,7
2,Newton,1.3,0.225,60,326020001,fitted_grid,outside_inner_prior,covariates_only66,clustered_correlated,1000,envelope_minus_baseline,0,5,-0.0049999999999999975,0,1,-0.001,6,0,0.006000000000000005,1,0,0.0010000000000000009,0,0,5
2,Newton,1.3,0.225,60,326020001,fitted_grid,outside_inner_prior,covariates_only66,sparse_floor,1000,envelope_minus_baseline,0,25,-0.024999999999999998,0,1,-0.001,26,0,0.026000000000000023,1,0,0.0010000000000000009,0,0,25
2,Newton,1.3,0.225,60,326020001,fitted_grid,outside_inner_prior,conditional66,uniform_white,1000,envelope_minus_baseline,0,0,0.0,0,0,0.0,0,0,0.0,0,0,0.0,0,0,0
2,Newton,1.3,0.225,60,326020001,fitted_grid,outside_inner_prior,conditional66,clustered_correlated,1000,envelope_minus_baseline,0,0,0.0,0,0,0.0,0,0,0.0,0,0,0.0,0,0,0
2,Newton,1.3,0.225,60,326020001,fitted_grid,outside_inner_prior,conditional66,sparse_floor,1000,envelope_minus_baseline,0,0,0.0,0,0,0.0,0,0,0.0,0,0,0.0,0,0,0
2,Newton,1.3,0.225,160,326021001,fitted_grid,outside_inner_prior,full66,uniform_white,1000,envelope_minus_baseline,0,0,0.0,0,0,0.0,0,0,0.0,0,0,0.0,0,0,0
2,Newton,1.3,0.225,160,326021001,fitted_grid,outside_inner_prior,full66,clustered_correlated,1000,envelope_minus_baseline,0,0,0.0,0,0,0.0,0,0,0.0,0,0,0.0,0,0,0
2,Newton,1.3,0.225,160,326021001,fitted_grid,outside_inner_prior,full66,sparse_floor,1000,envelope_minus_baseline,0,0,0.0,0,0,0.0,0,0,0.0,0,0,0.0,0,0,0
2,Newton,1.3,0.225,160,326021001,fitted_grid,outside_inner_prior,no_diagnostics66,uniform_white,1000,envelope_minus_baseline,0,0,0.0,0,0,0.0,0,0,0.0,0,0,0.0,0,0,0
2,Newton,1.3,0.225,160,326021001,fitted_grid,outside_inner_prior,no_diagnostics66,clustered_correlated,1000,envelope_minus_baseline,0,0,0.0,0,0,0.0,0,0,0.0,0,0,0.0,0,0,0
2,Newton,1.3,0.225,160,326021001,fitted_grid,outside_inner_prior,no_diagnostics66,sparse_floor,1000,envelope_minus_baseline,1,0,0.0010000000000000009,0,0,0.0,0,1,-0.001,1,0,0.0010000000000000009,1,0,0
2,Newton,1.3,0.225,160,326021001,fitted_grid,outside_inner_prior,full34,uniform_white,1000,envelope_minus_baseline,0,3,-0.0030000000000000027,0,0,0.0,3,0,0.003000000000000001,0,0,0.0,0,0,3
2,Newton,1.3,0.225,160,326021001,fitted_grid,outside_inner_prior,full34,clustered_correlated,1000,envelope_minus_baseline,0,0,0.0,0,0,0.0,0,0,0.0,0,0,0.0,0,0,0
2,Newton,1.3,0.225,160,326021001,fitted_grid,outside_inner_prior,full34,sparse_floor,1000,envelope_minus_baseline,0,0,0.0,0,0,0.0,0,0,0.0,0,0,0.0,0,0,0
2,Newton,1.3,0.225,160,326021001,fitted_grid,outside_inner_prior,covariates_only66,uniform_white,1000,envelope_minus_baseline,0,5,-0.005000000000000001,0,0,0.0,5,0,0.0050000000000000044,0,0,0.0,0,0,5
2,Newton,1.3,0.225,160,326021001,fitted_grid,outside_inner_prior,covariates_only66,clustered_correlated,1000,envelope_minus_baseline,0,7,-0.007000000000000003,0,1,-0.001,8,0,0.008000000000000007,1,0,0.0010000000000000009,0,0,7
2,Newton,1.3,0.225,160,326021001,fitted_grid,outside_inner_prior,covariates_only66,sparse_floor,1000,envelope_minus_baseline,0,20,-0.019999999999999997,0,0,0.0,20,0,0.020000000000000018,0,0,0.0,0,0,20
2,Newton,1.3,0.225,160,326021001,fitted_grid,outside_inner_prior,conditional66,uniform_white,1000,envelope_minus_baseline,0,0,0.0,0,0,0.0,0,0,0.0,0,0,0.0,0,0,0
2,Newton,1.3,0.225,160,326021001,fitted_grid,outside_inner_prior,conditional66,clustered_correlated,1000,envelope_minus_baseline,0,0,0.0,0,0,0.0,0,0,0.0,0,0,0.0,0,0,0
2,Newton,1.3,0.225,160,326021001,fitted_grid,outside_inner_prior,conditional66,sparse_floor,1000,envelope_minus_baseline,0,0,0.0,0,1,-0.001,1,0,0.001,1,0,0.0010000000000000009,0,0,0
2,Newton,1.3,0.3,40,326022001,fitted_grid,fitted_prior,full66,uniform_white,1000,envelope_minus_baseline,0,0,0.0,0,0,0.0,0,0,0.0,0,0,0.0,0,0,0
2,Newton,1.3,0.3,40,326022001,fitted_grid,fitted_prior,full66,clustered_correlated,1000,envelope_minus_baseline,0,0,0.0,0,0,0.0,0,0,0.0,0,0,0.0,0,0,0
2,Newton,1.3,0.3,40,326022001,fitted_grid,fitted_prior,full66,sparse_floor,1000,envelope_minus_baseline,0,0,0.0,0,0,0.0,0,0,0.0,0,0,0.0,0,0,0
2,Newton,1.3,0.3,40,326022001,fitted_grid,fitted_prior,no_diagnostics66,uniform_white,1000,envelope_minus_baseline,0,0,0.0,0,0,0.0,0,0,0.0,0,0,0.0,0,0,0
2,Newton,1.3,0.3,40,326022001,fitted_grid,fitted_prior,no_diagnostics66,clustered_correlated,1000,envelope_minus_baseline,0,0,0.0,0,0,0.0,0,0,0.0,0,0,0.0,0,0,0
2,Newton,1.3,0.3,40,326022001,fitted_grid,fitted_prior,no_diagnostics66,sparse_floor,1000,envelope_minus_baseline,1,0,0.0010000000000000009,0,0,0.0,0,1,-0.001,1,0,0.0010000000000000009,1,0,0
2,Newton,1.3,0.3,40,326022001,fitted_grid,fitted_prior,full34,uniform_white,1000,envelope_minus_baseline,1,1,0.0,0,0,0.0,1,1,0.0,1,0,0.0010000000000000009,1,0,1
2,Newton,1.3,0.3,40,326022001,fitted_grid,fitted_prior,full34,clustered_correlated,1000,envelope_minus_baseline,4,1,0.0030000000000000027,0,0,0.0,1,4,-0.003000000000000001,4,0,0.0040000000000000036,4,0,1
2,Newton,1.3,0.3,40,326022001,fitted_grid,fitted_prior,full34,sparse_floor,1000,envelope_minus_baseline,0,0,0.0,0,0,0.0,0,0,0.0,0,0,0.0,0,0,0
2,Newton,1.3,0.3,40,326022001,fitted_grid,fitted_prior,covariates_only66,uniform_white,1000,envelope_minus_baseline,0,8,-0.008,0,0,0.0,8,0,0.008000000000000007,0,0,0.0,0,0,8
2,Newton,1.3,0.3,40,326022001,fitted_grid,fitted_prior,covariates_only66,clustered_correlated,1000,envelope_minus_baseline,0,9,-0.009000000000000001,0,1,-0.001,10,0,0.010000000000000009,1,0,0.0010000000000000009,0,0,9
2,Newton,1.3,0.3,40,326022001,fitted_grid,fitted_prior,covariates_only66,sparse_floor,1000,envelope_minus_baseline,0,30,-0.029999999999999995,0,0,0.0,30,0,0.030000000000000027,0,0,0.0,0,0,30
2,Newton,1.3,0.3,40,326022001,fitted_grid,fitted_prior,conditional66,uniform_white,1000,envelope_minus_baseline,0,0,0.0,0,0,0.0,0,0,0.0,0,0,0.0,0,0,0
2,Newton,1.3,0.3,40,326022001,fitted_grid,fitted_prior,conditional66,clustered_correlated,1000,envelope_minus_baseline,0,0,0.0,0,0,0.0,0,0,0.0,0,0,0.0,0,0,0
2,Newton,1.3,0.3,40,326022001,fitted_grid,fitted_prior,conditional66,sparse_floor,1000,envelope_minus_baseline,1,0,0.0010000000000000009,0,0,0.0,0,1,-0.001,1,0,0.0010000000000000009,1,0,0
2,Newton,1.3,0.3,80,326023001,fitted_grid,fitted_prior,full66,uniform_white,1000,envelope_minus_baseline,1,0,0.0010000000000000009,0,0,0.0,0,1,-0.001,1,0,0.0010000000000000009,1,0,0
2,Newton,1.3,0.3,80,326023001,fitted_grid,fitted_prior,full66,clustered_correlated,1000,envelope_minus_baseline,0,0,0.0,0,0,0.0,0,0,0.0,0,0,0.0,0,0,0
2,Newton,1.3,0.3,80,326023001,fitted_grid,fitted_prior,full66,sparse_floor,1000,envelope_minus_baseline,2,0,0.0020000000000000018,0,0,0.0,0,2,-0.002,2,0,0.0020000000000000018,2,0,0
2,Newton,1.3,0.3,80,326023001,fitted_grid,fitted_prior,no_diagnostics66,uniform_white,1000,envelope_minus_baseline,0,0,0.0,0,0,0.0,0,0,0.0,0,0,0.0,0,0,0
2,Newton,1.3,0.3,80,326023001,fitted_grid,fitted_prior,no_diagnostics66,clustered_correlated,1000,envelope_minus_baseline,0,0,0.0,0,0,0.0,0,0,0.0,0,0,0.0,0,0,0
2,Newton,1.3,0.3,80,326023001,fitted_grid,fitted_prior,no_diagnostics66,sparse_floor,1000,envelope_minus_baseline,2,0,0.0020000000000000018,0,0,0.0,0,2,-0.002,2,0,0.0020000000000000018,2,0,0
2,Newton,1.3,0.3,80,326023001,fitted_grid,fitted_prior,full34,uniform_white,1000,envelope_minus_baseline,1,3,-0.0020000000000000018,0,1,-0.001,4,1,0.002999999999999999,2,0,0.0020000000000000018,1,0,3
2,Newton,1.3,0.3,80,326023001,fitted_grid,fitted_prior,full34,clustered_correlated,1000,envelope_minus_baseline,2,2,0.0,1,1,0.0,3,3,0.0,3,0,0.0030000000000000027,2,1,2
2,Newton,1.3,0.3,80,326023001,fitted_grid,fitted_prior,full34,sparse_floor,1000,envelope_minus_baseline,0,0,0.0,0,0,0.0,0,0,0.0,0,0,0.0,0,0,0
2,Newton,1.3,0.3,80,326023001,fitted_grid,fitted_prior,covariates_only66,uniform_white,1000,envelope_minus_baseline,0,5,-0.0049999999999999975,0,0,0.0,5,0,0.0050000000000000044,0,0,0.0,0,0,5
2,Newton,1.3,0.3,80,326023001,fitted_grid,fitted_prior,covariates_only66,clustered_correlated,1000,envelope_minus_baseline,1,13,-0.012,0,0,0.0,13,1,0.01200000000000001,1,0,0.0010000000000000009,1,0,13
2,Newton,1.3,0.3,80,326023001,fitted_grid,fitted_prior,covariates_only66,sparse_floor,1000,envelope_minus_baseline,0,21,-0.021000000000000005,0,0,0.0,21,0,0.02100000000000002,0,0,0.0,0,0,21
2,Newton,1.3,0.3,80,326023001,fitted_grid,fitted_prior,conditional66,uniform_white,1000,envelope_minus_baseline,1,0,0.0010000000000000009,0,0,0.0,0,1,-0.0009999999999999974,1,0,0.0010000000000000009,1,0,0
2,Newton,1.3,0.3,80,326023001,fitted_grid,fitted_prior,conditional66,clustered_correlated,1000,envelope_minus_baseline,0,0,0.0,0,0,0.0,0,0,0.0,0,0,0.0,0,0,0
2,Newton,1.3,0.3,80,326023001,fitted_grid,fitted_prior,conditional66,sparse_floor,1000,envelope_minus_baseline,1,0,0.0010000000000000009,0,1,-0.001,1,1,0.0,2,0,0.0020000000000000018,1,0,0
2,Newton,1.3,0.3,60,326024001,fitted_grid,outside_inner_prior,full66,uniform_white,1000,envelope_minus_baseline,1,0,0.0010000000000000009,0,0,0.0,0,1,-0.001,1,0,0.0010000000000000009,1,0,0
2,Newton,1.3,0.3,60,326024001,fitted_grid,outside_inner_prior,full66,clustered_correlated,1000,envelope_minus_baseline,0,0,0.0,0,0,0.0,0,0,0.0,0,0,0.0,0,0,0
2,Newton,1.3,0.3,60,326024001,fitted_grid,outside_inner_prior,full66,sparse_floor,1000,envelope_minus_baseline,0,0,0.0,0,0,0.0,0,0,0.0,0,0,0.0,0,0,0
2,Newton,1.3,0.3,60,326024001,fitted_grid,outside_inner_prior,no_diagnostics66,uniform_white,1000,envelope_minus_baseline,0,0,0.0,0,0,0.0,0,0,0.0,0,0,0.0,0,0,0
2,Newton,1.3,0.3,60,326024001,fitted_grid,outside_inner_prior,no_diagnostics66,clustered_correlated,1000,envelope_minus_baseline,0,0,0.0,0,0,0.0,0,0,0.0,0,0,0.0,0,0,0
2,Newton,1.3,0.3,60,326024001,fitted_grid,outside_inner_prior,no_diagnostics66,sparse_floor,1000,envelope_minus_baseline,0,0,0.0,0,0,0.0,0,0,0.0,0,0,0.0,0,0,0
2,Newton,1.3,0.3,60,326024001,fitted_grid,outside_inner_prior,full34,uniform_white,1000,envelope_minus_baseline,0,3,-0.0030000000000000027,0,1,-0.001,4,0,0.004,1,0,0.0010000000000000009,0,0,3
2,Newton,1.3,0.3,60,326024001,fitted_grid,outside_inner_prior,full34,clustered_correlated,1000,envelope_minus_baseline,2,2,0.0,0,1,-0.001,3,2,0.0010000000000000009,3,0,0.0030000000000000027,2,0,2
2,Newton,1.3,0.3,60,326024001,fitted_grid,outside_inner_prior,full34,sparse_floor,1000,envelope_minus_baseline,0,0,0.0,0,0,0.0,0,0,0.0,0,0,0.0,0,0,0
2,Newton,1.3,0.3,60,326024001,fitted_grid,outside_inner_prior,covariates_only66,uniform_white,1000,envelope_minus_baseline,0,7,-0.006999999999999999,0,0,0.0,7,0,0.007000000000000006,0,0,0.0,0,0,7
2,Newton,1.3,0.3,60,326024001,fitted_grid,outside_inner_prior,covariates_only66,clustered_correlated,1000,envelope_minus_baseline,0,15,-0.015,0,0,0.0,15,0,0.015000000000000013,0,0,0.0,0,0,15
2,Newton,1.3,0.3,60,326024001,fitted_grid,outside_inner_prior,covariates_only66,sparse_floor,1000,envelope_minus_baseline,0,25,-0.024999999999999998,0,0,0.0,25,0,0.025000000000000022,0,0,0.0,0,0,25
2,Newton,1.3,0.3,60,326024001,fitted_grid,outside_inner_prior,conditional66,uniform_white,1000,envelope_minus_baseline,1,0,0.0010000000000000009,0,0,0.0,0,1,-0.001,1,0,0.0010000000000000009,1,0,0
2,Newton,1.3,0.3,60,326024001,fitted_grid,outside_inner_prior,conditional66,clustered_correlated,1000,envelope_minus_baseline,0,0,0.0,0,0,0.0,0,0,0.0,0,0,0.0,0,0,0
2,Newton,1.3,0.3,60,326024001,fitted_grid,outside_inner_prior,conditional66,sparse_floor,1000,envelope_minus_baseline,0,0,0.0,0,1,-0.001,1,0,0.001,1,0,0.0010000000000000009,0,0,0
2,Newton,1.3,0.3,160,326025001,fitted_grid,outside_inner_prior,full66,uniform_white,1000,envelope_minus_baseline,4,0,0.0040000000000000036,0,0,0.0,0,4,-0.004,4,0,0.0040000000000000036,4,0,0
2,Newton,1.3,0.3,160,326025001,fitted_grid,outside_inner_prior,full66,clustered_correlated,1000,envelope_minus_baseline,0,0,0.0,0,0,0.0,0,0,0.0,0,0,0.0,0,0,0
2,Newton,1.3,0.3,160,326025001,fitted_grid,outside_inner_prior,full66,sparse_floor,1000,envelope_minus_baseline,8,0,0.008000000000000007,0,0,0.0,0,8,-0.008,8,0,0.008000000000000007,8,0,0
2,Newton,1.3,0.3,160,326025001,fitted_grid,outside_inner_prior,no_diagnostics66,uniform_white,1000,envelope_minus_baseline,0,0,0.0,0,0,0.0,0,0,0.0,0,0,0.0,0,0,0
2,Newton,1.3,0.3,160,326025001,fitted_grid,outside_inner_prior,no_diagnostics66,clustered_correlated,1000,envelope_minus_baseline,0,0,0.0,0,0,0.0,0,0,0.0,0,0,0.0,0,0,0
2,Newton,1.3,0.3,160,326025001,fitted_grid,outside_inner_prior,no_diagnostics66,sparse_floor,1000,envelope_minus_baseline,5,0,0.0050000000000000044,0,0,0.0,0,5,-0.004999999999999999,5,0,0.0050000000000000044,5,0,0
2,Newton,1.3,0.3,160,326025001,fitted_grid,outside_inner_prior,full34,uniform_white,1000,envelope_minus_baseline,1,5,-0.0040000000000000036,0,1,-0.001,6,1,0.005000000000000001,2,0,0.0020000000000000018,1,0,5
2,Newton,1.3,0.3,160,326025001,fitted_grid,outside_inner_prior,full34,clustered_correlated,1000,envelope_minus_baseline,3,2,0.0010000000000000009,0,1,-0.001,3,3,0.0,4,0,0.0040000000000000036,3,0,2
2,Newton,1.3,0.3,160,326025001,fitted_grid,outside_inner_prior,full34,sparse_floor,1000,envelope_minus_baseline,0,0,0.0,0,0,0.0,0,0,0.0,0,0,0.0,0,0,0
2,Newton,1.3,0.3,160,326025001,fitted_grid,outside_inner_prior,covariates_only66,uniform_white,1000,envelope_minus_baseline,0,5,-0.005000000000000001,0,1,-0.001,6,0,0.006000000000000005,1,0,0.0010000000000000009,0,0,5
2,Newton,1.3,0.3,160,326025001,fitted_grid,outside_inner_prior,covariates_only66,clustered_correlated,1000,envelope_minus_baseline,0,5,-0.005000000000000001,0,0,0.0,5,0,0.0050000000000000044,0,0,0.0,0,0,5
2,Newton,1.3,0.3,160,326025001,fitted_grid,outside_inner_prior,covariates_only66,sparse_floor,1000,envelope_minus_baseline,0,20,-0.020000000000000004,0,1,-0.001,21,0,0.02100000000000002,1,0,0.0010000000000000009,0,0,20
2,Newton,1.3,0.3,160,326025001,fitted_grid,outside_inner_prior,conditional66,uniform_white,1000,envelope_minus_baseline,3,0,0.0030000000000000027,0,0,0.0,0,3,-0.002999999999999999,3,0,0.0030000000000000027,3,0,0
2,Newton,1.3,0.3,160,326025001,fitted_grid,outside_inner_prior,conditional66,clustered_correlated,1000,envelope_minus_baseline,0,0,0.0,0,0,0.0,0,0,0.0,0,0,0.0,0,0,0
2,Newton,1.3,0.3,160,326025001,fitted_grid,outside_inner_prior,conditional66,sparse_floor,1000,envelope_minus_baseline,2,0,0.0020000000000000018,0,0,0.0,0,2,-0.002,2,0,0.0020000000000000018,2,0,0
2,Newton,1.6,0.0,,326026001,fitted_grid,pure,full66,uniform_white,1000,envelope_minus_baseline,0,0,0.0,0,0,0.0,0,0,0.0,0,0,0.0,0,0,0
2,Newton,1.6,0.0,,326026001,fitted_grid,pure,full66,clustered_correlated,1000,envelope_minus_baseline,0,0,0.0,0,0,0.0,0,0,0.0,0,0,0.0,0,0,0
2,Newton,1.6,0.0,,326026001,fitted_grid,pure,full66,sparse_floor,1000,envelope_minus_baseline,0,0,0.0,0,0,0.0,0,0,0.0,0,0,0.0,0,0,0
2,Newton,1.6,0.0,,326026001,fitted_grid,pure,no_diagnostics66,uniform_white,1000,envelope_minus_baseline,0,0,0.0,0,0,0.0,0,0,0.0,0,0,0.0,0,0,0
2,Newton,1.6,0.0,,326026001,fitted_grid,pure,no_diagnostics66,clustered_correlated,1000,envelope_minus_baseline,0,0,0.0,0,0,0.0,0,0,0.0,0,0,0.0,0,0,0
2,Newton,1.6,0.0,,326026001,fitted_grid,pure,no_diagnostics66,sparse_floor,1000,envelope_minus_baseline,0,0,0.0,0,0,0.0,0,0,0.0,0,0,0.0,0,0,0
2,Newton,1.6,0.0,,326026001,fitted_grid,pure,full34,uniform_white,1000,envelope_minus_baseline,0,0,0.0,0,0,0.0,0,0,0.0,0,0,0.0,0,0,0
2,Newton,1.6,0.0,,326026001,fitted_grid,pure,full34,clustered_correlated,1000,envelope_minus_baseline,0,0,0.0,0,0,0.0,0,0,0.0,0,0,0.0,0,0,0
2,Newton,1.6,0.0,,326026001,fitted_grid,pure,full34,sparse_floor,1000,envelope_minus_baseline,0,0,0.0,0,0,0.0,0,0,0.0,0,0,0.0,0,0,0
2,Newton,1.6,0.0,,326026001,fitted_grid,pure,covariates_only66,uniform_white,1000,envelope_minus_baseline,0,18,-0.017999999999999905,0,0,0.0,18,0,0.018000000000000016,0,0,0.0,0,0,18
2,Newton,1.6,0.0,,326026001,fitted_grid,pure,covariates_only66,clustered_correlated,1000,envelope_minus_baseline,0,20,-0.020000000000000018,0,0,0.0,20,0,0.020000000000000018,0,0,0.0,0,0,20
2,Newton,1.6,0.0,,326026001,fitted_grid,pure,covariates_only66,sparse_floor,1000,envelope_minus_baseline,0,100,-0.09999999999999998,0,0,0.0,100,0,0.10000000000000003,0,0,0.0,0,0,100
2,Newton,1.6,0.0,,326026001,fitted_grid,pure,conditional66,uniform_white,1000,envelope_minus_baseline,0,0,0.0,0,0,0.0,0,0,0.0,0,0,0.0,0,0,0
2,Newton,1.6,0.0,,326026001,fitted_grid,pure,conditional66,clustered_correlated,1000,envelope_minus_baseline,0,0,0.0,0,0,0.0,0,0,0.0,0,0,0.0,0,0,0
2,Newton,1.6,0.0,,326026001,fitted_grid,pure,conditional66,sparse_floor,1000,envelope_minus_baseline,0,0,0.0,0,1,-0.001,1,0,0.001,1,0,0.0010000000000000009,0,0,0
2,Newton,1.6,0.075,40,326027001,fitted_grid,fitted_prior,full66,uniform_white,1000,envelope_minus_baseline,0,0,0.0,0,0,0.0,0,0,0.0,0,0,0.0,0,0,0
2,Newton,1.6,0.075,40,326027001,fitted_grid,fitted_prior,full66,clustered_correlated,1000,envelope_minus_baseline,0,0,0.0,0,0,0.0,0,0,0.0,0,0,0.0,0,0,0
2,Newton,1.6,0.075,40,326027001,fitted_grid,fitted_prior,full66,sparse_floor,1000,envelope_minus_baseline,0,0,0.0,0,0,0.0,0,0,0.0,0,0,0.0,0,0,0
2,Newton,1.6,0.075,40,326027001,fitted_grid,fitted_prior,no_diagnostics66,uniform_white,1000,envelope_minus_baseline,0,0,0.0,0,0,0.0,0,0,0.0,0,0,0.0,0,0,0
2,Newton,1.6,0.075,40,326027001,fitted_grid,fitted_prior,no_diagnostics66,clustered_correlated,1000,envelope_minus_baseline,0,0,0.0,0,0,0.0,0,0,0.0,0,0,0.0,0,0,0
2,Newton,1.6,0.075,40,326027001,fitted_grid,fitted_prior,no_diagnostics66,sparse_floor,1000,envelope_minus_baseline,0,0,0.0,0,0,0.0,0,0,0.0,0,0,0.0,0,0,0
2,Newton,1.6,0.075,40,326027001,fitted_grid,fitted_prior,full34,uniform_white,1000,envelope_minus_baseline,0,0,0.0,0,0,0.0,0,0,0.0,0,0,0.0,0,0,0
2,Newton,1.6,0.075,40,326027001,fitted_grid,fitted_prior,full34,clustered_correlated,1000,envelope_minus_baseline,0,0,0.0,0,0,0.0,0,0,0.0,0,0,0.0,0,0,0
2,Newton,1.6,0.075,40,326027001,fitted_grid,fitted_prior,full34,sparse_floor,1000,envelope_minus_baseline,0,0,0.0,0,0,0.0,0,0,0.0,0,0,0.0,0,0,0
2,Newton,1.6,0.075,40,326027001,fitted_grid,fitted_prior,covariates_only66,uniform_white,1000,envelope_minus_baseline,1,25,-0.02399999999999991,0,0,0.0,25,1,0.02400000000000002,1,0,0.0010000000000000009,1,0,25
2,Newton,1.6,0.075,40,326027001,fitted_grid,fitted_prior,covariates_only66,clustered_correlated,1000,envelope_minus_baseline,0,26,-0.026000000000000023,0,1,-0.001,27,0,0.02699999999999997,1,0,0.0010000000000000009,0,0,26
2,Newton,1.6,0.075,40,326027001,fitted_grid,fitted_prior,covariates_only66,sparse_floor,1000,envelope_minus_baseline,0,116,-0.11599999999999994,0,0,0.0,116,0,0.11600000000000005,0,0,0.0,0,0,116
2,Newton,1.6,0.075,40,326027001,fitted_grid,fitted_prior,conditional66,uniform_white,1000,envelope_minus_baseline,0,0,0.0,0,0,0.0,0,0,0.0,0,0,0.0,0,0,0
2,Newton,1.6,0.075,40,326027001,fitted_grid,fitted_prior,conditional66,clustered_correlated,1000,envelope_minus_baseline,0,0,0.0,0,0,0.0,0,0,0.0,0,0,0.0,0,0,0
2,Newton,1.6,0.075,40,326027001,fitted_grid,fitted_prior,conditional66,sparse_floor,1000,envelope_minus_baseline,0,0,0.0,0,0,0.0,0,0,0.0,0,0,0.0,0,0,0
2,Newton,1.6,0.075,80,326028001,fitted_grid,fitted_prior,full66,uniform_white,1000,envelope_minus_baseline,0,0,0.0,0,0,0.0,0,0,0.0,0,0,0.0,0,0,0
2,Newton,1.6,0.075,80,326028001,fitted_grid,fitted_prior,full66,clustered_correlated,1000,envelope_minus_baseline,0,0,0.0,0,0,0.0,0,0,0.0,0,0,0.0,0,0,0
2,Newton,1.6,0.075,80,326028001,fitted_grid,fitted_prior,full66,sparse_floor,1000,envelope_minus_baseline,0,0,0.0,0,0,0.0,0,0,0.0,0,0,0.0,0,0,0
2,Newton,1.6,0.075,80,326028001,fitted_grid,fitted_prior,no_diagnostics66,uniform_white,1000,envelope_minus_baseline,0,0,0.0,0,0,0.0,0,0,0.0,0,0,0.0,0,0,0
2,Newton,1.6,0.075,80,326028001,fitted_grid,fitted_prior,no_diagnostics66,clustered_correlated,1000,envelope_minus_baseline,0,0,0.0,0,0,0.0,0,0,0.0,0,0,0.0,0,0,0
2,Newton,1.6,0.075,80,326028001,fitted_grid,fitted_prior,no_diagnostics66,sparse_floor,1000,envelope_minus_baseline,0,0,0.0,0,0,0.0,0,0,0.0,0,0,0.0,0,0,0
2,Newton,1.6,0.075,80,326028001,fitted_grid,fitted_prior,full34,uniform_white,1000,envelope_minus_baseline,0,0,0.0,0,0,0.0,0,0,0.0,0,0,0.0,0,0,0
2,Newton,1.6,0.075,80,326028001,fitted_grid,fitted_prior,full34,clustered_correlated,1000,envelope_minus_baseline,0,0,0.0,0,0,0.0,0,0,0.0,0,0,0.0,0,0,0
2,Newton,1.6,0.075,80,326028001,fitted_grid,fitted_prior,full34,sparse_floor,1000,envelope_minus_baseline,0,0,0.0,0,0,0.0,0,0,0.0,0,0,0.0,0,0,0
2,Newton,1.6,0.075,80,326028001,fitted_grid,fitted_prior,covariates_only66,uniform_white,1000,envelope_minus_baseline,1,22,-0.020999999999999908,0,0,0.0,22,1,0.02100000000000002,1,0,0.0010000000000000009,1,0,22
2,Newton,1.6,0.075,80,326028001,fitted_grid,fitted_prior,covariates_only66,clustered_correlated,1000,envelope_minus_baseline,0,22,-0.02199999999999991,0,0,0.0,22,0,0.02200000000000002,0,0,0.0,0,0,22
2,Newton,1.6,0.075,80,326028001,fitted_grid,fitted_prior,covariates_only66,sparse_floor,1000,envelope_minus_baseline,1,110,-0.10899999999999993,0,0,0.0,110,1,0.10900000000000004,1,0,0.0010000000000000009,1,0,110
2,Newton,1.6,0.075,80,326028001,fitted_grid,fitted_prior,conditional66,uniform_white,1000,envelope_minus_baseline,0,0,0.0,0,0,0.0,0,0,0.0,0,0,0.0,0,0,0
2,Newton,1.6,0.075,80,326028001,fitted_grid,fitted_prior,conditional66,clustered_correlated,1000,envelope_minus_baseline,0,0,0.0,0,0,0.0,0,0,0.0,0,0,0.0,0,0,0
2,Newton,1.6,0.075,80,326028001,fitted_grid,fitted_prior,conditional66,sparse_floor,1000,envelope_minus_baseline,0,0,0.0,0,0,0.0,0,0,0.0,0,0,0.0,0,0,0
2,Newton,1.6,0.075,60,326029001,fitted_grid,outside_inner_prior,full66,uniform_white,1000,envelope_minus_baseline,0,0,0.0,0,0,0.0,0,0,0.0,0,0,0.0,0,0,0
2,Newton,1.6,0.075,60,326029001,fitted_grid,outside_inner_prior,full66,clustered_correlated,1000,envelope_minus_baseline,0,0,0.0,0,0,0.0,0,0,0.0,0,0,0.0,0,0,0
2,Newton,1.6,0.075,60,326029001,fitted_grid,outside_inner_prior,full66,sparse_floor,1000,envelope_minus_baseline,0,0,0.0,0,0,0.0,0,0,0.0,0,0,0.0,0,0,0
2,Newton,1.6,0.075,60,326029001,fitted_grid,outside_inner_prior,no_diagnostics66,uniform_white,1000,envelope_minus_baseline,0,0,0.0,0,0,0.0,0,0,0.0,0,0,0.0,0,0,0
2,Newton,1.6,0.075,60,326029001,fitted_grid,outside_inner_prior,no_diagnostics66,clustered_correlated,1000,envelope_minus_baseline,0,0,0.0,0,0,0.0,0,0,0.0,0,0,0.0,0,0,0
2,Newton,1.6,0.075,60,326029001,fitted_grid,outside_inner_prior,no_diagnostics66,sparse_floor,1000,envelope_minus_baseline,0,0,0.0,0,0,0.0,0,0,0.0,0,0,0.0,0,0,0
2,Newton,1.6,0.075,60,326029001,fitted_grid,outside_inner_prior,full34,uniform_white,1000,envelope_minus_baseline,0,1,-0.0010000000000000009,0,0,0.0,1,0,0.001,0,0,0.0,0,0,1
2,Newton,1.6,0.075,60,326029001,fitted_grid,outside_inner_prior,full34,clustered_correlated,1000,envelope_minus_baseline,0,0,0.0,0,0,0.0,0,0,0.0,0,0,0.0,0,0,0
2,Newton,1.6,0.075,60,326029001,fitted_grid,outside_inner_prior,full34,sparse_floor,1000,envelope_minus_baseline,0,0,0.0,0,0,0.0,0,0,0.0,0,0,0.0,0,0,0
2,Newton,1.6,0.075,60,326029001,fitted_grid,outside_inner_prior,covariates_only66,uniform_white,1000,envelope_minus_baseline,0,17,-0.016999999999999904,0,0,0.0,17,0,0.017000000000000015,0,0,0.0,0,0,17
2,Newton,1.6,0.075,60,326029001,fitted_grid,outside_inner_prior,covariates_only66,clustered_correlated,1000,envelope_minus_baseline,0,18,-0.018000000000000016,0,0,0.0,18,0,0.018000000000000016,0,0,0.0,0,0,18
2,Newton,1.6,0.075,60,326029001,fitted_grid,outside_inner_prior,covariates_only66,sparse_floor,1000,envelope_minus_baseline,0,95,-0.09499999999999997,0,0,0.0,95,0,0.09500000000000003,0,0,0.0,0,0,95
2,Newton,1.6,0.075,60,326029001,fitted_grid,outside_inner_prior,conditional66,uniform_white,1000,envelope_minus_baseline,0,0,0.0,0,0,0.0,0,0,0.0,0,0,0.0,0,0,0
2,Newton,1.6,0.075,60,326029001,fitted_grid,outside_inner_prior,conditional66,clustered_correlated,1000,envelope_minus_baseline,0,0,0.0,0,0,0.0,0,0,0.0,0,0,0.0,0,0,0
2,Newton,1.6,0.075,60,326029001,fitted_grid,outside_inner_prior,conditional66,sparse_floor,1000,envelope_minus_baseline,0,0,0.0,0,0,0.0,0,0,0.0,0,0,0.0,0,0,0
2,Newton,1.6,0.075,160,326030001,fitted_grid,outside_inner_prior,full66,uniform_white,1000,envelope_minus_baseline,0,0,0.0,0,0,0.0,0,0,0.0,0,0,0.0,0,0,0
2,Newton,1.6,0.075,160,326030001,fitted_grid,outside_inner_prior,full66,clustered_correlated,1000,envelope_minus_baseline,0,0,0.0,0,0,0.0,0,0,0.0,0,0,0.0,0,0,0
2,Newton,1.6,0.075,160,326030001,fitted_grid,outside_inner_prior,full66,sparse_floor,1000,envelope_minus_baseline,0,0,0.0,0,0,0.0,0,0,0.0,0,0,0.0,0,0,0
2,Newton,1.6,0.075,160,326030001,fitted_grid,outside_inner_prior,no_diagnostics66,uniform_white,1000,envelope_minus_baseline,0,0,0.0,0,0,0.0,0,0,0.0,0,0,0.0,0,0,0
2,Newton,1.6,0.075,160,326030001,fitted_grid,outside_inner_prior,no_diagnostics66,clustered_correlated,1000,envelope_minus_baseline,0,0,0.0,0,0,0.0,0,0,0.0,0,0,0.0,0,0,0
2,Newton,1.6,0.075,160,326030001,fitted_grid,outside_inner_prior,no_diagnostics66,sparse_floor,1000,envelope_minus_baseline,0,0,0.0,0,0,0.0,0,0,0.0,0,0,0.0,0,0,0
2,Newton,1.6,0.075,160,326030001,fitted_grid,outside_inner_prior,full34,uniform_white,1000,envelope_minus_baseline,0,0,0.0,0,0,0.0,0,0,0.0,0,0,0.0,0,0,0
2,Newton,1.6,0.075,160,326030001,fitted_grid,outside_inner_prior,full34,clustered_correlated,1000,envelope_minus_baseline,0,0,0.0,0,0,0.0,0,0,0.0,0,0,0.0,0,0,0
2,Newton,1.6,0.075,160,326030001,fitted_grid,outside_inner_prior,full34,sparse_floor,1000,envelope_minus_baseline,0,0,0.0,0,0,0.0,0,0,0.0,0,0,0.0,0,0,0
2,Newton,1.6,0.075,160,326030001,fitted_grid,outside_inner_prior,covariates_only66,uniform_white,1000,envelope_minus_baseline,0,16,-0.016000000000000014,0,0,0.0,16,0,0.016000000000000014,0,0,0.0,0,0,16
2,Newton,1.6,0.075,160,326030001,fitted_grid,outside_inner_prior,covariates_only66,clustered_correlated,1000,envelope_minus_baseline,1,25,-0.02400000000000002,0,0,0.0,25,1,0.023999999999999966,1,0,0.0010000000000000009,1,0,25
2,Newton,1.6,0.075,160,326030001,fitted_grid,outside_inner_prior,covariates_only66,sparse_floor,1000,envelope_minus_baseline,0,107,-0.10700000000000004,0,0,0.0,107,0,0.10699999999999998,0,0,0.0,0,0,107
2,Newton,1.6,0.075,160,326030001,fitted_grid,outside_inner_prior,conditional66,uniform_white,1000,envelope_minus_baseline,0,0,0.0,0,0,0.0,0,0,0.0,0,0,0.0,0,0,0
2,Newton,1.6,0.075,160,326030001,fitted_grid,outside_inner_prior,conditional66,clustered_correlated,1000,envelope_minus_baseline,0,0,0.0,0,0,0.0,0,0,0.0,0,0,0.0,0,0,0
2,Newton,1.6,0.075,160,326030001,fitted_grid,outside_inner_prior,conditional66,sparse_floor,1000,envelope_minus_baseline,0,0,0.0,0,0,0.0,0,0,0.0,0,0,0.0,0,0,0
2,Newton,1.6,0.225,40,326031001,fitted_grid,fitted_prior,full66,uniform_white,1000,envelope_minus_baseline,0,0,0.0,0,0,0.0,0,0,0.0,0,0,0.0,0,0,0
2,Newton,1.6,0.225,40,326031001,fitted_grid,fitted_prior,full66,clustered_correlated,1000,envelope_minus_baseline,0,0,0.0,0,0,0.0,0,0,0.0,0,0,0.0,0,0,0
2,Newton,1.6,0.225,40,326031001,fitted_grid,fitted_prior,full66,sparse_floor,1000,envelope_minus_baseline,0,0,0.0,0,0,0.0,0,0,0.0,0,0,0.0,0,0,0
2,Newton,1.6,0.225,40,326031001,fitted_grid,fitted_prior,no_diagnostics66,uniform_white,1000,envelope_minus_baseline,0,0,0.0,0,0,0.0,0,0,0.0,0,0,0.0,0,0,0
2,Newton,1.6,0.225,40,326031001,fitted_grid,fitted_prior,no_diagnostics66,clustered_correlated,1000,envelope_minus_baseline,0,0,0.0,0,0,0.0,0,0,0.0,0,0,0.0,0,0,0
2,Newton,1.6,0.225,40,326031001,fitted_grid,fitted_prior,no_diagnostics66,sparse_floor,1000,envelope_minus_baseline,0,0,0.0,0,0,0.0,0,0,0.0,0,0,0.0,0,0,0
2,Newton,1.6,0.225,40,326031001,fitted_grid,fitted_prior,full34,uniform_white,1000,envelope_minus_baseline,0,1,-0.0010000000000000009,0,1,-0.001,2,0,0.002,1,0,0.0010000000000000009,0,0,1
2,Newton,1.6,0.225,40,326031001,fitted_grid,fitted_prior,full34,clustered_correlated,1000,envelope_minus_baseline,0,0,0.0,0,0,0.0,0,0,0.0,0,0,0.0,0,0,0
2,Newton,1.6,0.225,40,326031001,fitted_grid,fitted_prior,full34,sparse_floor,1000,envelope_minus_baseline,0,0,0.0,0,0,0.0,0,0,0.0,0,0,0.0,0,0,0
2,Newton,1.6,0.225,40,326031001,fitted_grid,fitted_prior,covariates_only66,uniform_white,1000,envelope_minus_baseline,1,15,-0.014000000000000012,0,0,0.0,15,1,0.014000000000000012,1,0,0.0010000000000000009,1,0,15
2,Newton,1.6,0.225,40,326031001,fitted_grid,fitted_prior,covariates_only66,clustered_correlated,1000,envelope_minus_baseline,1,24,-0.02300000000000002,0,0,0.0,24,1,0.02300000000000002,1,0,0.0010000000000000009,1,0,24
2,Newton,1.6,0.225,40,326031001,fitted_grid,fitted_prior,covariates_only66,sparse_floor,1000,envelope_minus_baseline,0,108,-0.10800000000000004,0,0,0.0,108,0,0.10799999999999993,0,0,0.0,0,0,108
2,Newton,1.6,0.225,40,326031001,fitted_grid,fitted_prior,conditional66,uniform_white,1000,envelope_minus_baseline,0,0,0.0,0,0,0.0,0,0,0.0,0,0,0.0,0,0,0
2,Newton,1.6,0.225,40,326031001,fitted_grid,fitted_prior,conditional66,clustered_correlated,1000,envelope_minus_baseline,0,0,0.0,0,0,0.0,0,0,0.0,0,0,0.0,0,0,0
2,Newton,1.6,0.225,40,326031001,fitted_grid,fitted_prior,conditional66,sparse_floor,1000,envelope_minus_baseline,0,0,0.0,0,0,0.0,0,0,0.0,0,0,0.0,0,0,0
2,Newton,1.6,0.225,80,326032001,fitted_grid,fitted_prior,full66,uniform_white,1000,envelope_minus_baseline,0,0,0.0,0,0,0.0,0,0,0.0,0,0,0.0,0,0,0
2,Newton,1.6,0.225,80,326032001,fitted_grid,fitted_prior,full66,clustered_correlated,1000,envelope_minus_baseline,0,0,0.0,0,0,0.0,0,0,0.0,0,0,0.0,0,0,0
2,Newton,1.6,0.225,80,326032001,fitted_grid,fitted_prior,full66,sparse_floor,1000,envelope_minus_baseline,1,0,0.0010000000000000009,0,0,0.0,0,1,-0.001,1,0,0.0010000000000000009,1,0,0
2,Newton,1.6,0.225,80,326032001,fitted_grid,fitted_prior,no_diagnostics66,uniform_white,1000,envelope_minus_baseline,0,0,0.0,0,0,0.0,0,0,0.0,0,0,0.0,0,0,0
2,Newton,1.6,0.225,80,326032001,fitted_grid,fitted_prior,no_diagnostics66,clustered_correlated,1000,envelope_minus_baseline,0,0,0.0,0,0,0.0,0,0,0.0,0,0,0.0,0,0,0
2,Newton,1.6,0.225,80,326032001,fitted_grid,fitted_prior,no_diagnostics66,sparse_floor,1000,envelope_minus_baseline,0,0,0.0,0,0,0.0,0,0,0.0,0,0,0.0,0,0,0
2,Newton,1.6,0.225,80,326032001,fitted_grid,fitted_prior,full34,uniform_white,1000,envelope_minus_baseline,0,0,0.0,0,0,0.0,0,0,0.0,0,0,0.0,0,0,0
2,Newton,1.6,0.225,80,326032001,fitted_grid,fitted_prior,full34,clustered_correlated,1000,envelope_minus_baseline,0,0,0.0,0,0,0.0,0,0,0.0,0,0,0.0,0,0,0
2,Newton,1.6,0.225,80,326032001,fitted_grid,fitted_prior,full34,sparse_floor,1000,envelope_minus_baseline,0,0,0.0,0,0,0.0,0,0,0.0,0,0,0.0,0,0,0
2,Newton,1.6,0.225,80,326032001,fitted_grid,fitted_prior,covariates_only66,uniform_white,1000,envelope_minus_baseline,0,16,-0.01599999999999996,0,0,0.0,16,0,0.016000000000000014,0,0,0.0,0,0,16
2,Newton,1.6,0.225,80,326032001,fitted_grid,fitted_prior,covariates_only66,clustered_correlated,1000,envelope_minus_baseline,0,18,-0.01799999999999996,0,0,0.0,18,0,0.018000000000000016,0,0,0.0,0,0,18
2,Newton,1.6,0.225,80,326032001,fitted_grid,fitted_prior,covariates_only66,sparse_floor,1000,envelope_minus_baseline,1,79,-0.07799999999999996,0,0,0.0,79,1,0.07799999999999996,1,0,0.0010000000000000009,1,0,79
2,Newton,1.6,0.225,80,326032001,fitted_grid,fitted_prior,conditional66,uniform_white,1000,envelope_minus_baseline,0,0,0.0,0,0,0.0,0,0,0.0,0,0,0.0,0,0,0
2,Newton,1.6,0.225,80,326032001,fitted_grid,fitted_prior,conditional66,clustered_correlated,1000,envelope_minus_baseline,0,0,0.0,0,0,0.0,0,0,0.0,0,0,0.0,0,0,0
2,Newton,1.6,0.225,80,326032001,fitted_grid,fitted_prior,conditional66,sparse_floor,1000,envelope_minus_baseline,0,0,0.0,0,0,0.0,0,0,0.0,0,0,0.0,0,0,0
2,Newton,1.6,0.225,60,326033001,fitted_grid,outside_inner_prior,full66,uniform_white,1000,envelope_minus_baseline,0,0,0.0,0,0,0.0,0,0,0.0,0,0,0.0,0,0,0
2,Newton,1.6,0.225,60,326033001,fitted_grid,outside_inner_prior,full66,clustered_correlated,1000,envelope_minus_baseline,0,0,0.0,0,0,0.0,0,0,0.0,0,0,0.0,0,0,0
2,Newton,1.6,0.225,60,326033001,fitted_grid,outside_inner_prior,full66,sparse_floor,1000,envelope_minus_baseline,0,0,0.0,0,0,0.0,0,0,0.0,0,0,0.0,0,0,0
2,Newton,1.6,0.225,60,326033001,fitted_grid,outside_inner_prior,no_diagnostics66,uniform_white,1000,envelope_minus_baseline,0,0,0.0,0,0,0.0,0,0,0.0,0,0,0.0,0,0,0
2,Newton,1.6,0.225,60,326033001,fitted_grid,outside_inner_prior,no_diagnostics66,clustered_correlated,1000,envelope_minus_baseline,0,0,0.0,0,0,0.0,0,0,0.0,0,0,0.0,0,0,0
2,Newton,1.6,0.225,60,326033001,fitted_grid,outside_inner_prior,no_diagnostics66,sparse_floor,1000,envelope_minus_baseline,0,0,0.0,0,0,0.0,0,0,0.0,0,0,0.0,0,0,0
2,Newton,1.6,0.225,60,326033001,fitted_grid,outside_inner_prior,full34,uniform_white,1000,envelope_minus_baseline,0,2,-0.0020000000000000018,0,0,0.0,2,0,0.002,0,0,0.0,0,0,2
2,Newton,1.6,0.225,60,326033001,fitted_grid,outside_inner_prior,full34,clustered_correlated,1000,envelope_minus_baseline,0,0,0.0,0,0,0.0,0,0,0.0,0,0,0.0,0,0,0
2,Newton,1.6,0.225,60,326033001,fitted_grid,outside_inner_prior,full34,sparse_floor,1000,envelope_minus_baseline,0,0,0.0,0,0,0.0,0,0,0.0,0,0,0.0,0,0,0
2,Newton,1.6,0.225,60,326033001,fitted_grid,outside_inner_prior,covariates_only66,uniform_white,1000,envelope_minus_baseline,0,20,-0.020000000000000018,0,0,0.0,20,0,0.020000000000000018,0,0,0.0,0,0,20
2,Newton,1.6,0.225,60,326033001,fitted_grid,outside_inner_prior,covariates_only66,clustered_correlated,1000,envelope_minus_baseline,0,20,-0.020000000000000018,0,0,0.0,20,0,0.020000000000000018,0,0,0.0,0,0,20
2,Newton,1.6,0.225,60,326033001,fitted_grid,outside_inner_prior,covariates_only66,sparse_floor,1000,envelope_minus_baseline,0,97,-0.09699999999999998,0,1,-0.001,98,0,0.09799999999999998,1,0,0.0010000000000000009,0,0,97
2,Newton,1.6,0.225,60,326033001,fitted_grid,outside_inner_prior,conditional66,uniform_white,1000,envelope_minus_baseline,0,0,0.0,0,0,0.0,0,0,0.0,0,0,0.0,0,0,0
2,Newton,1.6,0.225,60,326033001,fitted_grid,outside_inner_prior,conditional66,clustered_correlated,1000,envelope_minus_baseline,0,0,0.0,0,0,0.0,0,0,0.0,0,0,0.0,0,0,0
2,Newton,1.6,0.225,60,326033001,fitted_grid,outside_inner_prior,conditional66,sparse_floor,1000,envelope_minus_baseline,0,0,0.0,0,0,0.0,0,0,0.0,0,0,0.0,0,0,0
2,Newton,1.6,0.225,160,326034001,fitted_grid,outside_inner_prior,full66,uniform_white,1000,envelope_minus_baseline,0,0,0.0,0,0,0.0,0,0,0.0,0,0,0.0,0,0,0
2,Newton,1.6,0.225,160,326034001,fitted_grid,outside_inner_prior,full66,clustered_correlated,1000,envelope_minus_baseline,0,0,0.0,0,0,0.0,0,0,0.0,0,0,0.0,0,0,0
2,Newton,1.6,0.225,160,326034001,fitted_grid,outside_inner_prior,full66,sparse_floor,1000,envelope_minus_baseline,0,0,0.0,0,0,0.0,0,0,0.0,0,0,0.0,0,0,0
2,Newton,1.6,0.225,160,326034001,fitted_grid,outside_inner_prior,no_diagnostics66,uniform_white,1000,envelope_minus_baseline,0,0,0.0,0,0,0.0,0,0,0.0,0,0,0.0,0,0,0
2,Newton,1.6,0.225,160,326034001,fitted_grid,outside_inner_prior,no_diagnostics66,clustered_correlated,1000,envelope_minus_baseline,0,0,0.0,0,0,0.0,0,0,0.0,0,0,0.0,0,0,0
2,Newton,1.6,0.225,160,326034001,fitted_grid,outside_inner_prior,no_diagnostics66,sparse_floor,1000,envelope_minus_baseline,1,0,0.0010000000000000009,0,0,0.0,0,1,-0.001,1,0,0.0010000000000000009,1,0,0
2,Newton,1.6,0.225,160,326034001,fitted_grid,outside_inner_prior,full34,uniform_white,1000,envelope_minus_baseline,0,1,-0.0010000000000000009,0,0,0.0,1,0,0.001,0,0,0.0,0,0,1
2,Newton,1.6,0.225,160,326034001,fitted_grid,outside_inner_prior,full34,clustered_correlated,1000,envelope_minus_baseline,0,0,0.0,0,0,0.0,0,0,0.0,0,0,0.0,0,0,0
2,Newton,1.6,0.225,160,326034001,fitted_grid,outside_inner_prior,full34,sparse_floor,1000,envelope_minus_baseline,0,0,0.0,0,0,0.0,0,0,0.0,0,0,0.0,0,0,0
2,Newton,1.6,0.225,160,326034001,fitted_grid,outside_inner_prior,covariates_only66,uniform_white,1000,envelope_minus_baseline,0,25,-0.025000000000000022,0,0,0.0,25,0,0.025000000000000022,0,0,0.0,0,0,25
2,Newton,1.6,0.225,160,326034001,fitted_grid,outside_inner_prior,covariates_only66,clustered_correlated,1000,envelope_minus_baseline,1,25,-0.02400000000000002,0,0,0.0,25,1,0.02400000000000002,1,0,0.0010000000000000009,1,0,25
2,Newton,1.6,0.225,160,326034001,fitted_grid,outside_inner_prior,covariates_only66,sparse_floor,1000,envelope_minus_baseline,0,97,-0.09699999999999998,0,0,0.0,97,0,0.09699999999999998,0,0,0.0,0,0,97
2,Newton,1.6,0.225,160,326034001,fitted_grid,outside_inner_prior,conditional66,uniform_white,1000,envelope_minus_baseline,0,0,0.0,0,0,0.0,0,0,0.0,0,0,0.0,0,0,0
2,Newton,1.6,0.225,160,326034001,fitted_grid,outside_inner_prior,conditional66,clustered_correlated,1000,envelope_minus_baseline,0,0,0.0,0,0,0.0,0,0,0.0,0,0,0.0,0,0,0
2,Newton,1.6,0.225,160,326034001,fitted_grid,outside_inner_prior,conditional66,sparse_floor,1000,envelope_minus_baseline,0,0,0.0,0,0,0.0,0,0,0.0,0,0,0.0,0,0,0
2,Newton,1.6,0.3,40,326035001,fitted_grid,fitted_prior,full66,uniform_white,1000,envelope_minus_baseline,0,0,0.0,0,0,0.0,0,0,0.0,0,0,0.0,0,0,0
2,Newton,1.6,0.3,40,326035001,fitted_grid,fitted_prior,full66,clustered_correlated,1000,envelope_minus_baseline,0,0,0.0,0,0,0.0,0,0,0.0,0,0,0.0,0,0,0
2,Newton,1.6,0.3,40,326035001,fitted_grid,fitted_prior,full66,sparse_floor,1000,envelope_minus_baseline,0,0,0.0,0,0,0.0,0,0,0.0,0,0,0.0,0,0,0
2,Newton,1.6,0.3,40,326035001,fitted_grid,fitted_prior,no_diagnostics66,uniform_white,1000,envelope_minus_baseline,0,0,0.0,0,0,0.0,0,0,0.0,0,0,0.0,0,0,0
2,Newton,1.6,0.3,40,326035001,fitted_grid,fitted_prior,no_diagnostics66,clustered_correlated,1000,envelope_minus_baseline,0,0,0.0,0,0,0.0,0,0,0.0,0,0,0.0,0,0,0
2,Newton,1.6,0.3,40,326035001,fitted_grid,fitted_prior,no_diagnostics66,sparse_floor,1000,envelope_minus_baseline,1,0,0.0010000000000000009,0,0,0.0,0,1,-0.001,1,0,0.0010000000000000009,1,0,0
2,Newton,1.6,0.3,40,326035001,fitted_grid,fitted_prior,full34,uniform_white,1000,envelope_minus_baseline,1,1,0.0,0,1,-0.001,2,1,0.0010000000000000009,2,0,0.0020000000000000018,1,0,1
2,Newton,1.6,0.3,40,326035001,fitted_grid,fitted_prior,full34,clustered_correlated,1000,envelope_minus_baseline,0,1,-0.0010000000000000009,0,1,-0.001,2,0,0.002,1,0,0.0010000000000000009,0,0,1
2,Newton,1.6,0.3,40,326035001,fitted_grid,fitted_prior,full34,sparse_floor,1000,envelope_minus_baseline,0,0,0.0,0,1,-0.001,1,0,0.0009999999999999974,1,0,0.0010000000000000009,0,0,0
2,Newton,1.6,0.3,40,326035001,fitted_grid,fitted_prior,covariates_only66,uniform_white,1000,envelope_minus_baseline,0,16,-0.016000000000000014,0,0,0.0,16,0,0.01599999999999996,0,0,0.0,0,0,16
2,Newton,1.6,0.3,40,326035001,fitted_grid,fitted_prior,covariates_only66,clustered_correlated,1000,envelope_minus_baseline,0,26,-0.026000000000000023,0,0,0.0,26,0,0.025999999999999968,0,0,0.0,0,0,26
2,Newton,1.6,0.3,40,326035001,fitted_grid,fitted_prior,covariates_only66,sparse_floor,1000,envelope_minus_baseline,0,87,-0.08700000000000002,0,0,0.0,87,0,0.08700000000000002,0,0,0.0,0,0,87
2,Newton,1.6,0.3,40,326035001,fitted_grid,fitted_prior,conditional66,uniform_white,1000,envelope_minus_baseline,0,0,0.0,0,0,0.0,0,0,0.0,0,0,0.0,0,0,0
2,Newton,1.6,0.3,40,326035001,fitted_grid,fitted_prior,conditional66,clustered_correlated,1000,envelope_minus_baseline,0,0,0.0,0,0,0.0,0,0,0.0,0,0,0.0,0,0,0
2,Newton,1.6,0.3,40,326035001,fitted_grid,fitted_prior,conditional66,sparse_floor,1000,envelope_minus_baseline,0,0,0.0,0,0,0.0,0,0,0.0,0,0,0.0,0,0,0
2,Newton,1.6,0.3,80,326036001,fitted_grid,fitted_prior,full66,uniform_white,1000,envelope_minus_baseline,0,0,0.0,0,0,0.0,0,0,0.0,0,0,0.0,0,0,0
2,Newton,1.6,0.3,80,326036001,fitted_grid,fitted_prior,full66,clustered_correlated,1000,envelope_minus_baseline,0,0,0.0,0,0,0.0,0,0,0.0,0,0,0.0,0,0,0
2,Newton,1.6,0.3,80,326036001,fitted_grid,fitted_prior,full66,sparse_floor,1000,envelope_minus_baseline,1,0,0.0010000000000000009,0,0,0.0,0,1,-0.001,1,0,0.0010000000000000009,1,0,0
2,Newton,1.6,0.3,80,326036001,fitted_grid,fitted_prior,no_diagnostics66,uniform_white,1000,envelope_minus_baseline,0,0,0.0,0,0,0.0,0,0,0.0,0,0,0.0,0,0,0
2,Newton,1.6,0.3,80,326036001,fitted_grid,fitted_prior,no_diagnostics66,clustered_correlated,1000,envelope_minus_baseline,0,0,0.0,0,0,0.0,0,0,0.0,0,0,0.0,0,0,0
2,Newton,1.6,0.3,80,326036001,fitted_grid,fitted_prior,no_diagnostics66,sparse_floor,1000,envelope_minus_baseline,0,0,0.0,0,0,0.0,0,0,0.0,0,0,0.0,0,0,0
2,Newton,1.6,0.3,80,326036001,fitted_grid,fitted_prior,full34,uniform_white,1000,envelope_minus_baseline,1,1,0.0,0,0,0.0,1,1,0.0,1,0,0.0010000000000000009,1,0,1
2,Newton,1.6,0.3,80,326036001,fitted_grid,fitted_prior,full34,clustered_correlated,1000,envelope_minus_baseline,2,0,0.0020000000000000018,0,2,-0.002,2,2,0.0,4,0,0.0040000000000000036,2,0,0
2,Newton,1.6,0.3,80,326036001,fitted_grid,fitted_prior,full34,sparse_floor,1000,envelope_minus_baseline,0,0,0.0,0,0,0.0,0,0,0.0,0,0,0.0,0,0,0
2,Newton,1.6,0.3,80,326036001,fitted_grid,fitted_prior,covariates_only66,uniform_white,1000,envelope_minus_baseline,0,21,-0.02100000000000002,0,0,0.0,21,0,0.020999999999999908,0,0,0.0,0,0,21
2,Newton,1.6,0.3,80,326036001,fitted_grid,fitted_prior,covariates_only66,clustered_correlated,1000,envelope_minus_baseline,1,21,-0.020000000000000018,0,0,0.0,21,1,0.020000000000000018,1,0,0.0010000000000000009,1,0,21
2,Newton,1.6,0.3,80,326036001,fitted_grid,fitted_prior,covariates_only66,sparse_floor,1000,envelope_minus_baseline,0,102,-0.10200000000000004,0,0,0.0,102,0,0.10199999999999998,0,0,0.0,0,0,102
2,Newton,1.6,0.3,80,326036001,fitted_grid,fitted_prior,conditional66,uniform_white,1000,envelope_minus_baseline,0,0,0.0,0,0,0.0,0,0,0.0,0,0,0.0,0,0,0
2,Newton,1.6,0.3,80,326036001,fitted_grid,fitted_prior,conditional66,clustered_correlated,1000,envelope_minus_baseline,0,0,0.0,0,0,0.0,0,0,0.0,0,0,0.0,0,0,0
2,Newton,1.6,0.3,80,326036001,fitted_grid,fitted_prior,conditional66,sparse_floor,1000,envelope_minus_baseline,0,0,0.0,0,0,0.0,0,0,0.0,0,0,0.0,0,0,0
2,Newton,1.6,0.3,60,326037001,fitted_grid,outside_inner_prior,full66,uniform_white,1000,envelope_minus_baseline,0,0,0.0,0,0,0.0,0,0,0.0,0,0,0.0,0,0,0
2,Newton,1.6,0.3,60,326037001,fitted_grid,outside_inner_prior,full66,clustered_correlated,1000,envelope_minus_baseline,0,0,0.0,0,0,0.0,0,0,0.0,0,0,0.0,0,0,0
2,Newton,1.6,0.3,60,326037001,fitted_grid,outside_inner_prior,full66,sparse_floor,1000,envelope_minus_baseline,1,0,0.0010000000000000009,0,0,0.0,0,1,-0.001,1,0,0.0010000000000000009,1,0,0
2,Newton,1.6,0.3,60,326037001,fitted_grid,outside_inner_prior,no_diagnostics66,uniform_white,1000,envelope_minus_baseline,0,0,0.0,0,0,0.0,0,0,0.0,0,0,0.0,0,0,0
2,Newton,1.6,0.3,60,326037001,fitted_grid,outside_inner_prior,no_diagnostics66,clustered_correlated,1000,envelope_minus_baseline,0,0,0.0,0,0,0.0,0,0,0.0,0,0,0.0,0,0,0
2,Newton,1.6,0.3,60,326037001,fitted_grid,outside_inner_prior,no_diagnostics66,sparse_floor,1000,envelope_minus_baseline,0,0,0.0,0,0,0.0,0,0,0.0,0,0,0.0,0,0,0
2,Newton,1.6,0.3,60,326037001,fitted_grid,outside_inner_prior,full34,uniform_white,1000,envelope_minus_baseline,0,2,-0.0020000000000000018,0,0,0.0,2,0,0.002,0,0,0.0,0,0,2
2,Newton,1.6,0.3,60,326037001,fitted_grid,outside_inner_prior,full34,clustered_correlated,1000,envelope_minus_baseline,0,1,-0.0010000000000000009,0,0,0.0,1,0,0.001,0,0,0.0,0,0,1
2,Newton,1.6,0.3,60,326037001,fitted_grid,outside_inner_prior,full34,sparse_floor,1000,envelope_minus_baseline,0,0,0.0,0,0,0.0,0,0,0.0,0,0,0.0,0,0,0
2,Newton,1.6,0.3,60,326037001,fitted_grid,outside_inner_prior,covariates_only66,uniform_white,1000,envelope_minus_baseline,0,24,-0.02400000000000002,0,0,0.0,24,0,0.02400000000000002,0,0,0.0,0,0,24
2,Newton,1.6,0.3,60,326037001,fitted_grid,outside_inner_prior,covariates_only66,clustered_correlated,1000,envelope_minus_baseline,0,19,-0.019000000000000017,0,0,0.0,19,0,0.018999999999999906,0,0,0.0,0,0,19
2,Newton,1.6,0.3,60,326037001,fitted_grid,outside_inner_prior,covariates_only66,sparse_floor,1000,envelope_minus_baseline,0,115,-0.11499999999999999,0,1,-0.001,116,0,0.11599999999999999,1,0,0.0010000000000000009,0,0,115
2,Newton,1.6,0.3,60,326037001,fitted_grid,outside_inner_prior,conditional66,uniform_white,1000,envelope_minus_baseline,0,0,0.0,0,0,0.0,0,0,0.0,0,0,0.0,0,0,0
2,Newton,1.6,0.3,60,326037001,fitted_grid,outside_inner_prior,conditional66,clustered_correlated,1000,envelope_minus_baseline,0,0,0.0,0,0,0.0,0,0,0.0,0,0,0.0,0,0,0
2,Newton,1.6,0.3,60,326037001,fitted_grid,outside_inner_prior,conditional66,sparse_floor,1000,envelope_minus_baseline,1,0,0.0010000000000000009,0,0,0.0,0,1,-0.001,1,0,0.0010000000000000009,1,0,0
2,Newton,1.6,0.3,160,326038001,fitted_grid,outside_inner_prior,full66,uniform_white,1000,envelope_minus_baseline,1,0,0.0010000000000000009,0,0,0.0,0,1,-0.001,1,0,0.0010000000000000009,1,0,0
2,Newton,1.6,0.3,160,326038001,fitted_grid,outside_inner_prior,full66,clustered_correlated,1000,envelope_minus_baseline,0,0,0.0,0,0,0.0,0,0,0.0,0,0,0.0,0,0,0
2,Newton,1.6,0.3,160,326038001,fitted_grid,outside_inner_prior,full66,sparse_floor,1000,envelope_minus_baseline,4,0,0.0040000000000000036,1,0,0.001,0,5,-0.005,4,0,0.0040000000000000036,4,1,0
2,Newton,1.6,0.3,160,326038001,fitted_grid,outside_inner_prior,no_diagnostics66,uniform_white,1000,envelope_minus_baseline,0,0,0.0,0,0,0.0,0,0,0.0,0,0,0.0,0,0,0
2,Newton,1.6,0.3,160,326038001,fitted_grid,outside_inner_prior,no_diagnostics66,clustered_correlated,1000,envelope_minus_baseline,0,0,0.0,0,0,0.0,0,0,0.0,0,0,0.0,0,0,0
2,Newton,1.6,0.3,160,326038001,fitted_grid,outside_inner_prior,no_diagnostics66,sparse_floor,1000,envelope_minus_baseline,2,0,0.0020000000000000018,0,0,0.0,0,2,-0.002,2,0,0.0020000000000000018,2,0,0
2,Newton,1.6,0.3,160,326038001,fitted_grid,outside_inner_prior,full34,uniform_white,1000,envelope_minus_baseline,2,3,-0.0010000000000000009,1,1,0.0,4,3,0.0010000000000000009,3,0,0.0030000000000000027,2,1,3
2,Newton,1.6,0.3,160,326038001,fitted_grid,outside_inner_prior,full34,clustered_correlated,1000,envelope_minus_baseline,4,0,0.0040000000000000036,0,0,0.0,0,4,-0.004,4,0,0.0040000000000000036,4,0,0
2,Newton,1.6,0.3,160,326038001,fitted_grid,outside_inner_prior,full34,sparse_floor,1000,envelope_minus_baseline,0,0,0.0,0,0,0.0,0,0,0.0,0,0,0.0,0,0,0
2,Newton,1.6,0.3,160,326038001,fitted_grid,outside_inner_prior,covariates_only66,uniform_white,1000,envelope_minus_baseline,0,18,-0.018000000000000016,0,0,0.0,18,0,0.018000000000000016,0,0,0.0,0,0,18
2,Newton,1.6,0.3,160,326038001,fitted_grid,outside_inner_prior,covariates_only66,clustered_correlated,1000,envelope_minus_baseline,0,19,-0.019000000000000017,0,0,0.0,19,0,0.018999999999999906,0,0,0.0,0,0,19
2,Newton,1.6,0.3,160,326038001,fitted_grid,outside_inner_prior,covariates_only66,sparse_floor,1000,envelope_minus_baseline,0,96,-0.09599999999999997,0,1,-0.001,97,0,0.09700000000000009,1,0,0.0010000000000000009,0,0,96
2,Newton,1.6,0.3,160,326038001,fitted_grid,outside_inner_prior,conditional66,uniform_white,1000,envelope_minus_baseline,0,0,0.0,0,0,0.0,0,0,0.0,0,0,0.0,0,0,0
2,Newton,1.6,0.3,160,326038001,fitted_grid,outside_inner_prior,conditional66,clustered_correlated,1000,envelope_minus_baseline,0,0,0.0,0,0,0.0,0,0,0.0,0,0,0.0,0,0,0
2,Newton,1.6,0.3,160,326038001,fitted_grid,outside_inner_prior,conditional66,sparse_floor,1000,envelope_minus_baseline,0,0,0.0,0,3,-0.003,3,0,0.003,3,0,0.0030000000000000027,0,0,0
2,Newton,1.15,0.0,,326039001,outside_beta_grid,pure,full66,uniform_white,1000,envelope_minus_baseline,0,0,0.0,0,0,0.0,0,0,0.0,0,0,0.0,0,0,0
2,Newton,1.15,0.0,,326039001,outside_beta_grid,pure,full66,clustered_correlated,1000,envelope_minus_baseline,0,0,0.0,0,0,0.0,0,0,0.0,0,0,0.0,0,0,0
2,Newton,1.15,0.0,,326039001,outside_beta_grid,pure,full66,sparse_floor,1000,envelope_minus_baseline,0,0,0.0,0,0,0.0,0,0,0.0,0,0,0.0,0,0,0
2,Newton,1.15,0.0,,326039001,outside_beta_grid,pure,no_diagnostics66,uniform_white,1000,envelope_minus_baseline,0,0,0.0,0,0,0.0,0,0,0.0,0,0,0.0,0,0,0
2,Newton,1.15,0.0,,326039001,outside_beta_grid,pure,no_diagnostics66,clustered_correlated,1000,envelope_minus_baseline,0,0,0.0,0,0,0.0,0,0,0.0,0,0,0.0,0,0,0
2,Newton,1.15,0.0,,326039001,outside_beta_grid,pure,no_diagnostics66,sparse_floor,1000,envelope_minus_baseline,0,0,0.0,0,0,0.0,0,0,0.0,0,0,0.0,0,0,0
2,Newton,1.15,0.0,,326039001,outside_beta_grid,pure,full34,uniform_white,1000,envelope_minus_baseline,0,2,-0.0020000000000000018,0,0,0.0,2,0,0.0020000000000000018,0,0,0.0,0,0,2
2,Newton,1.15,0.0,,326039001,outside_beta_grid,pure,full34,clustered_correlated,1000,envelope_minus_baseline,0,4,-0.0040000000000000036,0,0,0.0,4,0,0.004,0,0,0.0,0,0,4
2,Newton,1.15,0.0,,326039001,outside_beta_grid,pure,full34,sparse_floor,1000,envelope_minus_baseline,0,0,0.0,0,0,0.0,0,0,0.0,0,0,0.0,0,0,0
2,Newton,1.15,0.0,,326039001,outside_beta_grid,pure,covariates_only66,uniform_white,1000,envelope_minus_baseline,0,0,0.0,0,0,0.0,0,0,0.0,0,0,0.0,0,0,0
2,Newton,1.15,0.0,,326039001,outside_beta_grid,pure,covariates_only66,clustered_correlated,1000,envelope_minus_baseline,0,7,-0.006999999999999999,0,0,0.0,7,0,0.007000000000000006,0,0,0.0,0,0,7
2,Newton,1.15,0.0,,326039001,outside_beta_grid,pure,covariates_only66,sparse_floor,1000,envelope_minus_baseline,0,7,-0.007000000000000001,0,0,0.0,7,0,0.007000000000000006,0,0,0.0,0,0,7
2,Newton,1.15,0.0,,326039001,outside_beta_grid,pure,conditional66,uniform_white,1000,envelope_minus_baseline,0,0,0.0,0,0,0.0,0,0,0.0,0,0,0.0,0,0,0
2,Newton,1.15,0.0,,326039001,outside_beta_grid,pure,conditional66,clustered_correlated,1000,envelope_minus_baseline,0,0,0.0,0,0,0.0,0,0,0.0,0,0,0.0,0,0,0
2,Newton,1.15,0.0,,326039001,outside_beta_grid,pure,conditional66,sparse_floor,1000,envelope_minus_baseline,0,0,0.0,0,4,-0.003999999999999999,4,0,0.004,4,0,0.0040000000000000036,0,0,0
2,Newton,1.15,0.3,60,326040001,outside_beta_grid,outside_inner_prior,full66,uniform_white,1000,envelope_minus_baseline,1,0,0.0010000000000000009,0,0,0.0,0,1,-0.001,1,0,0.0010000000000000009,1,0,0
2,Newton,1.15,0.3,60,326040001,outside_beta_grid,outside_inner_prior,full66,clustered_correlated,1000,envelope_minus_baseline,0,0,0.0,0,0,0.0,0,0,0.0,0,0,0.0,0,0,0
2,Newton,1.15,0.3,60,326040001,outside_beta_grid,outside_inner_prior,full66,sparse_floor,1000,envelope_minus_baseline,1,0,0.0010000000000000009,1,0,0.001,0,2,-0.002,1,0,0.0010000000000000009,1,1,0
2,Newton,1.15,0.3,60,326040001,outside_beta_grid,outside_inner_prior,no_diagnostics66,uniform_white,1000,envelope_minus_baseline,0,0,0.0,0,0,0.0,0,0,0.0,0,0,0.0,0,0,0
2,Newton,1.15,0.3,60,326040001,outside_beta_grid,outside_inner_prior,no_diagnostics66,clustered_correlated,1000,envelope_minus_baseline,0,0,0.0,0,0,0.0,0,0,0.0,0,0,0.0,0,0,0
2,Newton,1.15,0.3,60,326040001,outside_beta_grid,outside_inner_prior,no_diagnostics66,sparse_floor,1000,envelope_minus_baseline,2,0,0.0020000000000000018,0,0,0.0,0,2,-0.002,2,0,0.0020000000000000018,2,0,0
2,Newton,1.15,0.3,60,326040001,outside_beta_grid,outside_inner_prior,full34,uniform_white,1000,envelope_minus_baseline,0,7,-0.007000000000000006,0,2,-0.002,9,0,0.009000000000000001,2,0,0.0020000000000000018,0,0,7
2,Newton,1.15,0.3,60,326040001,outside_beta_grid,outside_inner_prior,full34,clustered_correlated,1000,envelope_minus_baseline,0,1,-0.0010000000000000009,0,0,0.0,1,0,0.0009999999999999992,0,0,0.0,0,0,1
2,Newton,1.15,0.3,60,326040001,outside_beta_grid,outside_inner_prior,full34,sparse_floor,1000,envelope_minus_baseline,0,0,0.0,0,0,0.0,0,0,0.0,0,0,0.0,0,0,0
2,Newton,1.15,0.3,60,326040001,outside_beta_grid,outside_inner_prior,covariates_only66,uniform_white,1000,envelope_minus_baseline,0,2,-0.002,0,1,-0.001,3,0,0.0030000000000000027,1,0,0.0010000000000000009,0,0,2
2,Newton,1.15,0.3,60,326040001,outside_beta_grid,outside_inner_prior,covariates_only66,clustered_correlated,1000,envelope_minus_baseline,0,4,-0.004,0,1,-0.001,5,0,0.0050000000000000044,1,0,0.0010000000000000009,0,0,4
2,Newton,1.15,0.3,60,326040001,outside_beta_grid,outside_inner_prior,covariates_only66,sparse_floor,1000,envelope_minus_baseline,0,3,-0.003,0,3,-0.003,6,0,0.006000000000000005,3,0,0.0030000000000000027,0,0,3
2,Newton,1.15,0.3,60,326040001,outside_beta_grid,outside_inner_prior,conditional66,uniform_white,1000,envelope_minus_baseline,1,0,0.0010000000000000009,0,0,0.0,0,1,-0.0009999999999999992,1,0,0.0010000000000000009,1,0,0
2,Newton,1.15,0.3,60,326040001,outside_beta_grid,outside_inner_prior,conditional66,clustered_correlated,1000,envelope_minus_baseline,0,0,0.0,0,0,0.0,0,0,0.0,0,0,0.0,0,0,0
2,Newton,1.15,0.3,60,326040001,outside_beta_grid,outside_inner_prior,conditional66,sparse_floor,1000,envelope_minus_baseline,2,0,0.0020000000000000018,0,0,0.0,0,2,-0.002,2,0,0.0020000000000000018,2,0,0
2,Newton,1.15,0.3,160,326041001,outside_beta_grid,outside_inner_prior,full66,uniform_white,1000,envelope_minus_baseline,8,0,0.008000000000000007,0,0,0.0,0,8,-0.008,8,0,0.008000000000000007,8,0,0
2,Newton,1.15,0.3,160,326041001,outside_beta_grid,outside_inner_prior,full66,clustered_correlated,1000,envelope_minus_baseline,0,0,0.0,0,0,0.0,0,0,0.0,0,0,0.0,0,0,0
2,Newton,1.15,0.3,160,326041001,outside_beta_grid,outside_inner_prior,full66,sparse_floor,1000,envelope_minus_baseline,10,0,0.010000000000000009,0,0,0.0,0,10,-0.01,10,0,0.010000000000000009,10,0,0
2,Newton,1.15,0.3,160,326041001,outside_beta_grid,outside_inner_prior,no_diagnostics66,uniform_white,1000,envelope_minus_baseline,0,0,0.0,0,0,0.0,0,0,0.0,0,0,0.0,0,0,0
2,Newton,1.15,0.3,160,326041001,outside_beta_grid,outside_inner_prior,no_diagnostics66,clustered_correlated,1000,envelope_minus_baseline,0,0,0.0,0,0,0.0,0,0,0.0,0,0,0.0,0,0,0
2,Newton,1.15,0.3,160,326041001,outside_beta_grid,outside_inner_prior,no_diagnostics66,sparse_floor,1000,envelope_minus_baseline,5,0,0.0050000000000000044,0,0,0.0,0,5,-0.005,5,0,0.0050000000000000044,5,0,0
2,Newton,1.15,0.3,160,326041001,outside_beta_grid,outside_inner_prior,full34,uniform_white,1000,envelope_minus_baseline,1,5,-0.0040000000000000036,0,2,-0.002,7,1,0.005999999999999998,3,0,0.0030000000000000027,1,0,5
2,Newton,1.15,0.3,160,326041001,outside_beta_grid,outside_inner_prior,full34,clustered_correlated,1000,envelope_minus_baseline,2,2,0.0,0,0,0.0,2,2,0.0,2,0,0.0020000000000000018,2,0,2
2,Newton,1.15,0.3,160,326041001,outside_beta_grid,outside_inner_prior,full34,sparse_floor,1000,envelope_minus_baseline,2,0,0.0020000000000000018,0,1,-0.001,1,2,-0.0010000000000000009,3,0,0.0030000000000000027,2,0,0
2,Newton,1.15,0.3,160,326041001,outside_beta_grid,outside_inner_prior,covariates_only66,uniform_white,1000,envelope_minus_baseline,0,2,-0.002,0,0,0.0,2,0,0.0020000000000000018,0,0,0.0,0,0,2
2,Newton,1.15,0.3,160,326041001,outside_beta_grid,outside_inner_prior,covariates_only66,clustered_correlated,1000,envelope_minus_baseline,0,2,-0.002,0,1,-0.001,3,0,0.0030000000000000027,1,0,0.0010000000000000009,0,0,2
2,Newton,1.15,0.3,160,326041001,outside_beta_grid,outside_inner_prior,covariates_only66,sparse_floor,1000,envelope_minus_baseline,1,2,-0.001,0,3,-0.003,5,1,0.0040000000000000036,4,0,0.0040000000000000036,1,0,2
2,Newton,1.15,0.3,160,326041001,outside_beta_grid,outside_inner_prior,conditional66,uniform_white,1000,envelope_minus_baseline,6,0,0.006000000000000005,0,1,-0.001,1,6,-0.0049999999999999975,7,0,0.007000000000000006,6,0,0
2,Newton,1.15,0.3,160,326041001,outside_beta_grid,outside_inner_prior,conditional66,clustered_correlated,1000,envelope_minus_baseline,0,0,0.0,0,0,0.0,0,0,0.0,0,0,0.0,0,0,0
2,Newton,1.15,0.3,160,326041001,outside_beta_grid,outside_inner_prior,conditional66,sparse_floor,1000,envelope_minus_baseline,3,0,0.0030000000000000027,0,4,-0.004,4,3,0.0009999999999999974,7,0,0.007000000000000006,3,0,0
2,Newton,1.45,0.0,,326042001,outside_beta_grid,pure,full66,uniform_white,1000,envelope_minus_baseline,0,0,0.0,0,0,0.0,0,0,0.0,0,0,0.0,0,0,0
2,Newton,1.45,0.0,,326042001,outside_beta_grid,pure,full66,clustered_correlated,1000,envelope_minus_baseline,0,0,0.0,0,0,0.0,0,0,0.0,0,0,0.0,0,0,0
2,Newton,1.45,0.0,,326042001,outside_beta_grid,pure,full66,sparse_floor,1000,envelope_minus_baseline,2,0,0.0020000000000000018,0,0,0.0,0,2,-0.002,2,0,0.0020000000000000018,2,0,0
2,Newton,1.45,0.0,,326042001,outside_beta_grid,pure,no_diagnostics66,uniform_white,1000,envelope_minus_baseline,0,0,0.0,0,0,0.0,0,0,0.0,0,0,0.0,0,0,0
2,Newton,1.45,0.0,,326042001,outside_beta_grid,pure,no_diagnostics66,clustered_correlated,1000,envelope_minus_baseline,0,0,0.0,0,0,0.0,0,0,0.0,0,0,0.0,0,0,0
2,Newton,1.45,0.0,,326042001,outside_beta_grid,pure,no_diagnostics66,sparse_floor,1000,envelope_minus_baseline,0,0,0.0,0,0,0.0,0,0,0.0,0,0,0.0,0,0,0
2,Newton,1.45,0.0,,326042001,outside_beta_grid,pure,full34,uniform_white,1000,envelope_minus_baseline,0,1,-0.0010000000000000009,0,0,0.0,1,0,0.0010000000000000009,0,0,0.0,0,0,1
2,Newton,1.45,0.0,,326042001,outside_beta_grid,pure,full34,clustered_correlated,1000,envelope_minus_baseline,0,0,0.0,0,2,-0.002,2,0,0.001999999999999999,2,0,0.0020000000000000018,0,0,0
2,Newton,1.45,0.0,,326042001,outside_beta_grid,pure,full34,sparse_floor,1000,envelope_minus_baseline,0,0,0.0,0,0,0.0,0,0,0.0,0,0,0.0,0,0,0
2,Newton,1.45,0.0,,326042001,outside_beta_grid,pure,covariates_only66,uniform_white,1000,envelope_minus_baseline,0,2,-0.0019999999999999983,0,0,0.0,2,0,0.0020000000000000018,0,0,0.0,0,0,2
2,Newton,1.45,0.0,,326042001,outside_beta_grid,pure,covariates_only66,clustered_correlated,1000,envelope_minus_baseline,0,3,-0.002999999999999999,0,0,0.0,3,0,0.0030000000000000027,0,0,0.0,0,0,3
2,Newton,1.45,0.0,,326042001,outside_beta_grid,pure,covariates_only66,sparse_floor,1000,envelope_minus_baseline,0,8,-0.008,0,1,-0.001,9,0,0.009000000000000008,1,0,0.0010000000000000009,0,0,8
2,Newton,1.45,0.0,,326042001,outside_beta_grid,pure,conditional66,uniform_white,1000,envelope_minus_baseline,0,0,0.0,0,0,0.0,0,0,0.0,0,0,0.0,0,0,0
2,Newton,1.45,0.0,,326042001,outside_beta_grid,pure,conditional66,clustered_correlated,1000,envelope_minus_baseline,0,0,0.0,0,0,0.0,0,0,0.0,0,0,0.0,0,0,0
2,Newton,1.45,0.0,,326042001,outside_beta_grid,pure,conditional66,sparse_floor,1000,envelope_minus_baseline,0,0,0.0,0,0,0.0,0,0,0.0,0,0,0.0,0,0,0
2,Newton,1.45,0.3,60,326043001,outside_beta_grid,outside_inner_prior,full66,uniform_white,1000,envelope_minus_baseline,0,0,0.0,0,0,0.0,0,0,0.0,0,0,0.0,0,0,0
2,Newton,1.45,0.3,60,326043001,outside_beta_grid,outside_inner_prior,full66,clustered_correlated,1000,envelope_minus_baseline,0,0,0.0,0,0,0.0,0,0,0.0,0,0,0.0,0,0,0
2,Newton,1.45,0.3,60,326043001,outside_beta_grid,outside_inner_prior,full66,sparse_floor,1000,envelope_minus_baseline,1,0,0.0010000000000000009,0,0,0.0,0,1,-0.001,1,0,0.0010000000000000009,1,0,0
2,Newton,1.45,0.3,60,326043001,outside_beta_grid,outside_inner_prior,no_diagnostics66,uniform_white,1000,envelope_minus_baseline,1,0,0.0010000000000000009,0,0,0.0,0,1,-0.001,1,0,0.0010000000000000009,1,0,0
2,Newton,1.45,0.3,60,326043001,outside_beta_grid,outside_inner_prior,no_diagnostics66,clustered_correlated,1000,envelope_minus_baseline,0,0,0.0,0,0,0.0,0,0,0.0,0,0,0.0,0,0,0
2,Newton,1.45,0.3,60,326043001,outside_beta_grid,outside_inner_prior,no_diagnostics66,sparse_floor,1000,envelope_minus_baseline,6,0,0.006000000000000005,0,0,0.0,0,6,-0.005999999999999999,6,0,0.006000000000000005,6,0,0
2,Newton,1.45,0.3,60,326043001,outside_beta_grid,outside_inner_prior,full34,uniform_white,1000,envelope_minus_baseline,1,6,-0.0050000000000000044,0,0,0.0,6,1,0.005000000000000001,1,0,0.0010000000000000009,1,0,6
2,Newton,1.45,0.3,60,326043001,outside_beta_grid,outside_inner_prior,full34,clustered_correlated,1000,envelope_minus_baseline,3,1,0.0020000000000000018,0,0,0.0,1,3,-0.002,3,0,0.0030000000000000027,3,0,1
2,Newton,1.45,0.3,60,326043001,outside_beta_grid,outside_inner_prior,full34,sparse_floor,1000,envelope_minus_baseline,0,0,0.0,0,1,-0.001,1,0,0.0010000000000000009,1,0,0.0010000000000000009,0,0,0
2,Newton,1.45,0.3,60,326043001,outside_beta_grid,outside_inner_prior,covariates_only66,uniform_white,1000,envelope_minus_baseline,0,1,-0.0010000000000000009,0,1,-0.001,2,0,0.0020000000000000018,1,0,0.0010000000000000009,0,0,1
2,Newton,1.45,0.3,60,326043001,outside_beta_grid,outside_inner_prior,covariates_only66,clustered_correlated,1000,envelope_minus_baseline,1,1,0.0,1,0,0.001,1,2,-0.0010000000000000009,1,0,0.0010000000000000009,1,1,1
2,Newton,1.45,0.3,60,326043001,outside_beta_grid,outside_inner_prior,covariates_only66,sparse_floor,1000,envelope_minus_baseline,1,7,-0.006,0,5,-0.005,12,1,0.01100000000000001,6,0,0.006000000000000005,1,0,7
2,Newton,1.45,0.3,60,326043001,outside_beta_grid,outside_inner_prior,conditional66,uniform_white,1000,envelope_minus_baseline,0,0,0.0,0,0,0.0,0,0,0.0,0,0,0.0,0,0,0
2,Newton,1.45,0.3,60,326043001,outside_beta_grid,outside_inner_prior,conditional66,clustered_correlated,1000,envelope_minus_baseline,0,0,0.0,0,0,0.0,0,0,0.0,0,0,0.0,0,0,0
2,Newton,1.45,0.3,60,326043001,outside_beta_grid,outside_inner_prior,conditional66,sparse_floor,1000,envelope_minus_baseline,2,0,0.0020000000000000018,0,0,0.0,0,2,-0.002,2,0,0.0020000000000000018,2,0,0
2,Newton,1.45,0.3,160,326044001,outside_beta_grid,outside_inner_prior,full66,uniform_white,1000,envelope_minus_baseline,3,0,0.0030000000000000027,0,0,0.0,0,3,-0.003,3,0,0.0030000000000000027,3,0,0
2,Newton,1.45,0.3,160,326044001,outside_beta_grid,outside_inner_prior,full66,clustered_correlated,1000,envelope_minus_baseline,0,0,0.0,0,0,0.0,0,0,0.0,0,0,0.0,0,0,0
2,Newton,1.45,0.3,160,326044001,outside_beta_grid,outside_inner_prior,full66,sparse_floor,1000,envelope_minus_baseline,2,0,0.0020000000000000018,1,0,0.001,0,3,-0.003,2,0,0.0020000000000000018,2,1,0
2,Newton,1.45,0.3,160,326044001,outside_beta_grid,outside_inner_prior,no_diagnostics66,uniform_white,1000,envelope_minus_baseline,0,0,0.0,0,0,0.0,0,0,0.0,0,0,0.0,0,0,0
2,Newton,1.45,0.3,160,326044001,outside_beta_grid,outside_inner_prior,no_diagnostics66,clustered_correlated,1000,envelope_minus_baseline,0,0,0.0,0,0,0.0,0,0,0.0,0,0,0.0,0,0,0
2,Newton,1.45,0.3,160,326044001,outside_beta_grid,outside_inner_prior,no_diagnostics66,sparse_floor,1000,envelope_minus_baseline,2,0,0.0020000000000000018,0,0,0.0,0,2,-0.002,2,0,0.0020000000000000018,2,0,0
2,Newton,1.45,0.3,160,326044001,outside_beta_grid,outside_inner_prior,full34,uniform_white,1000,envelope_minus_baseline,1,6,-0.0050000000000000044,0,0,0.0,6,1,0.0050000000000000044,1,0,0.0010000000000000009,1,0,6
2,Newton,1.45,0.3,160,326044001,outside_beta_grid,outside_inner_prior,full34,clustered_correlated,1000,envelope_minus_baseline,2,1,0.0010000000000000009,1,1,0.0,2,3,-0.0009999999999999974,3,0,0.0030000000000000027,2,1,1
2,Newton,1.45,0.3,160,326044001,outside_beta_grid,outside_inner_prior,full34,sparse_floor,1000,envelope_minus_baseline,0,0,0.0,0,1,-0.001,1,0,0.0010000000000000009,1,0,0.0010000000000000009,0,0,0
2,Newton,1.45,0.3,160,326044001,outside_beta_grid,outside_inner_prior,covariates_only66,uniform_white,1000,envelope_minus_baseline,0,0,0.0,0,2,-0.002,2,0,0.0020000000000000018,2,0,0.0020000000000000018,0,0,0
2,Newton,1.45,0.3,160,326044001,outside_beta_grid,outside_inner_prior,covariates_only66,clustered_correlated,1000,envelope_minus_baseline,0,5,-0.004999999999999999,1,3,-0.002,8,1,0.007000000000000006,3,0,0.0030000000000000027,0,1,5
2,Newton,1.45,0.3,160,326044001,outside_beta_grid,outside_inner_prior,covariates_only66,sparse_floor,1000,envelope_minus_baseline,0,1,-0.0009999999999999992,0,6,-0.006,7,0,0.007000000000000006,6,0,0.006000000000000005,0,0,1
2,Newton,1.45,0.3,160,326044001,outside_beta_grid,outside_inner_prior,conditional66,uniform_white,1000,envelope_minus_baseline,0,0,0.0,0,0,0.0,0,0,0.0,0,0,0.0,0,0,0
2,Newton,1.45,0.3,160,326044001,outside_beta_grid,outside_inner_prior,conditional66,clustered_correlated,1000,envelope_minus_baseline,0,0,0.0,0,0,0.0,0,0,0.0,0,0,0.0,0,0,0
2,Newton,1.45,0.3,160,326044001,outside_beta_grid,outside_inner_prior,conditional66,sparse_floor,1000,envelope_minus_baseline,0,0,0.0,0,1,-0.001,1,0,0.001,1,0,0.0010000000000000009,0,0,0
2,QUMOND,1.0,0.0,,326100001,fitted_grid,pure,full66,uniform_white,1000,envelope_minus_baseline,0,0,0.0,0,0,0.0,0,0,0.0,0,0,0.0,0,0,0
2,QUMOND,1.0,0.0,,326100001,fitted_grid,pure,full66,clustered_correlated,1000,envelope_minus_baseline,0,0,0.0,0,0,0.0,0,0,0.0,0,0,0.0,0,0,0
2,QUMOND,1.0,0.0,,326100001,fitted_grid,pure,full66,sparse_floor,1000,envelope_minus_baseline,0,0,0.0,0,0,0.0,0,0,0.0,0,0,0.0,0,0,0
2,QUMOND,1.0,0.0,,326100001,fitted_grid,pure,no_diagnostics66,uniform_white,1000,envelope_minus_baseline,0,0,0.0,0,0,0.0,0,0,0.0,0,0,0.0,0,0,0
2,QUMOND,1.0,0.0,,326100001,fitted_grid,pure,no_diagnostics66,clustered_correlated,1000,envelope_minus_baseline,0,0,0.0,0,0,0.0,0,0,0.0,0,0,0.0,0,0,0
2,QUMOND,1.0,0.0,,326100001,fitted_grid,pure,no_diagnostics66,sparse_floor,1000,envelope_minus_baseline,0,0,0.0,0,0,0.0,0,0,0.0,0,0,0.0,0,0,0
2,QUMOND,1.0,0.0,,326100001,fitted_grid,pure,full34,uniform_white,1000,envelope_minus_baseline,0,0,0.0,0,0,0.0,0,0,0.0,0,0,0.0,0,0,0
2,QUMOND,1.0,0.0,,326100001,fitted_grid,pure,full34,clustered_correlated,1000,envelope_minus_baseline,0,0,0.0,0,0,0.0,0,0,0.0,0,0,0.0,0,0,0
2,QUMOND,1.0,0.0,,326100001,fitted_grid,pure,full34,sparse_floor,1000,envelope_minus_baseline,0,0,0.0,0,0,0.0,0,0,0.0,0,0,0.0,0,0,0
2,QUMOND,1.0,0.0,,326100001,fitted_grid,pure,covariates_only66,uniform_white,1000,envelope_minus_baseline,0,139,-0.139,0,0,0.0,139,0,0.139,0,0,0.0,0,0,139
2,QUMOND,1.0,0.0,,326100001,fitted_grid,pure,covariates_only66,clustered_correlated,1000,envelope_minus_baseline,0,139,-0.13899999999999998,0,1,-0.001,140,0,0.14,1,0,0.0010000000000000009,0,0,139
2,QUMOND,1.0,0.0,,326100001,fitted_grid,pure,covariates_only66,sparse_floor,1000,envelope_minus_baseline,0,159,-0.15899999999999997,0,0,0.0,159,0,0.15900000000000003,0,0,0.0,0,0,159
2,QUMOND,1.0,0.0,,326100001,fitted_grid,pure,conditional66,uniform_white,1000,envelope_minus_baseline,0,0,0.0,0,0,0.0,0,0,0.0,0,0,0.0,0,0,0
2,QUMOND,1.0,0.0,,326100001,fitted_grid,pure,conditional66,clustered_correlated,1000,envelope_minus_baseline,0,0,0.0,0,0,0.0,0,0,0.0,0,0,0.0,0,0,0
2,QUMOND,1.0,0.0,,326100001,fitted_grid,pure,conditional66,sparse_floor,1000,envelope_minus_baseline,0,0,0.0,0,0,0.0,0,0,0.0,0,0,0.0,0,0,0
2,QUMOND,1.0,0.075,40,326101001,fitted_grid,fitted_prior,full66,uniform_white,1000,envelope_minus_baseline,0,0,0.0,0,0,0.0,0,0,0.0,0,0,0.0,0,0,0
2,QUMOND,1.0,0.075,40,326101001,fitted_grid,fitted_prior,full66,clustered_correlated,1000,envelope_minus_baseline,0,0,0.0,0,0,0.0,0,0,0.0,0,0,0.0,0,0,0
2,QUMOND,1.0,0.075,40,326101001,fitted_grid,fitted_prior,full66,sparse_floor,1000,envelope_minus_baseline,0,0,0.0,0,0,0.0,0,0,0.0,0,0,0.0,0,0,0
2,QUMOND,1.0,0.075,40,326101001,fitted_grid,fitted_prior,no_diagnostics66,uniform_white,1000,envelope_minus_baseline,0,0,0.0,0,0,0.0,0,0,0.0,0,0,0.0,0,0,0
2,QUMOND,1.0,0.075,40,326101001,fitted_grid,fitted_prior,no_diagnostics66,clustered_correlated,1000,envelope_minus_baseline,0,0,0.0,0,0,0.0,0,0,0.0,0,0,0.0,0,0,0
2,QUMOND,1.0,0.075,40,326101001,fitted_grid,fitted_prior,no_diagnostics66,sparse_floor,1000,envelope_minus_baseline,0,0,0.0,0,0,0.0,0,0,0.0,0,0,0.0,0,0,0
2,QUMOND,1.0,0.075,40,326101001,fitted_grid,fitted_prior,full34,uniform_white,1000,envelope_minus_baseline,0,0,0.0,0,0,0.0,0,0,0.0,0,0,0.0,0,0,0
2,QUMOND,1.0,0.075,40,326101001,fitted_grid,fitted_prior,full34,clustered_correlated,1000,envelope_minus_baseline,0,0,0.0,0,0,0.0,0,0,0.0,0,0,0.0,0,0,0
2,QUMOND,1.0,0.075,40,326101001,fitted_grid,fitted_prior,full34,sparse_floor,1000,envelope_minus_baseline,0,0,0.0,0,0,0.0,0,0,0.0,0,0,0.0,0,0,0
2,QUMOND,1.0,0.075,40,326101001,fitted_grid,fitted_prior,covariates_only66,uniform_white,1000,envelope_minus_baseline,0,166,-0.166,0,0,0.0,166,0,0.16599999999999993,0,0,0.0,0,0,166
2,QUMOND,1.0,0.075,40,326101001,fitted_grid,fitted_prior,covariates_only66,clustered_correlated,1000,envelope_minus_baseline,0,176,-0.17600000000000002,1,0,0.001,176,1,0.17499999999999993,0,0,0.0,0,1,176
2,QUMOND,1.0,0.075,40,326101001,fitted_grid,fitted_prior,covariates_only66,sparse_floor,1000,envelope_minus_baseline,0,192,-0.192,1,1,0.0,193,1,0.19200000000000006,1,0,0.0010000000000000009,0,1,192
2,QUMOND,1.0,0.075,40,326101001,fitted_grid,fitted_prior,conditional66,uniform_white,1000,envelope_minus_baseline,0,0,0.0,0,0,0.0,0,0,0.0,0,0,0.0,0,0,0
2,QUMOND,1.0,0.075,40,326101001,fitted_grid,fitted_prior,conditional66,clustered_correlated,1000,envelope_minus_baseline,0,0,0.0,0,0,0.0,0,0,0.0,0,0,0.0,0,0,0
2,QUMOND,1.0,0.075,40,326101001,fitted_grid,fitted_prior,conditional66,sparse_floor,1000,envelope_minus_baseline,0,0,0.0,0,0,0.0,0,0,0.0,0,0,0.0,0,0,0
2,QUMOND,1.0,0.075,80,326102001,fitted_grid,fitted_prior,full66,uniform_white,1000,envelope_minus_baseline,0,0,0.0,0,0,0.0,0,0,0.0,0,0,0.0,0,0,0
2,QUMOND,1.0,0.075,80,326102001,fitted_grid,fitted_prior,full66,clustered_correlated,1000,envelope_minus_baseline,0,0,0.0,0,0,0.0,0,0,0.0,0,0,0.0,0,0,0
2,QUMOND,1.0,0.075,80,326102001,fitted_grid,fitted_prior,full66,sparse_floor,1000,envelope_minus_baseline,0,0,0.0,0,0,0.0,0,0,0.0,0,0,0.0,0,0,0
2,QUMOND,1.0,0.075,80,326102001,fitted_grid,fitted_prior,no_diagnostics66,uniform_white,1000,envelope_minus_baseline,0,0,0.0,0,0,0.0,0,0,0.0,0,0,0.0,0,0,0
2,QUMOND,1.0,0.075,80,326102001,fitted_grid,fitted_prior,no_diagnostics66,clustered_correlated,1000,envelope_minus_baseline,0,0,0.0,0,0,0.0,0,0,0.0,0,0,0.0,0,0,0
2,QUMOND,1.0,0.075,80,326102001,fitted_grid,fitted_prior,no_diagnostics66,sparse_floor,1000,envelope_minus_baseline,0,0,0.0,0,0,0.0,0,0,0.0,0,0,0.0,0,0,0
2,QUMOND,1.0,0.075,80,326102001,fitted_grid,fitted_prior,full34,uniform_white,1000,envelope_minus_baseline,0,0,0.0,0,0,0.0,0,0,0.0,0,0,0.0,0,0,0
2,QUMOND,1.0,0.075,80,326102001,fitted_grid,fitted_prior,full34,clustered_correlated,1000,envelope_minus_baseline,0,0,0.0,0,0,0.0,0,0,0.0,0,0,0.0,0,0,0
2,QUMOND,1.0,0.075,80,326102001,fitted_grid,fitted_prior,full34,sparse_floor,1000,envelope_minus_baseline,0,0,0.0,0,0,0.0,0,0,0.0,0,0,0.0,0,0,0
2,QUMOND,1.0,0.075,80,326102001,fitted_grid,fitted_prior,covariates_only66,uniform_white,1000,envelope_minus_baseline,0,152,-0.152,0,1,-0.001,153,0,0.15300000000000002,1,0,0.0010000000000000009,0,0,152
2,QUMOND,1.0,0.075,80,326102001,fitted_grid,fitted_prior,covariates_only66,clustered_correlated,1000,envelope_minus_baseline,0,160,-0.15999999999999998,1,0,0.001,160,1,0.15900000000000003,0,0,0.0,0,1,160
2,QUMOND,1.0,0.075,80,326102001,fitted_grid,fitted_prior,covariates_only66,sparse_floor,1000,envelope_minus_baseline,0,190,-0.19,0,1,-0.001,191,0,0.19099999999999995,1,0,0.0010000000000000009,0,0,190
2,QUMOND,1.0,0.075,80,326102001,fitted_grid,fitted_prior,conditional66,uniform_white,1000,envelope_minus_baseline,0,0,0.0,0,0,0.0,0,0,0.0,0,0,0.0,0,0,0
2,QUMOND,1.0,0.075,80,326102001,fitted_grid,fitted_prior,conditional66,clustered_correlated,1000,envelope_minus_baseline,0,0,0.0,0,0,0.0,0,0,0.0,0,0,0.0,0,0,0
2,QUMOND,1.0,0.075,80,326102001,fitted_grid,fitted_prior,conditional66,sparse_floor,1000,envelope_minus_baseline,0,0,0.0,0,0,0.0,0,0,0.0,0,0,0.0,0,0,0
2,QUMOND,1.0,0.075,60,326103001,fitted_grid,outside_inner_prior,full66,uniform_white,1000,envelope_minus_baseline,0,0,0.0,0,0,0.0,0,0,0.0,0,0,0.0,0,0,0
2,QUMOND,1.0,0.075,60,326103001,fitted_grid,outside_inner_prior,full66,clustered_correlated,1000,envelope_minus_baseline,0,0,0.0,0,0,0.0,0,0,0.0,0,0,0.0,0,0,0
2,QUMOND,1.0,0.075,60,326103001,fitted_grid,outside_inner_prior,full66,sparse_floor,1000,envelope_minus_baseline,0,0,0.0,0,0,0.0,0,0,0.0,0,0,0.0,0,0,0
2,QUMOND,1.0,0.075,60,326103001,fitted_grid,outside_inner_prior,no_diagnostics66,uniform_white,1000,envelope_minus_baseline,0,0,0.0,0,0,0.0,0,0,0.0,0,0,0.0,0,0,0
2,QUMOND,1.0,0.075,60,326103001,fitted_grid,outside_inner_prior,no_diagnostics66,clustered_correlated,1000,envelope_minus_baseline,0,0,0.0,0,0,0.0,0,0,0.0,0,0,0.0,0,0,0
2,QUMOND,1.0,0.075,60,326103001,fitted_grid,outside_inner_prior,no_diagnostics66,sparse_floor,1000,envelope_minus_baseline,0,0,0.0,0,0,0.0,0,0,0.0,0,0,0.0,0,0,0
2,QUMOND,1.0,0.075,60,326103001,fitted_grid,outside_inner_prior,full34,uniform_white,1000,envelope_minus_baseline,0,0,0.0,0,0,0.0,0,0,0.0,0,0,0.0,0,0,0
2,QUMOND,1.0,0.075,60,326103001,fitted_grid,outside_inner_prior,full34,clustered_correlated,1000,envelope_minus_baseline,0,0,0.0,0,0,0.0,0,0,0.0,0,0,0.0,0,0,0
2,QUMOND,1.0,0.075,60,326103001,fitted_grid,outside_inner_prior,full34,sparse_floor,1000,envelope_minus_baseline,0,0,0.0,0,0,0.0,0,0,0.0,0,0,0.0,0,0,0
2,QUMOND,1.0,0.075,60,326103001,fitted_grid,outside_inner_prior,covariates_only66,uniform_white,1000,envelope_minus_baseline,0,131,-0.131,0,0,0.0,131,0,0.131,0,0,0.0,0,0,131
2,QUMOND,1.0,0.075,60,326103001,fitted_grid,outside_inner_prior,covariates_only66,clustered_correlated,1000,envelope_minus_baseline,0,147,-0.147,0,0,0.0,147,0,0.14700000000000002,0,0,0.0,0,0,147
2,QUMOND,1.0,0.075,60,326103001,fitted_grid,outside_inner_prior,covariates_only66,sparse_floor,1000,envelope_minus_baseline,0,162,-0.16199999999999998,0,1,-0.001,163,0,0.16300000000000003,1,0,0.0010000000000000009,0,0,162
2,QUMOND,1.0,0.075,60,326103001,fitted_grid,outside_inner_prior,conditional66,uniform_white,1000,envelope_minus_baseline,0,0,0.0,0,0,0.0,0,0,0.0,0,0,0.0,0,0,0
2,QUMOND,1.0,0.075,60,326103001,fitted_grid,outside_inner_prior,conditional66,clustered_correlated,1000,envelope_minus_baseline,0,0,0.0,0,0,0.0,0,0,0.0,0,0,0.0,0,0,0
2,QUMOND,1.0,0.075,60,326103001,fitted_grid,outside_inner_prior,conditional66,sparse_floor,1000,envelope_minus_baseline,0,0,0.0,0,0,0.0,0,0,0.0,0,0,0.0,0,0,0
2,QUMOND,1.0,0.075,160,326104001,fitted_grid,outside_inner_prior,full66,uniform_white,1000,envelope_minus_baseline,0,0,0.0,0,0,0.0,0,0,0.0,0,0,0.0,0,0,0
2,QUMOND,1.0,0.075,160,326104001,fitted_grid,outside_inner_prior,full66,clustered_correlated,1000,envelope_minus_baseline,0,0,0.0,0,0,0.0,0,0,0.0,0,0,0.0,0,0,0
2,QUMOND,1.0,0.075,160,326104001,fitted_grid,outside_inner_prior,full66,sparse_floor,1000,envelope_minus_baseline,0,0,0.0,0,0,0.0,0,0,0.0,0,0,0.0,0,0,0
2,QUMOND,1.0,0.075,160,326104001,fitted_grid,outside_inner_prior,no_diagnostics66,uniform_white,1000,envelope_minus_baseline,0,0,0.0,0,0,0.0,0,0,0.0,0,0,0.0,0,0,0
2,QUMOND,1.0,0.075,160,326104001,fitted_grid,outside_inner_prior,no_diagnostics66,clustered_correlated,1000,envelope_minus_baseline,0,0,0.0,0,0,0.0,0,0,0.0,0,0,0.0,0,0,0
2,QUMOND,1.0,0.075,160,326104001,fitted_grid,outside_inner_prior,no_diagnostics66,sparse_floor,1000,envelope_minus_baseline,0,0,0.0,0,0,0.0,0,0,0.0,0,0,0.0,0,0,0
2,QUMOND,1.0,0.075,160,326104001,fitted_grid,outside_inner_prior,full34,uniform_white,1000,envelope_minus_baseline,0,0,0.0,0,0,0.0,0,0,0.0,0,0,0.0,0,0,0
2,QUMOND,1.0,0.075,160,326104001,fitted_grid,outside_inner_prior,full34,clustered_correlated,1000,envelope_minus_baseline,0,0,0.0,0,0,0.0,0,0,0.0,0,0,0.0,0,0,0
2,QUMOND,1.0,0.075,160,326104001,fitted_grid,outside_inner_prior,full34,sparse_floor,1000,envelope_minus_baseline,0,0,0.0,0,0,0.0,0,0,0.0,0,0,0.0,0,0,0
2,QUMOND,1.0,0.075,160,326104001,fitted_grid,outside_inner_prior,covariates_only66,uniform_white,1000,envelope_minus_baseline,0,185,-0.185,0,0,0.0,185,0,0.18499999999999994,0,0,0.0,0,0,185
2,QUMOND,1.0,0.075,160,326104001,fitted_grid,outside_inner_prior,covariates_only66,clustered_correlated,1000,envelope_minus_baseline,0,187,-0.18699999999999997,0,0,0.0,187,0,0.18699999999999994,0,0,0.0,0,0,187
2,QUMOND,1.0,0.075,160,326104001,fitted_grid,outside_inner_prior,covariates_only66,sparse_floor,1000,envelope_minus_baseline,0,204,-0.204,0,0,0.0,204,0,0.20400000000000007,0,0,0.0,0,0,204
2,QUMOND,1.0,0.075,160,326104001,fitted_grid,outside_inner_prior,conditional66,uniform_white,1000,envelope_minus_baseline,0,0,0.0,0,0,0.0,0,0,0.0,0,0,0.0,0,0,0
2,QUMOND,1.0,0.075,160,326104001,fitted_grid,outside_inner_prior,conditional66,clustered_correlated,1000,envelope_minus_baseline,0,0,0.0,0,0,0.0,0,0,0.0,0,0,0.0,0,0,0
2,QUMOND,1.0,0.075,160,326104001,fitted_grid,outside_inner_prior,conditional66,sparse_floor,1000,envelope_minus_baseline,0,0,0.0,0,0,0.0,0,0,0.0,0,0,0.0,0,0,0
2,QUMOND,1.0,0.225,40,326105001,fitted_grid,fitted_prior,full66,uniform_white,1000,envelope_minus_baseline,0,0,0.0,0,0,0.0,0,0,0.0,0,0,0.0,0,0,0
2,QUMOND,1.0,0.225,40,326105001,fitted_grid,fitted_prior,full66,clustered_correlated,1000,envelope_minus_baseline,0,0,0.0,0,0,0.0,0,0,0.0,0,0,0.0,0,0,0
2,QUMOND,1.0,0.225,40,326105001,fitted_grid,fitted_prior,full66,sparse_floor,1000,envelope_minus_baseline,0,0,0.0,0,0,0.0,0,0,0.0,0,0,0.0,0,0,0
2,QUMOND,1.0,0.225,40,326105001,fitted_grid,fitted_prior,no_diagnostics66,uniform_white,1000,envelope_minus_baseline,0,0,0.0,0,0,0.0,0,0,0.0,0,0,0.0,0,0,0
2,QUMOND,1.0,0.225,40,326105001,fitted_grid,fitted_prior,no_diagnostics66,clustered_correlated,1000,envelope_minus_baseline,0,0,0.0,0,0,0.0,0,0,0.0,0,0,0.0,0,0,0
2,QUMOND,1.0,0.225,40,326105001,fitted_grid,fitted_prior,no_diagnostics66,sparse_floor,1000,envelope_minus_baseline,0,0,0.0,0,0,0.0,0,0,0.0,0,0,0.0,0,0,0
2,QUMOND,1.0,0.225,40,326105001,fitted_grid,fitted_prior,full34,uniform_white,1000,envelope_minus_baseline,0,1,-0.0010000000000000009,0,0,0.0,1,0,0.001,0,0,0.0,0,0,1
2,QUMOND,1.0,0.225,40,326105001,fitted_grid,fitted_prior,full34,clustered_correlated,1000,envelope_minus_baseline,0,2,-0.0020000000000000018,0,0,0.0,2,0,0.002,0,0,0.0,0,0,2
2,QUMOND,1.0,0.225,40,326105001,fitted_grid,fitted_prior,full34,sparse_floor,1000,envelope_minus_baseline,0,0,0.0,0,0,0.0,0,0,0.0,0,0,0.0,0,0,0
2,QUMOND,1.0,0.225,40,326105001,fitted_grid,fitted_prior,covariates_only66,uniform_white,1000,envelope_minus_baseline,0,194,-0.19400000000000003,0,0,0.0,194,0,0.19400000000000006,0,0,0.0,0,0,194
2,QUMOND,1.0,0.225,40,326105001,fitted_grid,fitted_prior,covariates_only66,clustered_correlated,1000,envelope_minus_baseline,0,212,-0.21200000000000002,0,0,0.0,212,0,0.21199999999999997,1,0,0.0010000000000000009,0,0,212
2,QUMOND,1.0,0.225,40,326105001,fitted_grid,fitted_prior,covariates_only66,sparse_floor,1000,envelope_minus_baseline,0,207,-0.20700000000000002,0,0,0.0,207,0,0.20699999999999996,0,0,0.0,0,0,207
2,QUMOND,1.0,0.225,40,326105001,fitted_grid,fitted_prior,conditional66,uniform_white,1000,envelope_minus_baseline,0,0,0.0,0,0,0.0,0,0,0.0,0,0,0.0,0,0,0
2,QUMOND,1.0,0.225,40,326105001,fitted_grid,fitted_prior,conditional66,clustered_correlated,1000,envelope_minus_baseline,0,0,0.0,0,0,0.0,0,0,0.0,0,0,0.0,0,0,0
2,QUMOND,1.0,0.225,40,326105001,fitted_grid,fitted_prior,conditional66,sparse_floor,1000,envelope_minus_baseline,0,0,0.0,0,0,0.0,0,0,0.0,0,0,0.0,0,0,0
2,QUMOND,1.0,0.225,80,326106001,fitted_grid,fitted_prior,full66,uniform_white,1000,envelope_minus_baseline,0,0,0.0,0,0,0.0,0,0,0.0,0,0,0.0,0,0,0
2,QUMOND,1.0,0.225,80,326106001,fitted_grid,fitted_prior,full66,clustered_correlated,1000,envelope_minus_baseline,0,0,0.0,0,0,0.0,0,0,0.0,0,0,0.0,0,0,0
2,QUMOND,1.0,0.225,80,326106001,fitted_grid,fitted_prior,full66,sparse_floor,1000,envelope_minus_baseline,0,0,0.0,0,0,0.0,0,0,0.0,0,0,0.0,0,0,0
2,QUMOND,1.0,0.225,80,326106001,fitted_grid,fitted_prior,no_diagnostics66,uniform_white,1000,envelope_minus_baseline,0,0,0.0,0,0,0.0,0,0,0.0,0,0,0.0,0,0,0
2,QUMOND,1.0,0.225,80,326106001,fitted_grid,fitted_prior,no_diagnostics66,clustered_correlated,1000,envelope_minus_baseline,0,0,0.0,0,0,0.0,0,0,0.0,0,0,0.0,0,0,0
2,QUMOND,1.0,0.225,80,326106001,fitted_grid,fitted_prior,no_diagnostics66,sparse_floor,1000,envelope_minus_baseline,0,0,0.0,0,0,0.0,0,0,0.0,0,0,0.0,0,0,0
2,QUMOND,1.0,0.225,80,326106001,fitted_grid,fitted_prior,full34,uniform_white,1000,envelope_minus_baseline,0,0,0.0,0,0,0.0,0,0,0.0,0,0,0.0,0,0,0
2,QUMOND,1.0,0.225,80,326106001,fitted_grid,fitted_prior,full34,clustered_correlated,1000,envelope_minus_baseline,0,1,-0.0010000000000000009,0,0,0.0,1,0,0.001,0,0,0.0,0,0,1
2,QUMOND,1.0,0.225,80,326106001,fitted_grid,fitted_prior,full34,sparse_floor,1000,envelope_minus_baseline,0,0,0.0,0,0,0.0,0,0,0.0,0,0,0.0,0,0,0
2,QUMOND,1.0,0.225,80,326106001,fitted_grid,fitted_prior,covariates_only66,uniform_white,1000,envelope_minus_baseline,0,192,-0.192,0,0,0.0,192,0,0.19200000000000006,0,0,0.0,0,0,192
2,QUMOND,1.0,0.225,80,326106001,fitted_grid,fitted_prior,covariates_only66,clustered_correlated,1000,envelope_minus_baseline,0,209,-0.20900000000000002,0,0,0.0,209,0,0.20899999999999996,0,0,0.0,0,0,209
2,QUMOND,1.0,0.225,80,326106001,fitted_grid,fitted_prior,covariates_only66,sparse_floor,1000,envelope_minus_baseline,0,205,-0.205,0,2,-0.002,207,0,0.20699999999999996,2,0,0.0020000000000000018,0,0,205
2,QUMOND,1.0,0.225,80,326106001,fitted_grid,fitted_prior,conditional66,uniform_white,1000,envelope_minus_baseline,0,0,0.0,0,0,0.0,0,0,0.0,0,0,0.0,0,0,0
2,QUMOND,1.0,0.225,80,326106001,fitted_grid,fitted_prior,conditional66,clustered_correlated,1000,envelope_minus_baseline,0,0,0.0,0,0,0.0,0,0,0.0,0,0,0.0,0,0,0
2,QUMOND,1.0,0.225,80,326106001,fitted_grid,fitted_prior,conditional66,sparse_floor,1000,envelope_minus_baseline,0,0,0.0,0,0,0.0,0,0,0.0,0,0,0.0,0,0,0
2,QUMOND,1.0,0.225,60,326107001,fitted_grid,outside_inner_prior,full66,uniform_white,1000,envelope_minus_baseline,0,0,0.0,0,0,0.0,0,0,0.0,0,0,0.0,0,0,0
2,QUMOND,1.0,0.225,60,326107001,fitted_grid,outside_inner_prior,full66,clustered_correlated,1000,envelope_minus_baseline,0,0,0.0,0,0,0.0,0,0,0.0,0,0,0.0,0,0,0
2,QUMOND,1.0,0.225,60,326107001,fitted_grid,outside_inner_prior,full66,sparse_floor,1000,envelope_minus_baseline,0,0,0.0,0,0,0.0,0,0,0.0,0,0,0.0,0,0,0
2,QUMOND,1.0,0.225,60,326107001,fitted_grid,outside_inner_prior,no_diagnostics66,uniform_white,1000,envelope_minus_baseline,0,0,0.0,0,0,0.0,0,0,0.0,0,0,0.0,0,0,0
2,QUMOND,1.0,0.225,60,326107001,fitted_grid,outside_inner_prior,no_diagnostics66,clustered_correlated,1000,envelope_minus_baseline,0,0,0.0,0,0,0.0,0,0,0.0,0,0,0.0,0,0,0
2,QUMOND,1.0,0.225,60,326107001,fitted_grid,outside_inner_prior,no_diagnostics66,sparse_floor,1000,envelope_minus_baseline,0,0,0.0,0,0,0.0,0,0,0.0,0,0,0.0,0,0,0
2,QUMOND,1.0,0.225,60,326107001,fitted_grid,outside_inner_prior,full34,uniform_white,1000,envelope_minus_baseline,0,3,-0.0030000000000000027,0,0,0.0,3,0,0.003,0,0,0.0,0,0,3
2,QUMOND,1.0,0.225,60,326107001,fitted_grid,outside_inner_prior,full34,clustered_correlated,1000,envelope_minus_baseline,0,0,0.0,0,0,0.0,0,0,0.0,0,0,0.0,0,0,0
2,QUMOND,1.0,0.225,60,326107001,fitted_grid,outside_inner_prior,full34,sparse_floor,1000,envelope_minus_baseline,0,0,0.0,0,0,0.0,0,0,0.0,0,0,0.0,0,0,0
2,QUMOND,1.0,0.225,60,326107001,fitted_grid,outside_inner_prior,covariates_only66,uniform_white,1000,envelope_minus_baseline,0,165,-0.16499999999999998,0,0,0.0,165,0,0.16500000000000004,0,0,0.0,0,0,165
2,QUMOND,1.0,0.225,60,326107001,fitted_grid,outside_inner_prior,covariates_only66,clustered_correlated,1000,envelope_minus_baseline,1,185,-0.184,0,0,0.0,185,1,0.18399999999999994,1,0,0.0010000000000000009,1,0,185
2,QUMOND,1.0,0.225,60,326107001,fitted_grid,outside_inner_prior,covariates_only66,sparse_floor,1000,envelope_minus_baseline,0,193,-0.19300000000000003,0,1,-0.001,194,0,0.19400000000000006,1,0,0.0010000000000000009,0,0,193
2,QUMOND,1.0,0.225,60,326107001,fitted_grid,outside_inner_prior,conditional66,uniform_white,1000,envelope_minus_baseline,0,0,0.0,0,0,0.0,0,0,0.0,0,0,0.0,0,0,0
2,QUMOND,1.0,0.225,60,326107001,fitted_grid,outside_inner_prior,conditional66,clustered_correlated,1000,envelope_minus_baseline,0,0,0.0,0,0,0.0,0,0,0.0,0,0,0.0,0,0,0
2,QUMOND,1.0,0.225,60,326107001,fitted_grid,outside_inner_prior,conditional66,sparse_floor,1000,envelope_minus_baseline,0,0,0.0,0,0,0.0,0,0,0.0,0,0,0.0,0,0,0
2,QUMOND,1.0,0.225,160,326108001,fitted_grid,outside_inner_prior,full66,uniform_white,1000,envelope_minus_baseline,0,0,0.0,0,0,0.0,0,0,0.0,0,0,0.0,0,0,0
2,QUMOND,1.0,0.225,160,326108001,fitted_grid,outside_inner_prior,full66,clustered_correlated,1000,envelope_minus_baseline,0,0,0.0,0,0,0.0,0,0,0.0,0,0,0.0,0,0,0
2,QUMOND,1.0,0.225,160,326108001,fitted_grid,outside_inner_prior,full66,sparse_floor,1000,envelope_minus_baseline,0,0,0.0,0,0,0.0,0,0,0.0,0,0,0.0,0,0,0
2,QUMOND,1.0,0.225,160,326108001,fitted_grid,outside_inner_prior,no_diagnostics66,uniform_white,1000,envelope_minus_baseline,0,0,0.0,0,0,0.0,0,0,0.0,0,0,0.0,0,0,0
2,QUMOND,1.0,0.225,160,326108001,fitted_grid,outside_inner_prior,no_diagnostics66,clustered_correlated,1000,envelope_minus_baseline,0,0,0.0,0,0,0.0,0,0,0.0,0,0,0.0,0,0,0
2,QUMOND,1.0,0.225,160,326108001,fitted_grid,outside_inner_prior,no_diagnostics66,sparse_floor,1000,envelope_minus_baseline,0,0,0.0,0,0,0.0,0,0,0.0,0,0,0.0,0,0,0
2,QUMOND,1.0,0.225,160,326108001,fitted_grid,outside_inner_prior,full34,uniform_white,1000,envelope_minus_baseline,0,0,0.0,0,0,0.0,0,0,0.0,0,0,0.0,0,0,0
2,QUMOND,1.0,0.225,160,326108001,fitted_grid,outside_inner_prior,full34,clustered_correlated,1000,envelope_minus_baseline,0,0,0.0,0,0,0.0,0,0,0.0,0,0,0.0,0,0,0
2,QUMOND,1.0,0.225,160,326108001,fitted_grid,outside_inner_prior,full34,sparse_floor,1000,envelope_minus_baseline,0,0,0.0,0,0,0.0,0,0,0.0,0,0,0.0,0,0,0
2,QUMOND,1.0,0.225,160,326108001,fitted_grid,outside_inner_prior,covariates_only66,uniform_white,1000,envelope_minus_baseline,0,181,-0.181,0,0,0.0,181,0,0.18100000000000005,0,0,0.0,0,0,181
2,QUMOND,1.0,0.225,160,326108001,fitted_grid,outside_inner_prior,covariates_only66,clustered_correlated,1000,envelope_minus_baseline,0,178,-0.178,0,1,-0.001,179,0,0.17899999999999994,1,0,0.0010000000000000009,0,0,178
2,QUMOND,1.0,0.225,160,326108001,fitted_grid,outside_inner_prior,covariates_only66,sparse_floor,1000,envelope_minus_baseline,0,196,-0.19599999999999998,0,1,-0.001,197,0,0.19700000000000006,1,0,0.0010000000000000009,0,0,196
2,QUMOND,1.0,0.225,160,326108001,fitted_grid,outside_inner_prior,conditional66,uniform_white,1000,envelope_minus_baseline,1,0,0.0010000000000000009,0,0,0.0,0,1,-0.001,1,0,0.0010000000000000009,1,0,0
2,QUMOND,1.0,0.225,160,326108001,fitted_grid,outside_inner_prior,conditional66,clustered_correlated,1000,envelope_minus_baseline,0,0,0.0,0,0,0.0,0,0,0.0,0,0,0.0,0,0,0
2,QUMOND,1.0,0.225,160,326108001,fitted_grid,outside_inner_prior,conditional66,sparse_floor,1000,envelope_minus_baseline,0,0,0.0,0,0,0.0,0,0,0.0,0,0,0.0,0,0,0
2,QUMOND,1.0,0.3,40,326109001,fitted_grid,fitted_prior,full66,uniform_white,1000,envelope_minus_baseline,0,0,0.0,0,0,0.0,0,0,0.0,0,0,0.0,0,0,0
2,QUMOND,1.0,0.3,40,326109001,fitted_grid,fitted_prior,full66,clustered_correlated,1000,envelope_minus_baseline,0,0,0.0,0,0,0.0,0,0,0.0,0,0,0.0,0,0,0
2,QUMOND,1.0,0.3,40,326109001,fitted_grid,fitted_prior,full66,sparse_floor,1000,envelope_minus_baseline,0,0,0.0,0,0,0.0,0,0,0.0,0,0,0.0,0,0,0
2,QUMOND,1.0,0.3,40,326109001,fitted_grid,fitted_prior,no_diagnostics66,uniform_white,1000,envelope_minus_baseline,1,0,0.0010000000000000009,0,0,0.0,0,1,-0.001,1,0,0.0010000000000000009,1,0,0
2,QUMOND,1.0,0.3,40,326109001,fitted_grid,fitted_prior,no_diagnostics66,clustered_correlated,1000,envelope_minus_baseline,0,0,0.0,0,0,0.0,0,0,0.0,0,0,0.0,0,0,0
2,QUMOND,1.0,0.3,40,326109001,fitted_grid,fitted_prior,no_diagnostics66,sparse_floor,1000,envelope_minus_baseline,0,0,0.0,0,0,0.0,0,0,0.0,0,0,0.0,0,0,0
2,QUMOND,1.0,0.3,40,326109001,fitted_grid,fitted_prior,full34,uniform_white,1000,envelope_minus_baseline,0,1,-0.0010000000000000009,0,0,0.0,1,0,0.001,0,0,0.0,0,0,1
2,QUMOND,1.0,0.3,40,326109001,fitted_grid,fitted_prior,full34,clustered_correlated,1000,envelope_minus_baseline,2,1,0.0010000000000000009,0,0,0.0,1,2,-0.001,2,0,0.0020000000000000018,2,0,1
2,QUMOND,1.0,0.3,40,326109001,fitted_grid,fitted_prior,full34,sparse_floor,1000,envelope_minus_baseline,0,0,0.0,0,0,0.0,0,0,0.0,0,0,0.0,0,0,0
2,QUMOND,1.0,0.3,40,326109001,fitted_grid,fitted_prior,covariates_only66,uniform_white,1000,envelope_minus_baseline,0,168,-0.168,0,0,0.0,168,0,0.16800000000000004,0,0,0.0,0,0,168
2,QUMOND,1.0,0.3,40,326109001,fitted_grid,fitted_prior,covariates_only66,clustered_correlated,1000,envelope_minus_baseline,0,177,-0.177,0,1,-0.001,178,0,0.17800000000000005,1,0,0.0010000000000000009,0,0,177
2,QUMOND,1.0,0.3,40,326109001,fitted_grid,fitted_prior,covariates_only66,sparse_floor,1000,envelope_minus_baseline,0,179,-0.179,0,0,0.0,179,0,0.17900000000000005,0,0,0.0,0,0,179
2,QUMOND,1.0,0.3,40,326109001,fitted_grid,fitted_prior,conditional66,uniform_white,1000,envelope_minus_baseline,1,0,0.0010000000000000009,0,0,0.0,0,1,-0.001,1,0,0.0010000000000000009,1,0,0
2,QUMOND,1.0,0.3,40,326109001,fitted_grid,fitted_prior,conditional66,clustered_correlated,1000,envelope_minus_baseline,0,0,0.0,0,0,0.0,0,0,0.0,0,0,0.0,0,0,0
2,QUMOND,1.0,0.3,40,326109001,fitted_grid,fitted_prior,conditional66,sparse_floor,1000,envelope_minus_baseline,0,0,0.0,0,0,0.0,0,0,0.0,0,0,0.0,0,0,0
2,QUMOND,1.0,0.3,80,326110001,fitted_grid,fitted_prior,full66,uniform_white,1000,envelope_minus_baseline,0,0,0.0,0,0,0.0,0,0,0.0,0,0,0.0,0,0,0
2,QUMOND,1.0,0.3,80,326110001,fitted_grid,fitted_prior,full66,clustered_correlated,1000,envelope_minus_baseline,0,0,0.0,0,0,0.0,0,0,0.0,0,0,0.0,0,0,0
2,QUMOND,1.0,0.3,80,326110001,fitted_grid,fitted_prior,full66,sparse_floor,1000,envelope_minus_baseline,0,0,0.0,0,0,0.0,0,0,0.0,0,0,0.0,0,0,0
2,QUMOND,1.0,0.3,80,326110001,fitted_grid,fitted_prior,no_diagnostics66,uniform_white,1000,envelope_minus_baseline,0,0,0.0,0,0,0.0,0,0,0.0,0,0,0.0,0,0,0
2,QUMOND,1.0,0.3,80,326110001,fitted_grid,fitted_prior,no_diagnostics66,clustered_correlated,1000,envelope_minus_baseline,0,0,0.0,0,0,0.0,0,0,0.0,0,0,0.0,0,0,0
2,QUMOND,1.0,0.3,80,326110001,fitted_grid,fitted_prior,no_diagnostics66,sparse_floor,1000,envelope_minus_baseline,1,0,0.0010000000000000009,0,0,0.0,0,1,-0.001,1,0,0.0010000000000000009,1,0,0
2,QUMOND,1.0,0.3,80,326110001,fitted_grid,fitted_prior,full34,uniform_white,1000,envelope_minus_baseline,0,0,0.0,1,0,0.001,0,1,-0.001,0,0,0.0,0,1,0
2,QUMOND,1.0,0.3,80,326110001,fitted_grid,fitted_prior,full34,clustered_correlated,1000,envelope_minus_baseline,1,1,0.0,0,0,0.0,1,1,0.0,1,0,0.0010000000000000009,1,0,1
2,QUMOND,1.0,0.3,80,326110001,fitted_grid,fitted_prior,full34,sparse_floor,1000,envelope_minus_baseline,0,0,0.0,0,0,0.0,0,0,0.0,0,0,0.0,0,0,0
2,QUMOND,1.0,0.3,80,326110001,fitted_grid,fitted_prior,covariates_only66,uniform_white,1000,envelope_minus_baseline,0,197,-0.197,0,0,0.0,197,0,0.19699999999999995,0,0,0.0,0,0,197
2,QUMOND,1.0,0.3,80,326110001,fitted_grid,fitted_prior,covariates_only66,clustered_correlated,1000,envelope_minus_baseline,1,207,-0.20600000000000002,0,0,0.0,207,1,0.20599999999999996,1,0,0.0010000000000000009,1,0,207
2,QUMOND,1.0,0.3,80,326110001,fitted_grid,fitted_prior,covariates_only66,sparse_floor,1000,envelope_minus_baseline,0,222,-0.22199999999999998,0,0,0.0,222,0,0.22199999999999998,0,0,0.0,0,0,222
2,QUMOND,1.0,0.3,80,326110001,fitted_grid,fitted_prior,conditional66,uniform_white,1000,envelope_minus_baseline,2,0,0.0020000000000000018,0,0,0.0,0,2,-0.002,2,0,0.0020000000000000018,2,0,0
2,QUMOND,1.0,0.3,80,326110001,fitted_grid,fitted_prior,conditional66,clustered_correlated,1000,envelope_minus_baseline,0,0,0.0,0,0,0.0,0,0,0.0,0,0,0.0,0,0,0
2,QUMOND,1.0,0.3,80,326110001,fitted_grid,fitted_prior,conditional66,sparse_floor,1000,envelope_minus_baseline,0,0,0.0,0,0,0.0,0,0,0.0,0,0,0.0,0,0,0
2,QUMOND,1.0,0.3,60,326111001,fitted_grid,outside_inner_prior,full66,uniform_white,1000,envelope_minus_baseline,0,0,0.0,0,0,0.0,0,0,0.0,0,0,0.0,0,0,0
2,QUMOND,1.0,0.3,60,326111001,fitted_grid,outside_inner_prior,full66,clustered_correlated,1000,envelope_minus_baseline,0,0,0.0,0,0,0.0,0,0,0.0,0,0,0.0,0,0,0
2,QUMOND,1.0,0.3,60,326111001,fitted_grid,outside_inner_prior,full66,sparse_floor,1000,envelope_minus_baseline,1,0,0.0010000000000000009,0,0,0.0,0,1,-0.001,1,0,0.0010000000000000009,1,0,0
2,QUMOND,1.0,0.3,60,326111001,fitted_grid,outside_inner_prior,no_diagnostics66,uniform_white,1000,envelope_minus_baseline,0,0,0.0,0,0,0.0,0,0,0.0,0,0,0.0,0,0,0
2,QUMOND,1.0,0.3,60,326111001,fitted_grid,outside_inner_prior,no_diagnostics66,clustered_correlated,1000,envelope_minus_baseline,0,0,0.0,0,0,0.0,0,0,0.0,0,0,0.0,0,0,0
2,QUMOND,1.0,0.3,60,326111001,fitted_grid,outside_inner_prior,no_diagnostics66,sparse_floor,1000,envelope_minus_baseline,0,0,0.0,0,0,0.0,0,0,0.0,0,0,0.0,0,0,0
2,QUMOND,1.0,0.3,60,326111001,fitted_grid,outside_inner_prior,full34,uniform_white,1000,envelope_minus_baseline,0,1,-0.0010000000000000009,0,0,0.0,1,0,0.001,0,0,0.0,0,0,1
2,QUMOND,1.0,0.3,60,326111001,fitted_grid,outside_inner_prior,full34,clustered_correlated,1000,envelope_minus_baseline,0,6,-0.006000000000000005,0,0,0.0,6,0,0.005999999999999999,0,0,0.0,0,0,6
2,QUMOND,1.0,0.3,60,326111001,fitted_grid,outside_inner_prior,full34,sparse_floor,1000,envelope_minus_baseline,0,1,-0.0010000000000000009,0,0,0.0,1,0,0.001,0,0,0.0,0,0,1
2,QUMOND,1.0,0.3,60,326111001,fitted_grid,outside_inner_prior,covariates_only66,uniform_white,1000,envelope_minus_baseline,0,172,-0.172,1,1,0.0,173,1,0.17200000000000004,1,0,0.0010000000000000009,0,1,172
2,QUMOND,1.0,0.3,60,326111001,fitted_grid,outside_inner_prior,covariates_only66,clustered_correlated,1000,envelope_minus_baseline,0,171,-0.17099999999999999,0,0,0.0,171,0,0.17100000000000004,0,0,0.0,0,0,171
2,QUMOND,1.0,0.3,60,326111001,fitted_grid,outside_inner_prior,covariates_only66,sparse_floor,1000,envelope_minus_baseline,0,194,-0.19399999999999998,0,1,-0.001,195,0,0.19500000000000006,1,0,0.0010000000000000009,0,0,194
2,QUMOND,1.0,0.3,60,326111001,fitted_grid,outside_inner_prior,conditional66,uniform_white,1000,envelope_minus_baseline,0,0,0.0,0,0,0.0,0,0,0.0,0,0,0.0,0,0,0
2,QUMOND,1.0,0.3,60,326111001,fitted_grid,outside_inner_prior,conditional66,clustered_correlated,1000,envelope_minus_baseline,0,0,0.0,0,0,0.0,0,0,0.0,0,0,0.0,0,0,0
2,QUMOND,1.0,0.3,60,326111001,fitted_grid,outside_inner_prior,conditional66,sparse_floor,1000,envelope_minus_baseline,0,0,0.0,0,0,0.0,0,0,0.0,0,0,0.0,0,0,0
2,QUMOND,1.0,0.3,160,326112001,fitted_grid,outside_inner_prior,full66,uniform_white,1000,envelope_minus_baseline,0,0,0.0,0,0,0.0,0,0,0.0,0,0,0.0,0,0,0
2,QUMOND,1.0,0.3,160,326112001,fitted_grid,outside_inner_prior,full66,clustered_correlated,1000,envelope_minus_baseline,0,0,0.0,0,0,0.0,0,0,0.0,0,0,0.0,0,0,0
2,QUMOND,1.0,0.3,160,326112001,fitted_grid,outside_inner_prior,full66,sparse_floor,1000,envelope_minus_baseline,1,0,0.0010000000000000009,0,0,0.0,0,1,-0.001,1,0,0.0010000000000000009,1,0,0
2,QUMOND,1.0,0.3,160,326112001,fitted_grid,outside_inner_prior,no_diagnostics66,uniform_white,1000,envelope_minus_baseline,1,0,0.0010000000000000009,0,0,0.0,0,1,-0.001,1,0,0.0010000000000000009,1,0,0
2,QUMOND,1.0,0.3,160,326112001,fitted_grid,outside_inner_prior,no_diagnostics66,clustered_correlated,1000,envelope_minus_baseline,0,0,0.0,0,0,0.0,0,0,0.0,0,0,0.0,0,0,0
2,QUMOND,1.0,0.3,160,326112001,fitted_grid,outside_inner_prior,no_diagnostics66,sparse_floor,1000,envelope_minus_baseline,2,0,0.0020000000000000018,0,0,0.0,0,2,-0.001999999999999999,2,0,0.0020000000000000018,2,0,0
2,QUMOND,1.0,0.3,160,326112001,fitted_grid,outside_inner_prior,full34,uniform_white,1000,envelope_minus_baseline,0,1,-0.0010000000000000009,0,0,0.0,1,0,0.001,0,0,0.0,0,0,1
2,QUMOND,1.0,0.3,160,326112001,fitted_grid,outside_inner_prior,full34,clustered_correlated,1000,envelope_minus_baseline,1,0,0.0010000000000000009,0,0,0.0,0,1,-0.001,1,0,0.0010000000000000009,1,0,0
2,QUMOND,1.0,0.3,160,326112001,fitted_grid,outside_inner_prior,full34,sparse_floor,1000,envelope_minus_baseline,0,0,0.0,0,0,0.0,0,0,0.0,0,0,0.0,0,0,0
2,QUMOND,1.0,0.3,160,326112001,fitted_grid,outside_inner_prior,covariates_only66,uniform_white,1000,envelope_minus_baseline,0,193,-0.19299999999999998,0,0,0.0,193,0,0.19300000000000006,0,0,0.0,0,0,193
2,QUMOND,1.0,0.3,160,326112001,fitted_grid,outside_inner_prior,covariates_only66,clustered_correlated,1000,envelope_minus_baseline,0,203,-0.203,0,0,0.0,203,0,0.20300000000000007,1,0,0.0010000000000000009,0,0,203
2,QUMOND,1.0,0.3,160,326112001,fitted_grid,outside_inner_prior,covariates_only66,sparse_floor,1000,envelope_minus_baseline,0,222,-0.22200000000000003,0,0,0.0,222,0,0.22199999999999998,0,0,0.0,0,0,222
2,QUMOND,1.0,0.3,160,326112001,fitted_grid,outside_inner_prior,conditional66,uniform_white,1000,envelope_minus_baseline,4,0,0.0040000000000000036,0,0,0.0,0,4,-0.003999999999999999,4,0,0.0040000000000000036,4,0,0
2,QUMOND,1.0,0.3,160,326112001,fitted_grid,outside_inner_prior,conditional66,clustered_correlated,1000,envelope_minus_baseline,0,0,0.0,0,0,0.0,0,0,0.0,0,0,0.0,0,0,0
2,QUMOND,1.0,0.3,160,326112001,fitted_grid,outside_inner_prior,conditional66,sparse_floor,1000,envelope_minus_baseline,0,0,0.0,0,0,0.0,0,0,0.0,0,0,0.0,0,0,0
2,QUMOND,1.3,0.0,,326113001,fitted_grid,pure,full66,uniform_white,1000,envelope_minus_baseline,0,0,0.0,0,0,0.0,0,0,0.0,0,0,0.0,0,0,0
2,QUMOND,1.3,0.0,,326113001,fitted_grid,pure,full66,clustered_correlated,1000,envelope_minus_baseline,0,0,0.0,0,0,0.0,0,0,0.0,0,0,0.0,0,0,0
2,QUMOND,1.3,0.0,,326113001,fitted_grid,pure,full66,sparse_floor,1000,envelope_minus_baseline,0,0,0.0,0,0,0.0,0,0,0.0,0,0,0.0,0,0,0
2,QUMOND,1.3,0.0,,326113001,fitted_grid,pure,no_diagnostics66,uniform_white,1000,envelope_minus_baseline,0,0,0.0,0,0,0.0,0,0,0.0,0,0,0.0,0,0,0
2,QUMOND,1.3,0.0,,326113001,fitted_grid,pure,no_diagnostics66,clustered_correlated,1000,envelope_minus_baseline,0,0,0.0,0,0,0.0,0,0,0.0,0,0,0.0,0,0,0
2,QUMOND,1.3,0.0,,326113001,fitted_grid,pure,no_diagnostics66,sparse_floor,1000,envelope_minus_baseline,0,0,0.0,0,0,0.0,0,0,0.0,0,0,0.0,0,0,0
2,QUMOND,1.3,0.0,,326113001,fitted_grid,pure,full34,uniform_white,1000,envelope_minus_baseline,0,0,0.0,0,0,0.0,0,0,0.0,0,0,0.0,0,0,0
2,QUMOND,1.3,0.0,,326113001,fitted_grid,pure,full34,clustered_correlated,1000,envelope_minus_baseline,0,3,-0.0030000000000000027,0,0,0.0,3,0,0.003,0,0,0.0,0,0,3
2,QUMOND,1.3,0.0,,326113001,fitted_grid,pure,full34,sparse_floor,1000,envelope_minus_baseline,0,0,0.0,0,0,0.0,0,0,0.0,0,0,0.0,0,0,0
2,QUMOND,1.3,0.0,,326113001,fitted_grid,pure,covariates_only66,uniform_white,1000,envelope_minus_baseline,0,5,-0.005,0,0,0.0,5,0,0.0050000000000000044,0,0,0.0,0,0,5
2,QUMOND,1.3,0.0,,326113001,fitted_grid,pure,covariates_only66,clustered_correlated,1000,envelope_minus_baseline,0,6,-0.006,0,0,0.0,6,0,0.006000000000000005,0,0,0.0,0,0,6
2,QUMOND,1.3,0.0,,326113001,fitted_grid,pure,covariates_only66,sparse_floor,1000,envelope_minus_baseline,0,10,-0.01,0,1,-0.001,11,0,0.01100000000000001,1,0,0.0010000000000000009,0,0,10
2,QUMOND,1.3,0.0,,326113001,fitted_grid,pure,conditional66,uniform_white,1000,envelope_minus_baseline,0,0,0.0,0,0,0.0,0,0,0.0,0,0,0.0,0,0,0
2,QUMOND,1.3,0.0,,326113001,fitted_grid,pure,conditional66,clustered_correlated,1000,envelope_minus_baseline,0,0,0.0,0,0,0.0,0,0,0.0,0,0,0.0,0,0,0
2,QUMOND,1.3,0.0,,326113001,fitted_grid,pure,conditional66,sparse_floor,1000,envelope_minus_baseline,0,0,0.0,0,0,0.0,0,0,0.0,0,0,0.0,0,0,0
2,QUMOND,1.3,0.075,40,326114001,fitted_grid,fitted_prior,full66,uniform_white,1000,envelope_minus_baseline,0,0,0.0,0,0,0.0,0,0,0.0,0,0,0.0,0,0,0
2,QUMOND,1.3,0.075,40,326114001,fitted_grid,fitted_prior,full66,clustered_correlated,1000,envelope_minus_baseline,0,0,0.0,0,0,0.0,0,0,0.0,0,0,0.0,0,0,0
2,QUMOND,1.3,0.075,40,326114001,fitted_grid,fitted_prior,full66,sparse_floor,1000,envelope_minus_baseline,0,0,0.0,0,0,0.0,0,0,0.0,0,0,0.0,0,0,0
2,QUMOND,1.3,0.075,40,326114001,fitted_grid,fitted_prior,no_diagnostics66,uniform_white,1000,envelope_minus_baseline,0,0,0.0,0,0,0.0,0,0,0.0,0,0,0.0,0,0,0
2,QUMOND,1.3,0.075,40,326114001,fitted_grid,fitted_prior,no_diagnostics66,clustered_correlated,1000,envelope_minus_baseline,0,0,0.0,0,0,0.0,0,0,0.0,0,0,0.0,0,0,0
2,QUMOND,1.3,0.075,40,326114001,fitted_grid,fitted_prior,no_diagnostics66,sparse_floor,1000,envelope_minus_baseline,0,0,0.0,0,0,0.0,0,0,0.0,0,0,0.0,0,0,0
2,QUMOND,1.3,0.075,40,326114001,fitted_grid,fitted_prior,full34,uniform_white,1000,envelope_minus_baseline,0,1,-0.0010000000000000009,0,0,0.0,1,0,0.001,0,0,0.0,0,0,1
2,QUMOND,1.3,0.075,40,326114001,fitted_grid,fitted_prior,full34,clustered_correlated,1000,envelope_minus_baseline,0,0,0.0,0,0,0.0,0,0,0.0,0,0,0.0,0,0,0
2,QUMOND,1.3,0.075,40,326114001,fitted_grid,fitted_prior,full34,sparse_floor,1000,envelope_minus_baseline,0,0,0.0,0,0,0.0,0,0,0.0,0,0,0.0,0,0,0
2,QUMOND,1.3,0.075,40,326114001,fitted_grid,fitted_prior,covariates_only66,uniform_white,1000,envelope_minus_baseline,0,10,-0.009999999999999998,0,0,0.0,10,0,0.010000000000000009,0,0,0.0,0,0,10
2,QUMOND,1.3,0.075,40,326114001,fitted_grid,fitted_prior,covariates_only66,clustered_correlated,1000,envelope_minus_baseline,1,7,-0.006,0,0,0.0,7,1,0.006000000000000005,1,0,0.0010000000000000009,1,0,7
2,QUMOND,1.3,0.075,40,326114001,fitted_grid,fitted_prior,covariates_only66,sparse_floor,1000,envelope_minus_baseline,0,19,-0.019,0,1,-0.001,20,0,0.020000000000000018,1,0,0.0010000000000000009,0,0,19
2,QUMOND,1.3,0.075,40,326114001,fitted_grid,fitted_prior,conditional66,uniform_white,1000,envelope_minus_baseline,0,0,0.0,0,0,0.0,0,0,0.0,0,0,0.0,0,0,0
2,QUMOND,1.3,0.075,40,326114001,fitted_grid,fitted_prior,conditional66,clustered_correlated,1000,envelope_minus_baseline,0,0,0.0,0,0,0.0,0,0,0.0,0,0,0.0,0,0,0
2,QUMOND,1.3,0.075,40,326114001,fitted_grid,fitted_prior,conditional66,sparse_floor,1000,envelope_minus_baseline,0,0,0.0,0,0,0.0,0,0,0.0,0,0,0.0,0,0,0
2,QUMOND,1.3,0.075,80,326115001,fitted_grid,fitted_prior,full66,uniform_white,1000,envelope_minus_baseline,0,0,0.0,0,0,0.0,0,0,0.0,0,0,0.0,0,0,0
2,QUMOND,1.3,0.075,80,326115001,fitted_grid,fitted_prior,full66,clustered_correlated,1000,envelope_minus_baseline,0,0,0.0,0,0,0.0,0,0,0.0,0,0,0.0,0,0,0
2,QUMOND,1.3,0.075,80,326115001,fitted_grid,fitted_prior,full66,sparse_floor,1000,envelope_minus_baseline,0,0,0.0,0,0,0.0,0,0,0.0,0,0,0.0,0,0,0
2,QUMOND,1.3,0.075,80,326115001,fitted_grid,fitted_prior,no_diagnostics66,uniform_white,1000,envelope_minus_baseline,0,0,0.0,0,0,0.0,0,0,0.0,0,0,0.0,0,0,0
2,QUMOND,1.3,0.075,80,326115001,fitted_grid,fitted_prior,no_diagnostics66,clustered_correlated,1000,envelope_minus_baseline,0,0,0.0,0,0,0.0,0,0,0.0,0,0,0.0,0,0,0
2,QUMOND,1.3,0.075,80,326115001,fitted_grid,fitted_prior,no_diagnostics66,sparse_floor,1000,envelope_minus_baseline,0,0,0.0,0,0,0.0,0,0,0.0,0,0,0.0,0,0,0
2,QUMOND,1.3,0.075,80,326115001,fitted_grid,fitted_prior,full34,uniform_white,1000,envelope_minus_baseline,0,0,0.0,0,0,0.0,0,0,0.0,0,0,0.0,0,0,0
2,QUMOND,1.3,0.075,80,326115001,fitted_grid,fitted_prior,full34,clustered_correlated,1000,envelope_minus_baseline,0,1,-0.0010000000000000009,0,0,0.0,1,0,0.001,0,0,0.0,0,0,1
2,QUMOND,1.3,0.075,80,326115001,fitted_grid,fitted_prior,full34,sparse_floor,1000,envelope_minus_baseline,0,0,0.0,0,0,0.0,0,0,0.0,0,0,0.0,0,0,0
2,QUMOND,1.3,0.075,80,326115001,fitted_grid,fitted_prior,covariates_only66,uniform_white,1000,envelope_minus_baseline,0,7,-0.006999999999999999,0,1,-0.001,8,0,0.008000000000000007,1,0,0.0010000000000000009,0,0,7
2,QUMOND,1.3,0.075,80,326115001,fitted_grid,fitted_prior,covariates_only66,clustered_correlated,1000,envelope_minus_baseline,0,7,-0.007,0,0,0.0,7,0,0.007000000000000006,1,0,0.0010000000000000009,0,0,7
2,QUMOND,1.3,0.075,80,326115001,fitted_grid,fitted_prior,covariates_only66,sparse_floor,1000,envelope_minus_baseline,0,16,-0.016,0,1,-0.001,17,0,0.017000000000000015,1,0,0.0010000000000000009,0,0,16
2,QUMOND,1.3,0.075,80,326115001,fitted_grid,fitted_prior,conditional66,uniform_white,1000,envelope_minus_baseline,0,0,0.0,0,0,0.0,0,0,0.0,0,0,0.0,0,0,0
2,QUMOND,1.3,0.075,80,326115001,fitted_grid,fitted_prior,conditional66,clustered_correlated,1000,envelope_minus_baseline,0,0,0.0,0,0,0.0,0,0,0.0,0,0,0.0,0,0,0
2,QUMOND,1.3,0.075,80,326115001,fitted_grid,fitted_prior,conditional66,sparse_floor,1000,envelope_minus_baseline,0,0,0.0,0,0,0.0,0,0,0.0,0,0,0.0,0,0,0
2,QUMOND,1.3,0.075,60,326116001,fitted_grid,outside_inner_prior,full66,uniform_white,1000,envelope_minus_baseline,0,0,0.0,0,0,0.0,0,0,0.0,0,0,0.0,0,0,0
2,QUMOND,1.3,0.075,60,326116001,fitted_grid,outside_inner_prior,full66,clustered_correlated,1000,envelope_minus_baseline,0,0,0.0,0,0,0.0,0,0,0.0,0,0,0.0,0,0,0
2,QUMOND,1.3,0.075,60,326116001,fitted_grid,outside_inner_prior,full66,sparse_floor,1000,envelope_minus_baseline,0,0,0.0,0,0,0.0,0,0,0.0,0,0,0.0,0,0,0
2,QUMOND,1.3,0.075,60,326116001,fitted_grid,outside_inner_prior,no_diagnostics66,uniform_white,1000,envelope_minus_baseline,0,0,0.0,0,0,0.0,0,0,0.0,0,0,0.0,0,0,0
2,QUMOND,1.3,0.075,60,326116001,fitted_grid,outside_inner_prior,no_diagnostics66,clustered_correlated,1000,envelope_minus_baseline,0,0,0.0,0,0,0.0,0,0,0.0,0,0,0.0,0,0,0
2,QUMOND,1.3,0.075,60,326116001,fitted_grid,outside_inner_prior,no_diagnostics66,sparse_floor,1000,envelope_minus_baseline,0,0,0.0,0,0,0.0,0,0,0.0,0,0,0.0,0,0,0
2,QUMOND,1.3,0.075,60,326116001,fitted_grid,outside_inner_prior,full34,uniform_white,1000,envelope_minus_baseline,0,0,0.0,0,0,0.0,0,0,0.0,0,0,0.0,0,0,0
2,QUMOND,1.3,0.075,60,326116001,fitted_grid,outside_inner_prior,full34,clustered_correlated,1000,envelope_minus_baseline,0,1,-0.0010000000000000009,0,0,0.0,1,0,0.001,0,0,0.0,0,0,1
2,QUMOND,1.3,0.075,60,326116001,fitted_grid,outside_inner_prior,full34,sparse_floor,1000,envelope_minus_baseline,0,0,0.0,0,0,0.0,0,0,0.0,0,0,0.0,0,0,0
2,QUMOND,1.3,0.075,60,326116001,fitted_grid,outside_inner_prior,covariates_only66,uniform_white,1000,envelope_minus_baseline,0,7,-0.007,0,0,0.0,7,0,0.007000000000000006,0,0,0.0,0,0,7
2,QUMOND,1.3,0.075,60,326116001,fitted_grid,outside_inner_prior,covariates_only66,clustered_correlated,1000,envelope_minus_baseline,0,8,-0.008,1,1,0.0,9,1,0.008000000000000007,1,0,0.0010000000000000009,0,1,8
2,QUMOND,1.3,0.075,60,326116001,fitted_grid,outside_inner_prior,covariates_only66,sparse_floor,1000,envelope_minus_baseline,0,14,-0.013999999999999999,0,0,0.0,14,0,0.014000000000000012,0,0,0.0,0,0,14
2,QUMOND,1.3,0.075,60,326116001,fitted_grid,outside_inner_prior,conditional66,uniform_white,1000,envelope_minus_baseline,0,0,0.0,0,0,0.0,0,0,0.0,0,0,0.0,0,0,0
2,QUMOND,1.3,0.075,60,326116001,fitted_grid,outside_inner_prior,conditional66,clustered_correlated,1000,envelope_minus_baseline,0,0,0.0,0,0,0.0,0,0,0.0,0,0,0.0,0,0,0
2,QUMOND,1.3,0.075,60,326116001,fitted_grid,outside_inner_prior,conditional66,sparse_floor,1000,envelope_minus_baseline,0,0,0.0,0,0,0.0,0,0,0.0,0,0,0.0,0,0,0
2,QUMOND,1.3,0.075,160,326117001,fitted_grid,outside_inner_prior,full66,uniform_white,1000,envelope_minus_baseline,0,0,0.0,0,0,0.0,0,0,0.0,0,0,0.0,0,0,0
2,QUMOND,1.3,0.075,160,326117001,fitted_grid,outside_inner_prior,full66,clustered_correlated,1000,envelope_minus_baseline,0,0,0.0,0,0,0.0,0,0,0.0,0,0,0.0,0,0,0
2,QUMOND,1.3,0.075,160,326117001,fitted_grid,outside_inner_prior,full66,sparse_floor,1000,envelope_minus_baseline,0,0,0.0,0,0,0.0,0,0,0.0,0,0,0.0,0,0,0
2,QUMOND,1.3,0.075,160,326117001,fitted_grid,outside_inner_prior,no_diagnostics66,uniform_white,1000,envelope_minus_baseline,0,0,0.0,0,0,0.0,0,0,0.0,0,0,0.0,0,0,0
2,QUMOND,1.3,0.075,160,326117001,fitted_grid,outside_inner_prior,no_diagnostics66,clustered_correlated,1000,envelope_minus_baseline,0,0,0.0,0,0,0.0,0,0,0.0,0,0,0.0,0,0,0
2,QUMOND,1.3,0.075,160,326117001,fitted_grid,outside_inner_prior,no_diagnostics66,sparse_floor,1000,envelope_minus_baseline,0,0,0.0,0,0,0.0,0,0,0.0,0,0,0.0,0,0,0
2,QUMOND,1.3,0.075,160,326117001,fitted_grid,outside_inner_prior,full34,uniform_white,1000,envelope_minus_baseline,0,0,0.0,0,0,0.0,0,0,0.0,0,0,0.0,0,0,0
2,QUMOND,1.3,0.075,160,326117001,fitted_grid,outside_inner_prior,full34,clustered_correlated,1000,envelope_minus_baseline,0,0,0.0,0,0,0.0,0,0,0.0,0,0,0.0,0,0,0
2,QUMOND,1.3,0.075,160,326117001,fitted_grid,outside_inner_prior,full34,sparse_floor,1000,envelope_minus_baseline,0,0,0.0,0,0,0.0,0,0,0.0,0,0,0.0,0,0,0
2,QUMOND,1.3,0.075,160,326117001,fitted_grid,outside_inner_prior,covariates_only66,uniform_white,1000,envelope_minus_baseline,0,8,-0.008,2,0,0.002,8,2,0.006000000000000005,0,0,0.0,0,2,8
2,QUMOND,1.3,0.075,160,326117001,fitted_grid,outside_inner_prior,covariates_only66,clustered_correlated,1000,envelope_minus_baseline,1,10,-0.009000000000000001,0,1,-0.001,11,1,0.010000000000000009,2,0,0.0020000000000000018,1,0,10
2,QUMOND,1.3,0.075,160,326117001,fitted_grid,outside_inner_prior,covariates_only66,sparse_floor,1000,envelope_minus_baseline,0,15,-0.015,2,1,0.001,16,2,0.014000000000000012,1,0,0.0010000000000000009,0,2,15
2,QUMOND,1.3,0.075,160,326117001,fitted_grid,outside_inner_prior,conditional66,uniform_white,1000,envelope_minus_baseline,0,0,0.0,0,0,0.0,0,0,0.0,0,0,0.0,0,0,0
2,QUMOND,1.3,0.075,160,326117001,fitted_grid,outside_inner_prior,conditional66,clustered_correlated,1000,envelope_minus_baseline,0,0,0.0,0,0,0.0,0,0,0.0,0,0,0.0,0,0,0
2,QUMOND,1.3,0.075,160,326117001,fitted_grid,outside_inner_prior,conditional66,sparse_floor,1000,envelope_minus_baseline,0,0,0.0,0,0,0.0,0,0,0.0,0,0,0.0,0,0,0
2,QUMOND,1.3,0.225,40,326118001,fitted_grid,fitted_prior,full66,uniform_white,1000,envelope_minus_baseline,0,0,0.0,0,0,0.0,0,0,0.0,0,0,0.0,0,0,0
2,QUMOND,1.3,0.225,40,326118001,fitted_grid,fitted_prior,full66,clustered_correlated,1000,envelope_minus_baseline,0,0,0.0,0,0,0.0,0,0,0.0,0,0,0.0,0,0,0
2,QUMOND,1.3,0.225,40,326118001,fitted_grid,fitted_prior,full66,sparse_floor,1000,envelope_minus_baseline,0,0,0.0,0,0,0.0,0,0,0.0,0,0,0.0,0,0,0
2,QUMOND,1.3,0.225,40,326118001,fitted_grid,fitted_prior,no_diagnostics66,uniform_white,1000,envelope_minus_baseline,0,0,0.0,0,0,0.0,0,0,0.0,0,0,0.0,0,0,0
2,QUMOND,1.3,0.225,40,326118001,fitted_grid,fitted_prior,no_diagnostics66,clustered_correlated,1000,envelope_minus_baseline,0,0,0.0,0,0,0.0,0,0,0.0,0,0,0.0,0,0,0
2,QUMOND,1.3,0.225,40,326118001,fitted_grid,fitted_prior,no_diagnostics66,sparse_floor,1000,envelope_minus_baseline,0,0,0.0,0,0,0.0,0,0,0.0,0,0,0.0,0,0,0
2,QUMOND,1.3,0.225,40,326118001,fitted_grid,fitted_prior,full34,uniform_white,1000,envelope_minus_baseline,0,0,0.0,0,0,0.0,0,0,0.0,0,0,0.0,0,0,0
2,QUMOND,1.3,0.225,40,326118001,fitted_grid,fitted_prior,full34,clustered_correlated,1000,envelope_minus_baseline,0,5,-0.0050000000000000044,0,0,0.0,5,0,0.005,0,0,0.0,0,0,5
2,QUMOND,1.3,0.225,40,326118001,fitted_grid,fitted_prior,full34,sparse_floor,1000,envelope_minus_baseline,0,0,0.0,0,0,0.0,0,0,0.0,0,0,0.0,0,0,0
2,QUMOND,1.3,0.225,40,326118001,fitted_grid,fitted_prior,covariates_only66,uniform_white,1000,envelope_minus_baseline,0,10,-0.01,0,0,0.0,10,0,0.010000000000000009,0,0,0.0,0,0,10
2,QUMOND,1.3,0.225,40,326118001,fitted_grid,fitted_prior,covariates_only66,clustered_correlated,1000,envelope_minus_baseline,0,10,-0.01,0,0,0.0,10,0,0.010000000000000009,1,0,0.0010000000000000009,0,0,10
2,QUMOND,1.3,0.225,40,326118001,fitted_grid,fitted_prior,covariates_only66,sparse_floor,1000,envelope_minus_baseline,0,18,-0.018,0,0,0.0,18,0,0.018000000000000016,0,0,0.0,0,0,18
2,QUMOND,1.3,0.225,40,326118001,fitted_grid,fitted_prior,conditional66,uniform_white,1000,envelope_minus_baseline,0,0,0.0,0,0,0.0,0,0,0.0,0,0,0.0,0,0,0
2,QUMOND,1.3,0.225,40,326118001,fitted_grid,fitted_prior,conditional66,clustered_correlated,1000,envelope_minus_baseline,0,0,0.0,0,0,0.0,0,0,0.0,0,0,0.0,0,0,0
2,QUMOND,1.3,0.225,40,326118001,fitted_grid,fitted_prior,conditional66,sparse_floor,1000,envelope_minus_baseline,0,1,-0.0010000000000000009,0,0,0.0,1,0,0.001,0,0,0.0,0,0,1
2,QUMOND,1.3,0.225,80,326119001,fitted_grid,fitted_prior,full66,uniform_white,1000,envelope_minus_baseline,0,0,0.0,0,0,0.0,0,0,0.0,0,0,0.0,0,0,0
2,QUMOND,1.3,0.225,80,326119001,fitted_grid,fitted_prior,full66,clustered_correlated,1000,envelope_minus_baseline,0,0,0.0,0,0,0.0,0,0,0.0,0,0,0.0,0,0,0
2,QUMOND,1.3,0.225,80,326119001,fitted_grid,fitted_prior,full66,sparse_floor,1000,envelope_minus_baseline,0,0,0.0,0,0,0.0,0,0,0.0,0,0,0.0,0,0,0
2,QUMOND,1.3,0.225,80,326119001,fitted_grid,fitted_prior,no_diagnostics66,uniform_white,1000,envelope_minus_baseline,0,0,0.0,0,0,0.0,0,0,0.0,0,0,0.0,0,0,0
2,QUMOND,1.3,0.225,80,326119001,fitted_grid,fitted_prior,no_diagnostics66,clustered_correlated,1000,envelope_minus_baseline,3,0,0.0030000000000000027,0,0,0.0,0,3,-0.003,3,0,0.0030000000000000027,3,0,0
2,QUMOND,1.3,0.225,80,326119001,fitted_grid,fitted_prior,no_diagnostics66,sparse_floor,1000,envelope_minus_baseline,0,0,0.0,0,0,0.0,0,0,0.0,0,0,0.0,0,0,0
2,QUMOND,1.3,0.225,80,326119001,fitted_grid,fitted_prior,full34,uniform_white,1000,envelope_minus_baseline,0,1,-0.0010000000000000009,0,0,0.0,1,0,0.001,0,0,0.0,0,0,1
2,QUMOND,1.3,0.225,80,326119001,fitted_grid,fitted_prior,full34,clustered_correlated,1000,envelope_minus_baseline,0,5,-0.0050000000000000044,0,0,0.0,5,0,0.005,0,0,0.0,0,0,5
2,QUMOND,1.3,0.225,80,326119001,fitted_grid,fitted_prior,full34,sparse_floor,1000,envelope_minus_baseline,0,0,0.0,0,0,0.0,0,0,0.0,0,0,0.0,0,0,0
2,QUMOND,1.3,0.225,80,326119001,fitted_grid,fitted_prior,covariates_only66,uniform_white,1000,envelope_minus_baseline,0,8,-0.008,0,0,0.0,8,0,0.008000000000000007,0,0,0.0,0,0,8
2,QUMOND,1.3,0.225,80,326119001,fitted_grid,fitted_prior,covariates_only66,clustered_correlated,1000,envelope_minus_baseline,2,9,-0.007,0,2,-0.002,11,2,0.009000000000000008,4,0,0.0040000000000000036,2,0,9
2,QUMOND,1.3,0.225,80,326119001,fitted_grid,fitted_prior,covariates_only66,sparse_floor,1000,envelope_minus_baseline,0,13,-0.013,0,0,0.0,13,0,0.013000000000000012,0,0,0.0,0,0,13
2,QUMOND,1.3,0.225,80,326119001,fitted_grid,fitted_prior,conditional66,uniform_white,1000,envelope_minus_baseline,0,0,0.0,0,0,0.0,0,0,0.0,0,0,0.0,0,0,0
2,QUMOND,1.3,0.225,80,326119001,fitted_grid,fitted_prior,conditional66,clustered_correlated,1000,envelope_minus_baseline,0,0,0.0,0,0,0.0,0,0,0.0,0,0,0.0,0,0,0
2,QUMOND,1.3,0.225,80,326119001,fitted_grid,fitted_prior,conditional66,sparse_floor,1000,envelope_minus_baseline,0,1,-0.0010000000000000009,0,0,0.0,1,0,0.001,0,0,0.0,0,0,1
2,QUMOND,1.3,0.225,60,326120001,fitted_grid,outside_inner_prior,full66,uniform_white,1000,envelope_minus_baseline,0,0,0.0,0,0,0.0,0,0,0.0,0,0,0.0,0,0,0
2,QUMOND,1.3,0.225,60,326120001,fitted_grid,outside_inner_prior,full66,clustered_correlated,1000,envelope_minus_baseline,0,0,0.0,0,0,0.0,0,0,0.0,0,0,0.0,0,0,0
2,QUMOND,1.3,0.225,60,326120001,fitted_grid,outside_inner_prior,full66,sparse_floor,1000,envelope_minus_baseline,0,0,0.0,0,0,0.0,0,0,0.0,0,0,0.0,0,0,0
2,QUMOND,1.3,0.225,60,326120001,fitted_grid,outside_inner_prior,no_diagnostics66,uniform_white,1000,envelope_minus_baseline,0,0,0.0,0,0,0.0,0,0,0.0,0,0,0.0,0,0,0
2,QUMOND,1.3,0.225,60,326120001,fitted_grid,outside_inner_prior,no_diagnostics66,clustered_correlated,1000,envelope_minus_baseline,1,0,0.0010000000000000009,0,0,0.0,0,1,-0.001,1,0,0.0010000000000000009,1,0,0
2,QUMOND,1.3,0.225,60,326120001,fitted_grid,outside_inner_prior,no_diagnostics66,sparse_floor,1000,envelope_minus_baseline,0,0,0.0,0,0,0.0,0,0,0.0,0,0,0.0,0,0,0
2,QUMOND,1.3,0.225,60,326120001,fitted_grid,outside_inner_prior,full34,uniform_white,1000,envelope_minus_baseline,0,2,-0.0020000000000000018,0,0,0.0,2,0,0.002,0,0,0.0,0,0,2
2,QUMOND,1.3,0.225,60,326120001,fitted_grid,outside_inner_prior,full34,clustered_correlated,1000,envelope_minus_baseline,0,3,-0.0030000000000000027,0,0,0.0,3,0,0.003,0,0,0.0,0,0,3
2,QUMOND,1.3,0.225,60,326120001,fitted_grid,outside_inner_prior,full34,sparse_floor,1000,envelope_minus_baseline,0,0,0.0,0,0,0.0,0,0,0.0,0,0,0.0,0,0,0
2,QUMOND,1.3,0.225,60,326120001,fitted_grid,outside_inner_prior,covariates_only66,uniform_white,1000,envelope_minus_baseline,0,4,-0.004,0,0,0.0,4,0,0.0040000000000000036,0,0,0.0,0,0,4
2,QUMOND,1.3,0.225,60,326120001,fitted_grid,outside_inner_prior,covariates_only66,clustered_correlated,1000,envelope_minus_baseline,0,7,-0.007,0,0,0.0,7,0,0.007000000000000006,0,0,0.0,0,0,7
2,QUMOND,1.3,0.225,60,326120001,fitted_grid,outside_inner_prior,covariates_only66,sparse_floor,1000,envelope_minus_baseline,0,15,-0.015000000000000001,0,0,0.0,15,0,0.015000000000000013,0,0,0.0,0,0,15
2,QUMOND,1.3,0.225,60,326120001,fitted_grid,outside_inner_prior,conditional66,uniform_white,1000,envelope_minus_baseline,0,0,0.0,0,0,0.0,0,0,0.0,0,0,0.0,0,0,0
2,QUMOND,1.3,0.225,60,326120001,fitted_grid,outside_inner_prior,conditional66,clustered_correlated,1000,envelope_minus_baseline,0,0,0.0,0,0,0.0,0,0,0.0,0,0,0.0,0,0,0
2,QUMOND,1.3,0.225,60,326120001,fitted_grid,outside_inner_prior,conditional66,sparse_floor,1000,envelope_minus_baseline,0,0,0.0,0,0,0.0,0,0,0.0,0,0,0.0,0,0,0
2,QUMOND,1.3,0.225,160,326121001,fitted_grid,outside_inner_prior,full66,uniform_white,1000,envelope_minus_baseline,0,0,0.0,0,0,0.0,0,0,0.0,0,0,0.0,0,0,0
2,QUMOND,1.3,0.225,160,326121001,fitted_grid,outside_inner_prior,full66,clustered_correlated,1000,envelope_minus_baseline,0,0,0.0,0,0,0.0,0,0,0.0,0,0,0.0,0,0,0
2,QUMOND,1.3,0.225,160,326121001,fitted_grid,outside_inner_prior,full66,sparse_floor,1000,envelope_minus_baseline,0,0,0.0,0,0,0.0,0,0,0.0,0,0,0.0,0,0,0
2,QUMOND,1.3,0.225,160,326121001,fitted_grid,outside_inner_prior,no_diagnostics66,uniform_white,1000,envelope_minus_baseline,0,0,0.0,0,0,0.0,0,0,0.0,0,0,0.0,0,0,0
2,QUMOND,1.3,0.225,160,326121001,fitted_grid,outside_inner_prior,no_diagnostics66,clustered_correlated,1000,envelope_minus_baseline,1,0,0.0010000000000000009,0,0,0.0,0,1,-0.001,1,0,0.0010000000000000009,1,0,0
2,QUMOND,1.3,0.225,160,326121001,fitted_grid,outside_inner_prior,no_diagnostics66,sparse_floor,1000,envelope_minus_baseline,0,0,0.0,0,0,0.0,0,0,0.0,0,0,0.0,0,0,0
2,QUMOND,1.3,0.225,160,326121001,fitted_grid,outside_inner_prior,full34,uniform_white,1000,envelope_minus_baseline,0,2,-0.0020000000000000018,0,0,0.0,2,0,0.002,0,0,0.0,0,0,2
2,QUMOND,1.3,0.225,160,326121001,fitted_grid,outside_inner_prior,full34,clustered_correlated,1000,envelope_minus_baseline,0,3,-0.0030000000000000027,0,0,0.0,3,0,0.003,0,0,0.0,0,0,3
2,QUMOND,1.3,0.225,160,326121001,fitted_grid,outside_inner_prior,full34,sparse_floor,1000,envelope_minus_baseline,0,0,0.0,0,0,0.0,0,0,0.0,0,0,0.0,0,0,0
2,QUMOND,1.3,0.225,160,326121001,fitted_grid,outside_inner_prior,covariates_only66,uniform_white,1000,envelope_minus_baseline,0,4,-0.004,0,0,0.0,4,0,0.0040000000000000036,0,0,0.0,0,0,4
2,QUMOND,1.3,0.225,160,326121001,fitted_grid,outside_inner_prior,covariates_only66,clustered_correlated,1000,envelope_minus_baseline,0,10,-0.01,0,0,0.0,10,0,0.010000000000000009,0,0,0.0,0,0,10
2,QUMOND,1.3,0.225,160,326121001,fitted_grid,outside_inner_prior,covariates_only66,sparse_floor,1000,envelope_minus_baseline,0,7,-0.007,0,2,-0.002,9,0,0.009000000000000008,2,0,0.0020000000000000018,0,0,7
2,QUMOND,1.3,0.225,160,326121001,fitted_grid,outside_inner_prior,conditional66,uniform_white,1000,envelope_minus_baseline,0,0,0.0,0,0,0.0,0,0,0.0,0,0,0.0,0,0,0
2,QUMOND,1.3,0.225,160,326121001,fitted_grid,outside_inner_prior,conditional66,clustered_correlated,1000,envelope_minus_baseline,0,0,0.0,0,0,0.0,0,0,0.0,0,0,0.0,0,0,0
2,QUMOND,1.3,0.225,160,326121001,fitted_grid,outside_inner_prior,conditional66,sparse_floor,1000,envelope_minus_baseline,0,0,0.0,0,0,0.0,0,0,0.0,0,0,0.0,0,0,0
2,QUMOND,1.3,0.3,40,326122001,fitted_grid,fitted_prior,full66,uniform_white,1000,envelope_minus_baseline,0,0,0.0,0,0,0.0,0,0,0.0,0,0,0.0,0,0,0
2,QUMOND,1.3,0.3,40,326122001,fitted_grid,fitted_prior,full66,clustered_correlated,1000,envelope_minus_baseline,0,0,0.0,0,0,0.0,0,0,0.0,0,0,0.0,0,0,0
2,QUMOND,1.3,0.3,40,326122001,fitted_grid,fitted_prior,full66,sparse_floor,1000,envelope_minus_baseline,0,0,0.0,0,0,0.0,0,0,0.0,0,0,0.0,0,0,0
2,QUMOND,1.3,0.3,40,326122001,fitted_grid,fitted_prior,no_diagnostics66,uniform_white,1000,envelope_minus_baseline,0,0,0.0,0,0,0.0,0,0,0.0,0,0,0.0,0,0,0
2,QUMOND,1.3,0.3,40,326122001,fitted_grid,fitted_prior,no_diagnostics66,clustered_correlated,1000,envelope_minus_baseline,0,0,0.0,0,0,0.0,0,0,0.0,0,0,0.0,0,0,0
2,QUMOND,1.3,0.3,40,326122001,fitted_grid,fitted_prior,no_diagnostics66,sparse_floor,1000,envelope_minus_baseline,0,0,0.0,0,0,0.0,0,0,0.0,0,0,0.0,0,0,0
2,QUMOND,1.3,0.3,40,326122001,fitted_grid,fitted_prior,full34,uniform_white,1000,envelope_minus_baseline,1,4,-0.0030000000000000027,0,0,0.0,4,1,0.002999999999999999,1,0,0.0010000000000000009,1,0,4
2,QUMOND,1.3,0.3,40,326122001,fitted_grid,fitted_prior,full34,clustered_correlated,1000,envelope_minus_baseline,0,10,-0.010000000000000009,0,0,0.0,10,0,0.009999999999999998,0,0,0.0,0,0,10
2,QUMOND,1.3,0.3,40,326122001,fitted_grid,fitted_prior,full34,sparse_floor,1000,envelope_minus_baseline,0,1,-0.0010000000000000009,0,0,0.0,1,0,0.0010000000000000009,0,0,0.0,0,0,1
2,QUMOND,1.3,0.3,40,326122001,fitted_grid,fitted_prior,covariates_only66,uniform_white,1000,envelope_minus_baseline,0,5,-0.005,0,0,0.0,5,0,0.0050000000000000044,0,0,0.0,0,0,5
2,QUMOND,1.3,0.3,40,326122001,fitted_grid,fitted_prior,covariates_only66,clustered_correlated,1000,envelope_minus_baseline,0,5,-0.005,0,0,0.0,5,0,0.0050000000000000044,0,0,0.0,0,0,5
2,QUMOND,1.3,0.3,40,326122001,fitted_grid,fitted_prior,covariates_only66,sparse_floor,1000,envelope_minus_baseline,0,16,-0.016,0,0,0.0,16,0,0.016000000000000014,0,0,0.0,0,0,16
2,QUMOND,1.3,0.3,40,326122001,fitted_grid,fitted_prior,conditional66,uniform_white,1000,envelope_minus_baseline,0,0,0.0,0,0,0.0,0,0,0.0,0,0,0.0,0,0,0
2,QUMOND,1.3,0.3,40,326122001,fitted_grid,fitted_prior,conditional66,clustered_correlated,1000,envelope_minus_baseline,0,0,0.0,0,0,0.0,0,0,0.0,0,0,0.0,0,0,0
2,QUMOND,1.3,0.3,40,326122001,fitted_grid,fitted_prior,conditional66,sparse_floor,1000,envelope_minus_baseline,0,0,0.0,0,0,0.0,0,0,0.0,0,0,0.0,0,0,0
2,QUMOND,1.3,0.3,80,326123001,fitted_grid,fitted_prior,full66,uniform_white,1000,envelope_minus_baseline,0,0,0.0,0,0,0.0,0,0,0.0,0,0,0.0,0,0,0
2,QUMOND,1.3,0.3,80,326123001,fitted_grid,fitted_prior,full66,clustered_correlated,1000,envelope_minus_baseline,0,0,0.0,0,0,0.0,0,0,0.0,0,0,0.0,0,0,0
2,QUMOND,1.3,0.3,80,326123001,fitted_grid,fitted_prior,full66,sparse_floor,1000,envelope_minus_baseline,1,0,0.0010000000000000009,0,0,0.0,0,1,-0.001,1,0,0.0010000000000000009,1,0,0
2,QUMOND,1.3,0.3,80,326123001,fitted_grid,fitted_prior,no_diagnostics66,uniform_white,1000,envelope_minus_baseline,1,0,0.0010000000000000009,0,0,0.0,0,1,-0.001,1,0,0.0010000000000000009,1,0,0
2,QUMOND,1.3,0.3,80,326123001,fitted_grid,fitted_prior,no_diagnostics66,clustered_correlated,1000,envelope_minus_baseline,0,0,0.0,0,0,0.0,0,0,0.0,0,0,0.0,0,0,0
2,QUMOND,1.3,0.3,80,326123001,fitted_grid,fitted_prior,no_diagnostics66,sparse_floor,1000,envelope_minus_baseline,1,0,0.0010000000000000009,0,0,0.0,0,1,-0.001,1,0,0.0010000000000000009,1,0,0
2,QUMOND,1.3,0.3,80,326123001,fitted_grid,fitted_prior,full34,uniform_white,1000,envelope_minus_baseline,0,2,-0.0020000000000000018,0,0,0.0,2,0,0.002,1,0,0.0010000000000000009,0,0,2
2,QUMOND,1.3,0.3,80,326123001,fitted_grid,fitted_prior,full34,clustered_correlated,1000,envelope_minus_baseline,0,14,-0.014000000000000012,0,0,0.0,14,0,0.014,0,0,0.0,0,0,14
2,QUMOND,1.3,0.3,80,326123001,fitted_grid,fitted_prior,full34,sparse_floor,1000,envelope_minus_baseline,0,0,0.0,0,0,0.0,0,0,0.0,0,0,0.0,0,0,0
2,QUMOND,1.3,0.3,80,326123001,fitted_grid,fitted_prior,covariates_only66,uniform_white,1000,envelope_minus_baseline,0,13,-0.013000000000000001,0,0,0.0,13,0,0.013000000000000012,0,0,0.0,0,0,13
2,QUMOND,1.3,0.3,80,326123001,fitted_grid,fitted_prior,covariates_only66,clustered_correlated,1000,envelope_minus_baseline,0,11,-0.011,0,0,0.0,11,0,0.01100000000000001,0,0,0.0,0,0,11
2,QUMOND,1.3,0.3,80,326123001,fitted_grid,fitted_prior,covariates_only66,sparse_floor,1000,envelope_minus_baseline,0,21,-0.021,0,0,0.0,21,0,0.02100000000000002,0,0,0.0,0,0,21
2,QUMOND,1.3,0.3,80,326123001,fitted_grid,fitted_prior,conditional66,uniform_white,1000,envelope_minus_baseline,0,0,0.0,0,0,0.0,0,0,0.0,0,0,0.0,0,0,0
2,QUMOND,1.3,0.3,80,326123001,fitted_grid,fitted_prior,conditional66,clustered_correlated,1000,envelope_minus_baseline,0,0,0.0,0,0,0.0,0,0,0.0,0,0,0.0,0,0,0
2,QUMOND,1.3,0.3,80,326123001,fitted_grid,fitted_prior,conditional66,sparse_floor,1000,envelope_minus_baseline,0,1,-0.0010000000000000009,0,0,0.0,1,0,0.001,0,0,0.0,0,0,1
2,QUMOND,1.3,0.3,60,326124001,fitted_grid,outside_inner_prior,full66,uniform_white,1000,envelope_minus_baseline,0,0,0.0,0,0,0.0,0,0,0.0,0,0,0.0,0,0,0
2,QUMOND,1.3,0.3,60,326124001,fitted_grid,outside_inner_prior,full66,clustered_correlated,1000,envelope_minus_baseline,0,0,0.0,0,0,0.0,0,0,0.0,0,0,0.0,0,0,0
2,QUMOND,1.3,0.3,60,326124001,fitted_grid,outside_inner_prior,full66,sparse_floor,1000,envelope_minus_baseline,1,0,0.0010000000000000009,0,0,0.0,0,1,-0.001,1,0,0.0010000000000000009,1,0,0
2,QUMOND,1.3,0.3,60,326124001,fitted_grid,outside_inner_prior,no_diagnostics66,uniform_white,1000,envelope_minus_baseline,0,0,0.0,0,0,0.0,0,0,0.0,0,0,0.0,0,0,0
2,QUMOND,1.3,0.3,60,326124001,fitted_grid,outside_inner_prior,no_diagnostics66,clustered_correlated,1000,envelope_minus_baseline,0,0,0.0,0,0,0.0,0,0,0.0,0,0,0.0,0,0,0
2,QUMOND,1.3,0.3,60,326124001,fitted_grid,outside_inner_prior,no_diagnostics66,sparse_floor,1000,envelope_minus_baseline,0,0,0.0,0,0,0.0,0,0,0.0,0,0,0.0,0,0,0
2,QUMOND,1.3,0.3,60,326124001,fitted_grid,outside_inner_prior,full34,uniform_white,1000,envelope_minus_baseline,0,5,-0.0050000000000000044,0,1,-0.001,6,0,0.006,1,0,0.0010000000000000009,0,0,5
2,QUMOND,1.3,0.3,60,326124001,fitted_grid,outside_inner_prior,full34,clustered_correlated,1000,envelope_minus_baseline,4,6,-0.0020000000000000018,0,0,0.0,6,4,0.002,4,0,0.0040000000000000036,4,0,6
2,QUMOND,1.3,0.3,60,326124001,fitted_grid,outside_inner_prior,full34,sparse_floor,1000,envelope_minus_baseline,0,0,0.0,1,0,0.001,0,1,-0.0009999999999999974,0,0,0.0,0,1,0
2,QUMOND,1.3,0.3,60,326124001,fitted_grid,outside_inner_prior,covariates_only66,uniform_white,1000,envelope_minus_baseline,0,7,-0.006999999999999999,0,0,0.0,7,0,0.007000000000000006,0,0,0.0,0,0,7
2,QUMOND,1.3,0.3,60,326124001,fitted_grid,outside_inner_prior,covariates_only66,clustered_correlated,1000,envelope_minus_baseline,0,8,-0.008,1,2,-0.001,10,1,0.009000000000000008,2,0,0.0020000000000000018,0,1,8
2,QUMOND,1.3,0.3,60,326124001,fitted_grid,outside_inner_prior,covariates_only66,sparse_floor,1000,envelope_minus_baseline,0,18,-0.018,0,1,-0.001,19,0,0.019000000000000017,1,0,0.0010000000000000009,0,0,18
2,QUMOND,1.3,0.3,60,326124001,fitted_grid,outside_inner_prior,conditional66,uniform_white,1000,envelope_minus_baseline,0,0,0.0,0,0,0.0,0,0,0.0,0,0,0.0,0,0,0
2,QUMOND,1.3,0.3,60,326124001,fitted_grid,outside_inner_prior,conditional66,clustered_correlated,1000,envelope_minus_baseline,0,0,0.0,0,0,0.0,0,0,0.0,0,0,0.0,0,0,0
2,QUMOND,1.3,0.3,60,326124001,fitted_grid,outside_inner_prior,conditional66,sparse_floor,1000,envelope_minus_baseline,0,0,0.0,0,0,0.0,0,0,0.0,0,0,0.0,0,0,0
2,QUMOND,1.3,0.3,160,326125001,fitted_grid,outside_inner_prior,full66,uniform_white,1000,envelope_minus_baseline,0,0,0.0,0,0,0.0,0,0,0.0,0,0,0.0,0,0,0
2,QUMOND,1.3,0.3,160,326125001,fitted_grid,outside_inner_prior,full66,clustered_correlated,1000,envelope_minus_baseline,0,0,0.0,0,0,0.0,0,0,0.0,0,0,0.0,0,0,0
2,QUMOND,1.3,0.3,160,326125001,fitted_grid,outside_inner_prior,full66,sparse_floor,1000,envelope_minus_baseline,1,0,0.0010000000000000009,0,0,0.0,0,1,-0.001,1,0,0.0010000000000000009,1,0,0
2,QUMOND,1.3,0.3,160,326125001,fitted_grid,outside_inner_prior,no_diagnostics66,uniform_white,1000,envelope_minus_baseline,0,0,0.0,0,0,0.0,0,0,0.0,0,0,0.0,0,0,0
2,QUMOND,1.3,0.3,160,326125001,fitted_grid,outside_inner_prior,no_diagnostics66,clustered_correlated,1000,envelope_minus_baseline,0,0,0.0,0,0,0.0,0,0,0.0,0,0,0.0,0,0,0
2,QUMOND,1.3,0.3,160,326125001,fitted_grid,outside_inner_prior,no_diagnostics66,sparse_floor,1000,envelope_minus_baseline,2,0,0.0020000000000000018,0,0,0.0,0,2,-0.002,2,0,0.0020000000000000018,2,0,0
2,QUMOND,1.3,0.3,160,326125001,fitted_grid,outside_inner_prior,full34,uniform_white,1000,envelope_minus_baseline,0,0,0.0,0,0,0.0,0,0,0.0,0,0,0.0,0,0,0
2,QUMOND,1.3,0.3,160,326125001,fitted_grid,outside_inner_prior,full34,clustered_correlated,1000,envelope_minus_baseline,0,9,-0.009000000000000008,0,0,0.0,9,0,0.009,0,0,0.0,0,0,9
2,QUMOND,1.3,0.3,160,326125001,fitted_grid,outside_inner_prior,full34,sparse_floor,1000,envelope_minus_baseline,0,0,0.0,0,0,0.0,0,0,0.0,0,0,0.0,0,0,0
2,QUMOND,1.3,0.3,160,326125001,fitted_grid,outside_inner_prior,covariates_only66,uniform_white,1000,envelope_minus_baseline,0,6,-0.006,0,1,-0.001,7,0,0.007000000000000006,1,0,0.0010000000000000009,0,0,6
2,QUMOND,1.3,0.3,160,326125001,fitted_grid,outside_inner_prior,covariates_only66,clustered_correlated,1000,envelope_minus_baseline,0,6,-0.006,0,1,-0.001,7,0,0.007000000000000006,1,0,0.0010000000000000009,0,0,6
2,QUMOND,1.3,0.3,160,326125001,fitted_grid,outside_inner_prior,covariates_only66,sparse_floor,1000,envelope_minus_baseline,0,10,-0.01,0,1,-0.001,11,0,0.01100000000000001,1,0,0.0010000000000000009,0,0,10
2,QUMOND,1.3,0.3,160,326125001,fitted_grid,outside_inner_prior,conditional66,uniform_white,1000,envelope_minus_baseline,1,0,0.0010000000000000009,0,0,0.0,0,1,-0.001,1,0,0.0010000000000000009,1,0,0
2,QUMOND,1.3,0.3,160,326125001,fitted_grid,outside_inner_prior,conditional66,clustered_correlated,1000,envelope_minus_baseline,0,0,0.0,0,0,0.0,0,0,0.0,0,0,0.0,0,0,0
2,QUMOND,1.3,0.3,160,326125001,fitted_grid,outside_inner_prior,conditional66,sparse_floor,1000,envelope_minus_baseline,0,1,-0.0010000000000000009,0,0,0.0,1,0,0.001,0,0,0.0,0,0,1
2,QUMOND,1.6,0.0,,326126001,fitted_grid,pure,full66,uniform_white,1000,envelope_minus_baseline,0,0,0.0,0,0,0.0,0,0,0.0,0,0,0.0,0,0,0
2,QUMOND,1.6,0.0,,326126001,fitted_grid,pure,full66,clustered_correlated,1000,envelope_minus_baseline,0,0,0.0,0,0,0.0,0,0,0.0,0,0,0.0,0,0,0
2,QUMOND,1.6,0.0,,326126001,fitted_grid,pure,full66,sparse_floor,1000,envelope_minus_baseline,0,0,0.0,0,0,0.0,0,0,0.0,0,0,0.0,0,0,0
2,QUMOND,1.6,0.0,,326126001,fitted_grid,pure,no_diagnostics66,uniform_white,1000,envelope_minus_baseline,0,0,0.0,0,0,0.0,0,0,0.0,0,0,0.0,0,0,0
2,QUMOND,1.6,0.0,,326126001,fitted_grid,pure,no_diagnostics66,clustered_correlated,1000,envelope_minus_baseline,0,0,0.0,0,0,0.0,0,0,0.0,0,0,0.0,0,0,0
2,QUMOND,1.6,0.0,,326126001,fitted_grid,pure,no_diagnostics66,sparse_floor,1000,envelope_minus_baseline,0,0,0.0,0,0,0.0,0,0,0.0,0,0,0.0,0,0,0
2,QUMOND,1.6,0.0,,326126001,fitted_grid,pure,full34,uniform_white,1000,envelope_minus_baseline,0,0,0.0,0,0,0.0,0,0,0.0,0,0,0.0,0,0,0
2,QUMOND,1.6,0.0,,326126001,fitted_grid,pure,full34,clustered_correlated,1000,envelope_minus_baseline,0,2,-0.0020000000000000018,0,0,0.0,2,0,0.002,0,0,0.0,0,0,2
2,QUMOND,1.6,0.0,,326126001,fitted_grid,pure,full34,sparse_floor,1000,envelope_minus_baseline,0,0,0.0,0,0,0.0,0,0,0.0,0,0,0.0,0,0,0
2,QUMOND,1.6,0.0,,326126001,fitted_grid,pure,covariates_only66,uniform_white,1000,envelope_minus_baseline,0,15,-0.015,0,0,0.0,15,0,0.015000000000000013,0,0,0.0,0,0,15
2,QUMOND,1.6,0.0,,326126001,fitted_grid,pure,covariates_only66,clustered_correlated,1000,envelope_minus_baseline,2,14,-0.012,1,0,0.001,14,3,0.01100000000000001,2,0,0.0020000000000000018,2,1,14
2,QUMOND,1.6,0.0,,326126001,fitted_grid,pure,covariates_only66,sparse_floor,1000,envelope_minus_baseline,0,31,-0.031000000000000003,0,1,-0.001,32,0,0.03200000000000003,1,0,0.0010000000000000009,0,0,31
2,QUMOND,1.6,0.0,,326126001,fitted_grid,pure,conditional66,uniform_white,1000,envelope_minus_baseline,0,0,0.0,0,0,0.0,0,0,0.0,0,0,0.0,0,0,0
2,QUMOND,1.6,0.0,,326126001,fitted_grid,pure,conditional66,clustered_correlated,1000,envelope_minus_baseline,0,0,0.0,0,0,0.0,0,0,0.0,0,0,0.0,0,0,0
2,QUMOND,1.6,0.0,,326126001,fitted_grid,pure,conditional66,sparse_floor,1000,envelope_minus_baseline,0,0,0.0,0,0,0.0,0,0,0.0,0,0,0.0,0,0,0
2,QUMOND,1.6,0.075,40,326127001,fitted_grid,fitted_prior,full66,uniform_white,1000,envelope_minus_baseline,0,0,0.0,0,0,0.0,0,0,0.0,0,0,0.0,0,0,0
2,QUMOND,1.6,0.075,40,326127001,fitted_grid,fitted_prior,full66,clustered_correlated,1000,envelope_minus_baseline,0,0,0.0,0,0,0.0,0,0,0.0,0,0,0.0,0,0,0
2,QUMOND,1.6,0.075,40,326127001,fitted_grid,fitted_prior,full66,sparse_floor,1000,envelope_minus_baseline,0,0,0.0,0,0,0.0,0,0,0.0,0,0,0.0,0,0,0
2,QUMOND,1.6,0.075,40,326127001,fitted_grid,fitted_prior,no_diagnostics66,uniform_white,1000,envelope_minus_baseline,0,0,0.0,0,0,0.0,0,0,0.0,0,0,0.0,0,0,0
2,QUMOND,1.6,0.075,40,326127001,fitted_grid,fitted_prior,no_diagnostics66,clustered_correlated,1000,envelope_minus_baseline,0,0,0.0,0,0,0.0,0,0,0.0,0,0,0.0,0,0,0
2,QUMOND,1.6,0.075,40,326127001,fitted_grid,fitted_prior,no_diagnostics66,sparse_floor,1000,envelope_minus_baseline,0,0,0.0,0,0,0.0,0,0,0.0,0,0,0.0,0,0,0
2,QUMOND,1.6,0.075,40,326127001,fitted_grid,fitted_prior,full34,uniform_white,1000,envelope_minus_baseline,0,0,0.0,0,0,0.0,0,0,0.0,0,0,0.0,0,0,0
2,QUMOND,1.6,0.075,40,326127001,fitted_grid,fitted_prior,full34,clustered_correlated,1000,envelope_minus_baseline,0,1,-0.0010000000000000009,0,0,0.0,1,0,0.001,0,0,0.0,0,0,1
2,QUMOND,1.6,0.075,40,326127001,fitted_grid,fitted_prior,full34,sparse_floor,1000,envelope_minus_baseline,0,0,0.0,0,0,0.0,0,0,0.0,0,0,0.0,0,0,0
2,QUMOND,1.6,0.075,40,326127001,fitted_grid,fitted_prior,covariates_only66,uniform_white,1000,envelope_minus_baseline,0,23,-0.023,0,1,-0.001,24,0,0.02400000000000002,1,0,0.0010000000000000009,0,0,23
2,QUMOND,1.6,0.075,40,326127001,fitted_grid,fitted_prior,covariates_only66,clustered_correlated,1000,envelope_minus_baseline,2,19,-0.017,0,1,-0.001,20,2,0.018000000000000016,3,0,0.0030000000000000027,2,0,19
2,QUMOND,1.6,0.075,40,326127001,fitted_grid,fitted_prior,covariates_only66,sparse_floor,1000,envelope_minus_baseline,0,40,-0.039999999999999994,0,0,0.0,40,0,0.040000000000000036,0,0,0.0,0,0,40
2,QUMOND,1.6,0.075,40,326127001,fitted_grid,fitted_prior,conditional66,uniform_white,1000,envelope_minus_baseline,0,0,0.0,0,0,0.0,0,0,0.0,0,0,0.0,0,0,0
2,QUMOND,1.6,0.075,40,326127001,fitted_grid,fitted_prior,conditional66,clustered_correlated,1000,envelope_minus_baseline,0,0,0.0,0,0,0.0,0,0,0.0,0,0,0.0,0,0,0
2,QUMOND,1.6,0.075,40,326127001,fitted_grid,fitted_prior,conditional66,sparse_floor,1000,envelope_minus_baseline,0,2,-0.0020000000000000018,0,0,0.0,2,0,0.002,0,0,0.0,0,0,2
2,QUMOND,1.6,0.075,80,326128001,fitted_grid,fitted_prior,full66,uniform_white,1000,envelope_minus_baseline,0,0,0.0,0,0,0.0,0,0,0.0,0,0,0.0,0,0,0
2,QUMOND,1.6,0.075,80,326128001,fitted_grid,fitted_prior,full66,clustered_correlated,1000,envelope_minus_baseline,0,0,0.0,0,0,0.0,0,0,0.0,0,0,0.0,0,0,0
2,QUMOND,1.6,0.075,80,326128001,fitted_grid,fitted_prior,full66,sparse_floor,1000,envelope_minus_baseline,0,0,0.0,0,0,0.0,0,0,0.0,0,0,0.0,0,0,0
2,QUMOND,1.6,0.075,80,326128001,fitted_grid,fitted_prior,no_diagnostics66,uniform_white,1000,envelope_minus_baseline,0,0,0.0,0,0,0.0,0,0,0.0,0,0,0.0,0,0,0
2,QUMOND,1.6,0.075,80,326128001,fitted_grid,fitted_prior,no_diagnostics66,clustered_correlated,1000,envelope_minus_baseline,0,0,0.0,0,0,0.0,0,0,0.0,0,0,0.0,0,0,0
2,QUMOND,1.6,0.075,80,326128001,fitted_grid,fitted_prior,no_diagnostics66,sparse_floor,1000,envelope_minus_baseline,0,0,0.0,0,0,0.0,0,0,0.0,0,0,0.0,0,0,0
2,QUMOND,1.6,0.075,80,326128001,fitted_grid,fitted_prior,full34,uniform_white,1000,envelope_minus_baseline,0,1,-0.0010000000000000009,0,0,0.0,1,0,0.001,0,0,0.0,0,0,1
2,QUMOND,1.6,0.075,80,326128001,fitted_grid,fitted_prior,full34,clustered_correlated,1000,envelope_minus_baseline,0,1,-0.0010000000000000009,0,0,0.0,1,0,0.001,0,0,0.0,0,0,1
2,QUMOND,1.6,0.075,80,326128001,fitted_grid,fitted_prior,full34,sparse_floor,1000,envelope_minus_baseline,0,0,0.0,0,0,0.0,0,0,0.0,0,0,0.0,0,0,0
2,QUMOND,1.6,0.075,80,326128001,fitted_grid,fitted_prior,covariates_only66,uniform_white,1000,envelope_minus_baseline,0,26,-0.026,0,1,-0.001,27,0,0.027000000000000024,1,0,0.0010000000000000009,0,0,26
2,QUMOND,1.6,0.075,80,326128001,fitted_grid,fitted_prior,covariates_only66,clustered_correlated,1000,envelope_minus_baseline,0,20,-0.019999999999999997,0,0,0.0,20,0,0.020000000000000018,1,0,0.0010000000000000009,0,0,20
2,QUMOND,1.6,0.075,80,326128001,fitted_grid,fitted_prior,covariates_only66,sparse_floor,1000,envelope_minus_baseline,0,53,-0.053,0,1,-0.001,54,0,0.05400000000000005,1,0,0.0010000000000000009,0,0,53
2,QUMOND,1.6,0.075,80,326128001,fitted_grid,fitted_prior,conditional66,uniform_white,1000,envelope_minus_baseline,0,0,0.0,0,0,0.0,0,0,0.0,0,0,0.0,0,0,0
2,QUMOND,1.6,0.075,80,326128001,fitted_grid,fitted_prior,conditional66,clustered_correlated,1000,envelope_minus_baseline,0,0,0.0,0,0,0.0,0,0,0.0,0,0,0.0,0,0,0
2,QUMOND,1.6,0.075,80,326128001,fitted_grid,fitted_prior,conditional66,sparse_floor,1000,envelope_minus_baseline,0,0,0.0,0,0,0.0,0,0,0.0,0,0,0.0,0,0,0
2,QUMOND,1.6,0.075,60,326129001,fitted_grid,outside_inner_prior,full66,uniform_white,1000,envelope_minus_baseline,0,0,0.0,0,0,0.0,0,0,0.0,0,0,0.0,0,0,0
2,QUMOND,1.6,0.075,60,326129001,fitted_grid,outside_inner_prior,full66,clustered_correlated,1000,envelope_minus_baseline,0,0,0.0,0,0,0.0,0,0,0.0,0,0,0.0,0,0,0
2,QUMOND,1.6,0.075,60,326129001,fitted_grid,outside_inner_prior,full66,sparse_floor,1000,envelope_minus_baseline,0,0,0.0,0,0,0.0,0,0,0.0,0,0,0.0,0,0,0
2,QUMOND,1.6,0.075,60,326129001,fitted_grid,outside_inner_prior,no_diagnostics66,uniform_white,1000,envelope_minus_baseline,0,0,0.0,0,0,0.0,0,0,0.0,0,0,0.0,0,0,0
2,QUMOND,1.6,0.075,60,326129001,fitted_grid,outside_inner_prior,no_diagnostics66,clustered_correlated,1000,envelope_minus_baseline,0,0,0.0,0,0,0.0,0,0,0.0,0,0,0.0,0,0,0
2,QUMOND,1.6,0.075,60,326129001,fitted_grid,outside_inner_prior,no_diagnostics66,sparse_floor,1000,envelope_minus_baseline,0,0,0.0,0,0,0.0,0,0,0.0,0,0,0.0,0,0,0
2,QUMOND,1.6,0.075,60,326129001,fitted_grid,outside_inner_prior,full34,uniform_white,1000,envelope_minus_baseline,0,0,0.0,0,0,0.0,0,0,0.0,0,0,0.0,0,0,0
2,QUMOND,1.6,0.075,60,326129001,fitted_grid,outside_inner_prior,full34,clustered_correlated,1000,envelope_minus_baseline,0,2,-0.0020000000000000018,0,0,0.0,2,0,0.002,0,0,0.0,0,0,2
2,QUMOND,1.6,0.075,60,326129001,fitted_grid,outside_inner_prior,full34,sparse_floor,1000,envelope_minus_baseline,0,0,0.0,0,0,0.0,0,0,0.0,0,0,0.0,0,0,0
2,QUMOND,1.6,0.075,60,326129001,fitted_grid,outside_inner_prior,covariates_only66,uniform_white,1000,envelope_minus_baseline,0,16,-0.016,0,1,-0.001,17,0,0.017000000000000015,1,0,0.0010000000000000009,0,0,16
2,QUMOND,1.6,0.075,60,326129001,fitted_grid,outside_inner_prior,covariates_only66,clustered_correlated,1000,envelope_minus_baseline,0,24,-0.024,0,2,-0.002,26,0,0.026000000000000023,2,0,0.0020000000000000018,0,0,24
2,QUMOND,1.6,0.075,60,326129001,fitted_grid,outside_inner_prior,covariates_only66,sparse_floor,1000,envelope_minus_baseline,0,31,-0.031,0,1,-0.001,32,0,0.03200000000000003,1,0,0.0010000000000000009,0,0,31
2,QUMOND,1.6,0.075,60,326129001,fitted_grid,outside_inner_prior,conditional66,uniform_white,1000,envelope_minus_baseline,0,0,0.0,0,0,0.0,0,0,0.0,0,0,0.0,0,0,0
2,QUMOND,1.6,0.075,60,326129001,fitted_grid,outside_inner_prior,conditional66,clustered_correlated,1000,envelope_minus_baseline,0,0,0.0,0,0,0.0,0,0,0.0,0,0,0.0,0,0,0
2,QUMOND,1.6,0.075,60,326129001,fitted_grid,outside_inner_prior,conditional66,sparse_floor,1000,envelope_minus_baseline,0,1,-0.0010000000000000009,0,0,0.0,1,0,0.001,0,0,0.0,0,0,1
2,QUMOND,1.6,0.075,160,326130001,fitted_grid,outside_inner_prior,full66,uniform_white,1000,envelope_minus_baseline,0,0,0.0,0,0,0.0,0,0,0.0,0,0,0.0,0,0,0
2,QUMOND,1.6,0.075,160,326130001,fitted_grid,outside_inner_prior,full66,clustered_correlated,1000,envelope_minus_baseline,0,0,0.0,0,0,0.0,0,0,0.0,0,0,0.0,0,0,0
2,QUMOND,1.6,0.075,160,326130001,fitted_grid,outside_inner_prior,full66,sparse_floor,1000,envelope_minus_baseline,0,0,0.0,0,0,0.0,0,0,0.0,0,0,0.0,0,0,0
2,QUMOND,1.6,0.075,160,326130001,fitted_grid,outside_inner_prior,no_diagnostics66,uniform_white,1000,envelope_minus_baseline,0,0,0.0,0,0,0.0,0,0,0.0,0,0,0.0,0,0,0
2,QUMOND,1.6,0.075,160,326130001,fitted_grid,outside_inner_prior,no_diagnostics66,clustered_correlated,1000,envelope_minus_baseline,1,0,0.0010000000000000009,0,0,0.0,0,1,-0.001,1,0,0.0010000000000000009,1,0,0
2,QUMOND,1.6,0.075,160,326130001,fitted_grid,outside_inner_prior,no_diagnostics66,sparse_floor,1000,envelope_minus_baseline,0,0,0.0,0,0,0.0,0,0,0.0,0,0,0.0,0,0,0
2,QUMOND,1.6,0.075,160,326130001,fitted_grid,outside_inner_prior,full34,uniform_white,1000,envelope_minus_baseline,0,0,0.0,0,0,0.0,0,0,0.0,0,0,0.0,0,0,0
2,QUMOND,1.6,0.075,160,326130001,fitted_grid,outside_inner_prior,full34,clustered_correlated,1000,envelope_minus_baseline,0,2,-0.0020000000000000018,0,0,0.0,2,0,0.002,0,0,0.0,0,0,2
2,QUMOND,1.6,0.075,160,326130001,fitted_grid,outside_inner_prior,full34,sparse_floor,1000,envelope_minus_baseline,0,0,0.0,0,0,0.0,0,0,0.0,0,0,0.0,0,0,0
2,QUMOND,1.6,0.075,160,326130001,fitted_grid,outside_inner_prior,covariates_only66,uniform_white,1000,envelope_minus_baseline,0,16,-0.016,0,3,-0.003,19,0,0.019000000000000017,3,0,0.0030000000000000027,0,0,16
2,QUMOND,1.6,0.075,160,326130001,fitted_grid,outside_inner_prior,covariates_only66,clustered_correlated,1000,envelope_minus_baseline,0,10,-0.01,0,0,0.0,10,0,0.010000000000000009,0,0,0.0,0,0,10
2,QUMOND,1.6,0.075,160,326130001,fitted_grid,outside_inner_prior,covariates_only66,sparse_floor,1000,envelope_minus_baseline,0,28,-0.028,0,3,-0.002999999999999999,31,0,0.031000000000000028,3,0,0.0030000000000000027,0,0,28
2,QUMOND,1.6,0.075,160,326130001,fitted_grid,outside_inner_prior,conditional66,uniform_white,1000,envelope_minus_baseline,0,0,0.0,0,0,0.0,0,0,0.0,0,0,0.0,0,0,0
2,QUMOND,1.6,0.075,160,326130001,fitted_grid,outside_inner_prior,conditional66,clustered_correlated,1000,envelope_minus_baseline,0,0,0.0,0,0,0.0,0,0,0.0,0,0,0.0,0,0,0
2,QUMOND,1.6,0.075,160,326130001,fitted_grid,outside_inner_prior,conditional66,sparse_floor,1000,envelope_minus_baseline,0,0,0.0,0,0,0.0,0,0,0.0,0,0,0.0,0,0,0
2,QUMOND,1.6,0.225,40,326131001,fitted_grid,fitted_prior,full66,uniform_white,1000,envelope_minus_baseline,0,0,0.0,0,0,0.0,0,0,0.0,0,0,0.0,0,0,0
2,QUMOND,1.6,0.225,40,326131001,fitted_grid,fitted_prior,full66,clustered_correlated,1000,envelope_minus_baseline,0,0,0.0,0,0,0.0,0,0,0.0,0,0,0.0,0,0,0
2,QUMOND,1.6,0.225,40,326131001,fitted_grid,fitted_prior,full66,sparse_floor,1000,envelope_minus_baseline,1,0,0.0010000000000000009,0,0,0.0,0,1,-0.001,1,0,0.0010000000000000009,1,0,0
2,QUMOND,1.6,0.225,40,326131001,fitted_grid,fitted_prior,no_diagnostics66,uniform_white,1000,envelope_minus_baseline,0,0,0.0,0,0,0.0,0,0,0.0,0,0,0.0,0,0,0
2,QUMOND,1.6,0.225,40,326131001,fitted_grid,fitted_prior,no_diagnostics66,clustered_correlated,1000,envelope_minus_baseline,1,0,0.0010000000000000009,0,0,0.0,0,1,-0.001,1,0,0.0010000000000000009,1,0,0
2,QUMOND,1.6,0.225,40,326131001,fitted_grid,fitted_prior,no_diagnostics66,sparse_floor,1000,envelope_minus_baseline,0,0,0.0,0,0,0.0,0,0,0.0,0,0,0.0,0,0,0
2,QUMOND,1.6,0.225,40,326131001,fitted_grid,fitted_prior,full34,uniform_white,1000,envelope_minus_baseline,0,2,-0.0020000000000000018,0,0,0.0,2,0,0.002,0,0,0.0,0,0,2
2,QUMOND,1.6,0.225,40,326131001,fitted_grid,fitted_prior,full34,clustered_correlated,1000,envelope_minus_baseline,0,10,-0.010000000000000009,0,1,-0.001,11,0,0.011,1,0,0.0010000000000000009,0,0,10
2,QUMOND,1.6,0.225,40,326131001,fitted_grid,fitted_prior,full34,sparse_floor,1000,envelope_minus_baseline,0,0,0.0,0,0,0.0,0,0,0.0,0,0,0.0,0,0,0
2,QUMOND,1.6,0.225,40,326131001,fitted_grid,fitted_prior,covariates_only66,uniform_white,1000,envelope_minus_baseline,0,22,-0.022,0,0,0.0,22,0,0.02200000000000002,0,0,0.0,0,0,22
2,QUMOND,1.6,0.225,40,326131001,fitted_grid,fitted_prior,covariates_only66,clustered_correlated,1000,envelope_minus_baseline,0,25,-0.025,0,0,0.0,25,0,0.025000000000000022,0,0,0.0,0,0,25
2,QUMOND,1.6,0.225,40,326131001,fitted_grid,fitted_prior,covariates_only66,sparse_floor,1000,envelope_minus_baseline,0,45,-0.045,0,0,0.0,45,0,0.04500000000000004,0,0,0.0,0,0,45
2,QUMOND,1.6,0.225,40,326131001,fitted_grid,fitted_prior,conditional66,uniform_white,1000,envelope_minus_baseline,0,0,0.0,0,0,0.0,0,0,0.0,0,0,0.0,0,0,0
2,QUMOND,1.6,0.225,40,326131001,fitted_grid,fitted_prior,conditional66,clustered_correlated,1000,envelope_minus_baseline,0,0,0.0,0,0,0.0,0,0,0.0,0,0,0.0,0,0,0
2,QUMOND,1.6,0.225,40,326131001,fitted_grid,fitted_prior,conditional66,sparse_floor,1000,envelope_minus_baseline,0,7,-0.007000000000000006,0,0,0.0,7,0,0.006999999999999999,0,0,0.0,0,0,7
2,QUMOND,1.6,0.225,80,326132001,fitted_grid,fitted_prior,full66,uniform_white,1000,envelope_minus_baseline,0,0,0.0,0,0,0.0,0,0,0.0,0,0,0.0,0,0,0
2,QUMOND,1.6,0.225,80,326132001,fitted_grid,fitted_prior,full66,clustered_correlated,1000,envelope_minus_baseline,0,0,0.0,0,0,0.0,0,0,0.0,0,0,0.0,0,0,0
2,QUMOND,1.6,0.225,80,326132001,fitted_grid,fitted_prior,full66,sparse_floor,1000,envelope_minus_baseline,0,0,0.0,0,0,0.0,0,0,0.0,0,0,0.0,0,0,0
2,QUMOND,1.6,0.225,80,326132001,fitted_grid,fitted_prior,no_diagnostics66,uniform_white,1000,envelope_minus_baseline,0,0,0.0,0,0,0.0,0,0,0.0,0,0,0.0,0,0,0
2,QUMOND,1.6,0.225,80,326132001,fitted_grid,fitted_prior,no_diagnostics66,clustered_correlated,1000,envelope_minus_baseline,1,0,0.0010000000000000009,0,0,0.0,0,1,-0.001,1,0,0.0010000000000000009,1,0,0
2,QUMOND,1.6,0.225,80,326132001,fitted_grid,fitted_prior,no_diagnostics66,sparse_floor,1000,envelope_minus_baseline,0,0,0.0,0,0,0.0,0,0,0.0,0,0,0.0,0,0,0
2,QUMOND,1.6,0.225,80,326132001,fitted_grid,fitted_prior,full34,uniform_white,1000,envelope_minus_baseline,0,2,-0.0020000000000000018,0,0,0.0,2,0,0.002,0,0,0.0,0,0,2
2,QUMOND,1.6,0.225,80,326132001,fitted_grid,fitted_prior,full34,clustered_correlated,1000,envelope_minus_baseline,0,6,-0.006000000000000005,0,0,0.0,6,0,0.006,0,0,0.0,0,0,6
2,QUMOND,1.6,0.225,80,326132001,fitted_grid,fitted_prior,full34,sparse_floor,1000,envelope_minus_baseline,0,0,0.0,0,0,0.0,0,0,0.0,0,0,0.0,0,0,0
2,QUMOND,1.6,0.225,80,326132001,fitted_grid,fitted_prior,covariates_only66,uniform_white,1000,envelope_minus_baseline,0,16,-0.016,0,0,0.0,16,0,0.016000000000000014,0,0,0.0,0,0,16
2,QUMOND,1.6,0.225,80,326132001,fitted_grid,fitted_prior,covariates_only66,clustered_correlated,1000,envelope_minus_baseline,0,22,-0.022,0,1,-0.001,23,0,0.02300000000000002,1,0,0.0010000000000000009,0,0,22
2,QUMOND,1.6,0.225,80,326132001,fitted_grid,fitted_prior,covariates_only66,sparse_floor,1000,envelope_minus_baseline,0,36,-0.036,0,1,-0.001,37,0,0.03700000000000003,1,0,0.0010000000000000009,0,0,36
2,QUMOND,1.6,0.225,80,326132001,fitted_grid,fitted_prior,conditional66,uniform_white,1000,envelope_minus_baseline,0,0,0.0,0,0,0.0,0,0,0.0,0,0,0.0,0,0,0
2,QUMOND,1.6,0.225,80,326132001,fitted_grid,fitted_prior,conditional66,clustered_correlated,1000,envelope_minus_baseline,0,0,0.0,0,0,0.0,0,0,0.0,0,0,0.0,0,0,0
2,QUMOND,1.6,0.225,80,326132001,fitted_grid,fitted_prior,conditional66,sparse_floor,1000,envelope_minus_baseline,0,8,-0.008000000000000007,0,0,0.0,8,0,0.008,0,0,0.0,0,0,8
2,QUMOND,1.6,0.225,60,326133001,fitted_grid,outside_inner_prior,full66,uniform_white,1000,envelope_minus_baseline,0,0,0.0,0,0,0.0,0,0,0.0,0,0,0.0,0,0,0
2,QUMOND,1.6,0.225,60,326133001,fitted_grid,outside_inner_prior,full66,clustered_correlated,1000,envelope_minus_baseline,0,0,0.0,0,0,0.0,0,0,0.0,0,0,0.0,0,0,0
2,QUMOND,1.6,0.225,60,326133001,fitted_grid,outside_inner_prior,full66,sparse_floor,1000,envelope_minus_baseline,0,0,0.0,0,0,0.0,0,0,0.0,0,0,0.0,0,0,0
2,QUMOND,1.6,0.225,60,326133001,fitted_grid,outside_inner_prior,no_diagnostics66,uniform_white,1000,envelope_minus_baseline,0,0,0.0,0,0,0.0,0,0,0.0,0,0,0.0,0,0,0
2,QUMOND,1.6,0.225,60,326133001,fitted_grid,outside_inner_prior,no_diagnostics66,clustered_correlated,1000,envelope_minus_baseline,1,0,0.0010000000000000009,0,0,0.0,0,1,-0.001,1,0,0.0010000000000000009,1,0,0
2,QUMOND,1.6,0.225,60,326133001,fitted_grid,outside_inner_prior,no_diagnostics66,sparse_floor,1000,envelope_minus_baseline,0,0,0.0,0,0,0.0,0,0,0.0,0,0,0.0,0,0,0
2,QUMOND,1.6,0.225,60,326133001,fitted_grid,outside_inner_prior,full34,uniform_white,1000,envelope_minus_baseline,0,5,-0.0050000000000000044,0,0,0.0,5,0,0.004999999999999999,0,0,0.0,0,0,5
2,QUMOND,1.6,0.225,60,326133001,fitted_grid,outside_inner_prior,full34,clustered_correlated,1000,envelope_minus_baseline,0,13,-0.013000000000000012,0,0,0.0,13,0,0.013000000000000001,0,0,0.0,0,0,13
2,QUMOND,1.6,0.225,60,326133001,fitted_grid,outside_inner_prior,full34,sparse_floor,1000,envelope_minus_baseline,0,0,0.0,0,0,0.0,0,0,0.0,0,0,0.0,0,0,0
2,QUMOND,1.6,0.225,60,326133001,fitted_grid,outside_inner_prior,covariates_only66,uniform_white,1000,envelope_minus_baseline,0,15,-0.015,0,0,0.0,15,0,0.015000000000000013,0,0,0.0,0,0,15
2,QUMOND,1.6,0.225,60,326133001,fitted_grid,outside_inner_prior,covariates_only66,clustered_correlated,1000,envelope_minus_baseline,0,13,-0.013,0,0,0.0,13,0,0.013000000000000012,0,0,0.0,0,0,13
2,QUMOND,1.6,0.225,60,326133001,fitted_grid,outside_inner_prior,covariates_only66,sparse_floor,1000,envelope_minus_baseline,0,28,-0.028,0,1,-0.001,29,0,0.029000000000000026,1,0,0.0010000000000000009,0,0,28
2,QUMOND,1.6,0.225,60,326133001,fitted_grid,outside_inner_prior,conditional66,uniform_white,1000,envelope_minus_baseline,0,0,0.0,0,0,0.0,0,0,0.0,0,0,0.0,0,0,0
2,QUMOND,1.6,0.225,60,326133001,fitted_grid,outside_inner_prior,conditional66,clustered_correlated,1000,envelope_minus_baseline,0,0,0.0,0,0,0.0,0,0,0.0,0,0,0.0,0,0,0
2,QUMOND,1.6,0.225,60,326133001,fitted_grid,outside_inner_prior,conditional66,sparse_floor,1000,envelope_minus_baseline,0,3,-0.0030000000000000027,0,0,0.0,3,0,0.003,0,0,0.0,0,0,3
2,QUMOND,1.6,0.225,160,326134001,fitted_grid,outside_inner_prior,full66,uniform_white,1000,envelope_minus_baseline,0,0,0.0,0,0,0.0,0,0,0.0,0,0,0.0,0,0,0
2,QUMOND,1.6,0.225,160,326134001,fitted_grid,outside_inner_prior,full66,clustered_correlated,1000,envelope_minus_baseline,0,0,0.0,0,0,0.0,0,0,0.0,0,0,0.0,0,0,0
2,QUMOND,1.6,0.225,160,326134001,fitted_grid,outside_inner_prior,full66,sparse_floor,1000,envelope_minus_baseline,0,0,0.0,0,0,0.0,0,0,0.0,0,0,0.0,0,0,0
2,QUMOND,1.6,0.225,160,326134001,fitted_grid,outside_inner_prior,no_diagnostics66,uniform_white,1000,envelope_minus_baseline,0,0,0.0,0,0,0.0,0,0,0.0,0,0,0.0,0,0,0
2,QUMOND,1.6,0.225,160,326134001,fitted_grid,outside_inner_prior,no_diagnostics66,clustered_correlated,1000,envelope_minus_baseline,1,0,0.0010000000000000009,0,0,0.0,0,1,-0.001,1,0,0.0010000000000000009,1,0,0
2,QUMOND,1.6,0.225,160,326134001,fitted_grid,outside_inner_prior,no_diagnostics66,sparse_floor,1000,envelope_minus_baseline,0,0,0.0,0,0,0.0,0,0,0.0,0,0,0.0,0,0,0
2,QUMOND,1.6,0.225,160,326134001,fitted_grid,outside_inner_prior,full34,uniform_white,1000,envelope_minus_baseline,0,5,-0.0050000000000000044,0,0,0.0,5,0,0.005,0,0,0.0,0,0,5
2,QUMOND,1.6,0.225,160,326134001,fitted_grid,outside_inner_prior,full34,clustered_correlated,1000,envelope_minus_baseline,0,8,-0.008000000000000007,0,0,0.0,8,0,0.008,0,0,0.0,0,0,8
2,QUMOND,1.6,0.225,160,326134001,fitted_grid,outside_inner_prior,full34,sparse_floor,1000,envelope_minus_baseline,0,0,0.0,0,0,0.0,0,0,0.0,0,0,0.0,0,0,0
2,QUMOND,1.6,0.225,160,326134001,fitted_grid,outside_inner_prior,covariates_only66,uniform_white,1000,envelope_minus_baseline,0,14,-0.014,1,1,0.0,15,1,0.014000000000000012,1,0,0.0010000000000000009,0,1,14
2,QUMOND,1.6,0.225,160,326134001,fitted_grid,outside_inner_prior,covariates_only66,clustered_correlated,1000,envelope_minus_baseline,0,16,-0.016,0,0,0.0,16,0,0.016000000000000014,0,0,0.0,0,0,16
2,QUMOND,1.6,0.225,160,326134001,fitted_grid,outside_inner_prior,covariates_only66,sparse_floor,1000,envelope_minus_baseline,0,27,-0.027000000000000003,0,2,-0.002,29,0,0.029000000000000026,2,0,0.0020000000000000018,0,0,27
2,QUMOND,1.6,0.225,160,326134001,fitted_grid,outside_inner_prior,conditional66,uniform_white,1000,envelope_minus_baseline,0,0,0.0,0,0,0.0,0,0,0.0,0,0,0.0,0,0,0
2,QUMOND,1.6,0.225,160,326134001,fitted_grid,outside_inner_prior,conditional66,clustered_correlated,1000,envelope_minus_baseline,0,0,0.0,0,0,0.0,0,0,0.0,0,0,0.0,0,0,0
2,QUMOND,1.6,0.225,160,326134001,fitted_grid,outside_inner_prior,conditional66,sparse_floor,1000,envelope_minus_baseline,0,4,-0.0040000000000000036,0,0,0.0,4,0,0.004,0,0,0.0,0,0,4
2,QUMOND,1.6,0.3,40,326135001,fitted_grid,fitted_prior,full66,uniform_white,1000,envelope_minus_baseline,0,0,0.0,0,0,0.0,0,0,0.0,0,0,0.0,0,0,0
2,QUMOND,1.6,0.3,40,326135001,fitted_grid,fitted_prior,full66,clustered_correlated,1000,envelope_minus_baseline,0,0,0.0,0,0,0.0,0,0,0.0,0,0,0.0,0,0,0
2,QUMOND,1.6,0.3,40,326135001,fitted_grid,fitted_prior,full66,sparse_floor,1000,envelope_minus_baseline,0,0,0.0,0,0,0.0,0,0,0.0,0,0,0.0,0,0,0
2,QUMOND,1.6,0.3,40,326135001,fitted_grid,fitted_prior,no_diagnostics66,uniform_white,1000,envelope_minus_baseline,0,0,0.0,0,0,0.0,0,0,0.0,0,0,0.0,0,0,0
2,QUMOND,1.6,0.3,40,326135001,fitted_grid,fitted_prior,no_diagnostics66,clustered_correlated,1000,envelope_minus_baseline,1,0,0.0010000000000000009,0,0,0.0,0,1,-0.001,1,0,0.0010000000000000009,1,0,0
2,QUMOND,1.6,0.3,40,326135001,fitted_grid,fitted_prior,no_diagnostics66,sparse_floor,1000,envelope_minus_baseline,0,0,0.0,0,0,0.0,0,0,0.0,0,0,0.0,0,0,0
2,QUMOND,1.6,0.3,40,326135001,fitted_grid,fitted_prior,full34,uniform_white,1000,envelope_minus_baseline,1,10,-0.009000000000000008,0,1,-0.001,11,1,0.01,2,0,0.0020000000000000018,1,0,10
2,QUMOND,1.6,0.3,40,326135001,fitted_grid,fitted_prior,full34,clustered_correlated,1000,envelope_minus_baseline,1,15,-0.014000000000000012,0,0,0.0,15,1,0.013999999999999999,1,0,0.0010000000000000009,1,0,15
2,QUMOND,1.6,0.3,40,326135001,fitted_grid,fitted_prior,full34,sparse_floor,1000,envelope_minus_baseline,0,0,0.0,0,0,0.0,0,0,0.0,0,0,0.0,0,0,0
2,QUMOND,1.6,0.3,40,326135001,fitted_grid,fitted_prior,covariates_only66,uniform_white,1000,envelope_minus_baseline,0,17,-0.016999999999999998,0,0,0.0,17,0,0.017000000000000015,0,0,0.0,0,0,17
2,QUMOND,1.6,0.3,40,326135001,fitted_grid,fitted_prior,covariates_only66,clustered_correlated,1000,envelope_minus_baseline,0,16,-0.016,0,0,0.0,16,0,0.016000000000000014,0,0,0.0,0,0,16
2,QUMOND,1.6,0.3,40,326135001,fitted_grid,fitted_prior,covariates_only66,sparse_floor,1000,envelope_minus_baseline,0,39,-0.039,0,1,-0.001,40,0,0.040000000000000036,1,0,0.0010000000000000009,0,0,39
2,QUMOND,1.6,0.3,40,326135001,fitted_grid,fitted_prior,conditional66,uniform_white,1000,envelope_minus_baseline,0,1,-0.0010000000000000009,0,0,0.0,1,0,0.0010000000000000009,0,0,0.0,0,0,1
2,QUMOND,1.6,0.3,40,326135001,fitted_grid,fitted_prior,conditional66,clustered_correlated,1000,envelope_minus_baseline,0,0,0.0,0,0,0.0,0,0,0.0,0,0,0.0,0,0,0
2,QUMOND,1.6,0.3,40,326135001,fitted_grid,fitted_prior,conditional66,sparse_floor,1000,envelope_minus_baseline,0,13,-0.013000000000000012,0,0,0.0,13,0,0.013000000000000001,0,0,0.0,0,0,13
2,QUMOND,1.6,0.3,80,326136001,fitted_grid,fitted_prior,full66,uniform_white,1000,envelope_minus_baseline,0,0,0.0,0,0,0.0,0,0,0.0,0,0,0.0,0,0,0
2,QUMOND,1.6,0.3,80,326136001,fitted_grid,fitted_prior,full66,clustered_correlated,1000,envelope_minus_baseline,0,0,0.0,0,0,0.0,0,0,0.0,0,0,0.0,0,0,0
2,QUMOND,1.6,0.3,80,326136001,fitted_grid,fitted_prior,full66,sparse_floor,1000,envelope_minus_baseline,1,0,0.0010000000000000009,1,0,0.001,0,2,-0.002,1,0,0.0010000000000000009,1,1,0
2,QUMOND,1.6,0.3,80,326136001,fitted_grid,fitted_prior,no_diagnostics66,uniform_white,1000,envelope_minus_baseline,0,0,0.0,0,0,0.0,0,0,0.0,0,0,0.0,0,0,0
2,QUMOND,1.6,0.3,80,326136001,fitted_grid,fitted_prior,no_diagnostics66,clustered_correlated,1000,envelope_minus_baseline,0,0,0.0,0,0,0.0,0,0,0.0,0,0,0.0,0,0,0
2,QUMOND,1.6,0.3,80,326136001,fitted_grid,fitted_prior,no_diagnostics66,sparse_floor,1000,envelope_minus_baseline,0,0,0.0,0,0,0.0,0,0,0.0,0,0,0.0,0,0,0
2,QUMOND,1.6,0.3,80,326136001,fitted_grid,fitted_prior,full34,uniform_white,1000,envelope_minus_baseline,0,2,-0.0020000000000000018,0,0,0.0,2,0,0.0019999999999999983,0,0,0.0,0,0,2
2,QUMOND,1.6,0.3,80,326136001,fitted_grid,fitted_prior,full34,clustered_correlated,1000,envelope_minus_baseline,1,13,-0.01200000000000001,0,0,0.0,13,1,0.012000000000000002,1,0,0.0010000000000000009,1,0,13
2,QUMOND,1.6,0.3,80,326136001,fitted_grid,fitted_prior,full34,sparse_floor,1000,envelope_minus_baseline,0,0,0.0,0,0,0.0,0,0,0.0,0,0,0.0,0,0,0
2,QUMOND,1.6,0.3,80,326136001,fitted_grid,fitted_prior,covariates_only66,uniform_white,1000,envelope_minus_baseline,0,21,-0.020999999999999998,0,0,0.0,21,0,0.02100000000000002,0,0,0.0,0,0,21
2,QUMOND,1.6,0.3,80,326136001,fitted_grid,fitted_prior,covariates_only66,clustered_correlated,1000,envelope_minus_baseline,0,24,-0.024,0,1,-0.001,25,0,0.025000000000000022,1,0,0.0010000000000000009,0,0,24
2,QUMOND,1.6,0.3,80,326136001,fitted_grid,fitted_prior,covariates_only66,sparse_floor,1000,envelope_minus_baseline,0,45,-0.045,0,0,0.0,45,0,0.04500000000000004,0,0,0.0,0,0,45
2,QUMOND,1.6,0.3,80,326136001,fitted_grid,fitted_prior,conditional66,uniform_white,1000,envelope_minus_baseline,0,0,0.0,0,0,0.0,0,0,0.0,0,0,0.0,0,0,0
2,QUMOND,1.6,0.3,80,326136001,fitted_grid,fitted_prior,conditional66,clustered_correlated,1000,envelope_minus_baseline,0,0,0.0,0,0,0.0,0,0,0.0,0,0,0.0,0,0,0
2,QUMOND,1.6,0.3,80,326136001,fitted_grid,fitted_prior,conditional66,sparse_floor,1000,envelope_minus_baseline,0,6,-0.006000000000000005,0,0,0.0,6,0,0.006,0,0,0.0,0,0,6
2,QUMOND,1.6,0.3,60,326137001,fitted_grid,outside_inner_prior,full66,uniform_white,1000,envelope_minus_baseline,0,0,0.0,1,0,0.001,0,1,-0.001,0,0,0.0,0,1,0
2,QUMOND,1.6,0.3,60,326137001,fitted_grid,outside_inner_prior,full66,clustered_correlated,1000,envelope_minus_baseline,0,0,0.0,0,0,0.0,0,0,0.0,0,0,0.0,0,0,0
2,QUMOND,1.6,0.3,60,326137001,fitted_grid,outside_inner_prior,full66,sparse_floor,1000,envelope_minus_baseline,0,0,0.0,0,0,0.0,0,0,0.0,0,0,0.0,0,0,0
2,QUMOND,1.6,0.3,60,326137001,fitted_grid,outside_inner_prior,no_diagnostics66,uniform_white,1000,envelope_minus_baseline,0,0,0.0,0,0,0.0,0,0,0.0,0,0,0.0,0,0,0
2,QUMOND,1.6,0.3,60,326137001,fitted_grid,outside_inner_prior,no_diagnostics66,clustered_correlated,1000,envelope_minus_baseline,0,0,0.0,0,0,0.0,0,0,0.0,0,0,0.0,0,0,0
2,QUMOND,1.6,0.3,60,326137001,fitted_grid,outside_inner_prior,no_diagnostics66,sparse_floor,1000,envelope_minus_baseline,0,0,0.0,0,0,0.0,0,0,0.0,0,0,0.0,0,0,0
2,QUMOND,1.6,0.3,60,326137001,fitted_grid,outside_inner_prior,full34,uniform_white,1000,envelope_minus_baseline,0,3,-0.0030000000000000027,0,0,0.0,3,0,0.003000000000000001,0,0,0.0,0,0,3
2,QUMOND,1.6,0.3,60,326137001,fitted_grid,outside_inner_prior,full34,clustered_correlated,1000,envelope_minus_baseline,2,12,-0.010000000000000009,0,0,0.0,12,2,0.010000000000000002,2,0,0.0020000000000000018,2,0,12
2,QUMOND,1.6,0.3,60,326137001,fitted_grid,outside_inner_prior,full34,sparse_floor,1000,envelope_minus_baseline,0,1,-0.0010000000000000009,0,0,0.0,1,0,0.0010000000000000009,0,0,0.0,0,0,1
2,QUMOND,1.6,0.3,60,326137001,fitted_grid,outside_inner_prior,covariates_only66,uniform_white,1000,envelope_minus_baseline,0,10,-0.009999999999999998,0,0,0.0,10,0,0.010000000000000009,0,0,0.0,0,0,10
2,QUMOND,1.6,0.3,60,326137001,fitted_grid,outside_inner_prior,covariates_only66,clustered_correlated,1000,envelope_minus_baseline,0,16,-0.016,0,2,-0.002,18,0,0.018000000000000016,2,0,0.0020000000000000018,0,0,16
2,QUMOND,1.6,0.3,60,326137001,fitted_grid,outside_inner_prior,covariates_only66,sparse_floor,1000,envelope_minus_baseline,0,22,-0.022,1,1,0.0,23,1,0.02200000000000002,1,0,0.0010000000000000009,0,1,22
2,QUMOND,1.6,0.3,60,326137001,fitted_grid,outside_inner_prior,conditional66,uniform_white,1000,envelope_minus_baseline,0,0,0.0,0,0,0.0,0,0,0.0,0,0,0.0,0,0,0
2,QUMOND,1.6,0.3,60,326137001,fitted_grid,outside_inner_prior,conditional66,clustered_correlated,1000,envelope_minus_baseline,0,0,0.0,0,0,0.0,0,0,0.0,0,0,0.0,0,0,0
2,QUMOND,1.6,0.3,60,326137001,fitted_grid,outside_inner_prior,conditional66,sparse_floor,1000,envelope_minus_baseline,0,3,-0.0030000000000000027,0,0,0.0,3,0,0.003,0,0,0.0,0,0,3
2,QUMOND,1.6,0.3,160,326138001,fitted_grid,outside_inner_prior,full66,uniform_white,1000,envelope_minus_baseline,0,0,0.0,0,0,0.0,0,0,0.0,0,0,0.0,0,0,0
2,QUMOND,1.6,0.3,160,326138001,fitted_grid,outside_inner_prior,full66,clustered_correlated,1000,envelope_minus_baseline,0,0,0.0,0,0,0.0,0,0,0.0,0,0,0.0,0,0,0
2,QUMOND,1.6,0.3,160,326138001,fitted_grid,outside_inner_prior,full66,sparse_floor,1000,envelope_minus_baseline,0,0,0.0,0,0,0.0,0,0,0.0,0,0,0.0,0,0,0
2,QUMOND,1.6,0.3,160,326138001,fitted_grid,outside_inner_prior,no_diagnostics66,uniform_white,1000,envelope_minus_baseline,0,0,0.0,0,0,0.0,0,0,0.0,0,0,0.0,0,0,0
2,QUMOND,1.6,0.3,160,326138001,fitted_grid,outside_inner_prior,no_diagnostics66,clustered_correlated,1000,envelope_minus_baseline,0,0,0.0,0,0,0.0,0,0,0.0,0,0,0.0,0,0,0
2,QUMOND,1.6,0.3,160,326138001,fitted_grid,outside_inner_prior,no_diagnostics66,sparse_floor,1000,envelope_minus_baseline,0,0,0.0,0,0,0.0,0,0,0.0,0,0,0.0,0,0,0
2,QUMOND,1.6,0.3,160,326138001,fitted_grid,outside_inner_prior,full34,uniform_white,1000,envelope_minus_baseline,0,3,-0.0030000000000000027,0,0,0.0,3,0,0.003000000000000001,0,0,0.0,0,0,3
2,QUMOND,1.6,0.3,160,326138001,fitted_grid,outside_inner_prior,full34,clustered_correlated,1000,envelope_minus_baseline,1,23,-0.02200000000000002,0,1,-0.001,24,1,0.023,2,0,0.0020000000000000018,1,0,23
2,QUMOND,1.6,0.3,160,326138001,fitted_grid,outside_inner_prior,full34,sparse_floor,1000,envelope_minus_baseline,0,0,0.0,0,0,0.0,0,0,0.0,0,0,0.0,0,0,0
2,QUMOND,1.6,0.3,160,326138001,fitted_grid,outside_inner_prior,covariates_only66,uniform_white,1000,envelope_minus_baseline,0,12,-0.012,0,1,-0.001,13,0,0.013000000000000012,1,0,0.0010000000000000009,0,0,12
2,QUMOND,1.6,0.3,160,326138001,fitted_grid,outside_inner_prior,covariates_only66,clustered_correlated,1000,envelope_minus_baseline,0,13,-0.013,0,2,-0.002,15,0,0.015000000000000013,2,0,0.0020000000000000018,0,0,13
2,QUMOND,1.6,0.3,160,326138001,fitted_grid,outside_inner_prior,covariates_only66,sparse_floor,1000,envelope_minus_baseline,0,25,-0.025,0,2,-0.002,27,0,0.027000000000000024,2,0,0.0020000000000000018,0,0,25
2,QUMOND,1.6,0.3,160,326138001,fitted_grid,outside_inner_prior,conditional66,uniform_white,1000,envelope_minus_baseline,0,1,-0.0010000000000000009,0,0,0.0,1,0,0.0010000000000000009,0,0,0.0,0,0,1
2,QUMOND,1.6,0.3,160,326138001,fitted_grid,outside_inner_prior,conditional66,clustered_correlated,1000,envelope_minus_baseline,0,0,0.0,0,0,0.0,0,0,0.0,0,0,0.0,0,0,0
2,QUMOND,1.6,0.3,160,326138001,fitted_grid,outside_inner_prior,conditional66,sparse_floor,1000,envelope_minus_baseline,0,5,-0.0050000000000000044,0,0,0.0,5,0,0.004999999999999999,0,0,0.0,0,0,5
2,QUMOND,1.15,0.0,,326139001,outside_beta_grid,pure,full66,uniform_white,1000,envelope_minus_baseline,0,0,0.0,0,0,0.0,0,0,0.0,0,0,0.0,0,0,0
2,QUMOND,1.15,0.0,,326139001,outside_beta_grid,pure,full66,clustered_correlated,1000,envelope_minus_baseline,0,0,0.0,0,0,0.0,0,0,0.0,0,0,0.0,0,0,0
2,QUMOND,1.15,0.0,,326139001,outside_beta_grid,pure,full66,sparse_floor,1000,envelope_minus_baseline,0,0,0.0,0,0,0.0,0,0,0.0,0,0,0.0,0,0,0
2,QUMOND,1.15,0.0,,326139001,outside_beta_grid,pure,no_diagnostics66,uniform_white,1000,envelope_minus_baseline,0,0,0.0,0,0,0.0,0,0,0.0,0,0,0.0,0,0,0
2,QUMOND,1.15,0.0,,326139001,outside_beta_grid,pure,no_diagnostics66,clustered_correlated,1000,envelope_minus_baseline,0,0,0.0,0,0,0.0,0,0,0.0,0,0,0.0,0,0,0
2,QUMOND,1.15,0.0,,326139001,outside_beta_grid,pure,no_diagnostics66,sparse_floor,1000,envelope_minus_baseline,0,0,0.0,0,0,0.0,0,0,0.0,0,0,0.0,0,0,0
2,QUMOND,1.15,0.0,,326139001,outside_beta_grid,pure,full34,uniform_white,1000,envelope_minus_baseline,0,0,0.0,0,0,0.0,0,0,0.0,0,0,0.0,0,0,0
2,QUMOND,1.15,0.0,,326139001,outside_beta_grid,pure,full34,clustered_correlated,1000,envelope_minus_baseline,0,0,0.0,0,0,0.0,0,0,0.0,0,0,0.0,0,0,0
2,QUMOND,1.15,0.0,,326139001,outside_beta_grid,pure,full34,sparse_floor,1000,envelope_minus_baseline,0,0,0.0,0,0,0.0,0,0,0.0,0,0,0.0,0,0,0
2,QUMOND,1.15,0.0,,326139001,outside_beta_grid,pure,covariates_only66,uniform_white,1000,envelope_minus_baseline,0,5,-0.005,0,0,0.0,5,0,0.0050000000000000044,0,0,0.0,0,0,5
2,QUMOND,1.15,0.0,,326139001,outside_beta_grid,pure,covariates_only66,clustered_correlated,1000,envelope_minus_baseline,0,3,-0.003,0,3,-0.003,6,0,0.006000000000000005,4,0,0.0040000000000000036,0,0,3
2,QUMOND,1.15,0.0,,326139001,outside_beta_grid,pure,covariates_only66,sparse_floor,1000,envelope_minus_baseline,0,8,-0.008,0,5,-0.005,13,0,0.013000000000000012,5,0,0.0050000000000000044,0,0,8
2,QUMOND,1.15,0.0,,326139001,outside_beta_grid,pure,conditional66,uniform_white,1000,envelope_minus_baseline,0,0,0.0,0,0,0.0,0,0,0.0,0,0,0.0,0,0,0
2,QUMOND,1.15,0.0,,326139001,outside_beta_grid,pure,conditional66,clustered_correlated,1000,envelope_minus_baseline,0,0,0.0,0,0,0.0,0,0,0.0,0,0,0.0,0,0,0
2,QUMOND,1.15,0.0,,326139001,outside_beta_grid,pure,conditional66,sparse_floor,1000,envelope_minus_baseline,0,0,0.0,0,0,0.0,0,0,0.0,0,0,0.0,0,0,0
2,QUMOND,1.15,0.3,60,326140001,outside_beta_grid,outside_inner_prior,full66,uniform_white,1000,envelope_minus_baseline,0,0,0.0,0,0,0.0,0,0,0.0,0,0,0.0,0,0,0
2,QUMOND,1.15,0.3,60,326140001,outside_beta_grid,outside_inner_prior,full66,clustered_correlated,1000,envelope_minus_baseline,0,0,0.0,0,0,0.0,0,0,0.0,0,0,0.0,0,0,0
2,QUMOND,1.15,0.3,60,326140001,outside_beta_grid,outside_inner_prior,full66,sparse_floor,1000,envelope_minus_baseline,2,0,0.0020000000000000018,0,0,0.0,0,2,-0.002,2,0,0.0020000000000000018,2,0,0
2,QUMOND,1.15,0.3,60,326140001,outside_beta_grid,outside_inner_prior,no_diagnostics66,uniform_white,1000,envelope_minus_baseline,0,0,0.0,0,0,0.0,0,0,0.0,0,0,0.0,0,0,0
2,QUMOND,1.15,0.3,60,326140001,outside_beta_grid,outside_inner_prior,no_diagnostics66,clustered_correlated,1000,envelope_minus_baseline,1,0,0.0010000000000000009,0,0,0.0,0,1,-0.001,1,0,0.0010000000000000009,1,0,0
2,QUMOND,1.15,0.3,60,326140001,outside_beta_grid,outside_inner_prior,no_diagnostics66,sparse_floor,1000,envelope_minus_baseline,1,0,0.0010000000000000009,0,0,0.0,0,1,-0.001,1,0,0.0010000000000000009,1,0,0
2,QUMOND,1.15,0.3,60,326140001,outside_beta_grid,outside_inner_prior,full34,uniform_white,1000,envelope_minus_baseline,0,0,0.0,0,0,0.0,0,0,0.0,0,0,0.0,0,0,0
2,QUMOND,1.15,0.3,60,326140001,outside_beta_grid,outside_inner_prior,full34,clustered_correlated,1000,envelope_minus_baseline,1,4,-0.0030000000000000027,0,0,0.0,4,1,0.002999999999999999,1,0,0.0010000000000000009,1,0,4
2,QUMOND,1.15,0.3,60,326140001,outside_beta_grid,outside_inner_prior,full34,sparse_floor,1000,envelope_minus_baseline,0,0,0.0,0,0,0.0,0,0,0.0,0,0,0.0,0,0,0
2,QUMOND,1.15,0.3,60,326140001,outside_beta_grid,outside_inner_prior,covariates_only66,uniform_white,1000,envelope_minus_baseline,0,7,-0.006999999999999999,0,2,-0.002,9,0,0.009000000000000008,2,0,0.0020000000000000018,0,0,7
2,QUMOND,1.15,0.3,60,326140001,outside_beta_grid,outside_inner_prior,covariates_only66,clustered_correlated,1000,envelope_minus_baseline,0,7,-0.006999999999999999,0,2,-0.002,9,0,0.009000000000000008,2,0,0.0020000000000000018,0,0,7
2,QUMOND,1.15,0.3,60,326140001,outside_beta_grid,outside_inner_prior,covariates_only66,sparse_floor,1000,envelope_minus_baseline,0,9,-0.009000000000000001,0,8,-0.008,17,0,0.017000000000000015,8,0,0.008000000000000007,0,0,9
2,QUMOND,1.15,0.3,60,326140001,outside_beta_grid,outside_inner_prior,conditional66,uniform_white,1000,envelope_minus_baseline,1,0,0.0010000000000000009,0,0,0.0,0,1,-0.001,1,0,0.0010000000000000009,1,0,0
2,QUMOND,1.15,0.3,60,326140001,outside_beta_grid,outside_inner_prior,conditional66,clustered_correlated,1000,envelope_minus_baseline,0,0,0.0,0,0,0.0,0,0,0.0,0,0,0.0,0,0,0
2,QUMOND,1.15,0.3,60,326140001,outside_beta_grid,outside_inner_prior,conditional66,sparse_floor,1000,envelope_minus_baseline,0,0,0.0,0,0,0.0,0,0,0.0,0,0,0.0,0,0,0
2,QUMOND,1.15,0.3,160,326141001,outside_beta_grid,outside_inner_prior,full66,uniform_white,1000,envelope_minus_baseline,0,0,0.0,0,0,0.0,0,0,0.0,0,0,0.0,0,0,0
2,QUMOND,1.15,0.3,160,326141001,outside_beta_grid,outside_inner_prior,full66,clustered_correlated,1000,envelope_minus_baseline,0,0,0.0,0,0,0.0,0,0,0.0,0,0,0.0,0,0,0
2,QUMOND,1.15,0.3,160,326141001,outside_beta_grid,outside_inner_prior,full66,sparse_floor,1000,envelope_minus_baseline,0,0,0.0,0,0,0.0,0,0,0.0,0,0,0.0,0,0,0
2,QUMOND,1.15,0.3,160,326141001,outside_beta_grid,outside_inner_prior,no_diagnostics66,uniform_white,1000,envelope_minus_baseline,2,0,0.0020000000000000018,0,0,0.0,0,2,-0.002,2,0,0.0020000000000000018,2,0,0
2,QUMOND,1.15,0.3,160,326141001,outside_beta_grid,outside_inner_prior,no_diagnostics66,clustered_correlated,1000,envelope_minus_baseline,0,0,0.0,0,0,0.0,0,0,0.0,0,0,0.0,0,0,0
2,QUMOND,1.15,0.3,160,326141001,outside_beta_grid,outside_inner_prior,no_diagnostics66,sparse_floor,1000,envelope_minus_baseline,2,0,0.0020000000000000018,0,0,0.0,0,2,-0.002,2,0,0.0020000000000000018,2,0,0
2,QUMOND,1.15,0.3,160,326141001,outside_beta_grid,outside_inner_prior,full34,uniform_white,1000,envelope_minus_baseline,0,2,-0.0020000000000000018,0,0,0.0,2,0,0.002,0,0,0.0,0,0,2
2,QUMOND,1.15,0.3,160,326141001,outside_beta_grid,outside_inner_prior,full34,clustered_correlated,1000,envelope_minus_baseline,2,6,-0.0040000000000000036,0,0,0.0,6,2,0.004,2,0,0.0020000000000000018,2,0,6
2,QUMOND,1.15,0.3,160,326141001,outside_beta_grid,outside_inner_prior,full34,sparse_floor,1000,envelope_minus_baseline,0,0,0.0,0,0,0.0,0,0,0.0,0,0,0.0,0,0,0
2,QUMOND,1.15,0.3,160,326141001,outside_beta_grid,outside_inner_prior,covariates_only66,uniform_white,1000,envelope_minus_baseline,0,6,-0.006,1,4,-0.003,10,1,0.009000000000000008,4,0,0.0040000000000000036,0,1,6
2,QUMOND,1.15,0.3,160,326141001,outside_beta_grid,outside_inner_prior,covariates_only66,clustered_correlated,1000,envelope_minus_baseline,0,9,-0.009000000000000001,0,9,-0.009,18,0,0.018000000000000016,9,0,0.009000000000000008,0,0,9
2,QUMOND,1.15,0.3,160,326141001,outside_beta_grid,outside_inner_prior,covariates_only66,sparse_floor,1000,envelope_minus_baseline,0,8,-0.008,0,9,-0.009000000000000001,17,0,0.017000000000000015,9,0,0.009000000000000008,0,0,8
2,QUMOND,1.15,0.3,160,326141001,outside_beta_grid,outside_inner_prior,conditional66,uniform_white,1000,envelope_minus_baseline,1,0,0.0010000000000000009,0,0,0.0,0,1,-0.001,1,0,0.0010000000000000009,1,0,0
2,QUMOND,1.15,0.3,160,326141001,outside_beta_grid,outside_inner_prior,conditional66,clustered_correlated,1000,envelope_minus_baseline,0,0,0.0,0,0,0.0,0,0,0.0,0,0,0.0,0,0,0
2,QUMOND,1.15,0.3,160,326141001,outside_beta_grid,outside_inner_prior,conditional66,sparse_floor,1000,envelope_minus_baseline,0,0,0.0,0,0,0.0,0,0,0.0,0,0,0.0,0,0,0
2,QUMOND,1.45,0.0,,326142001,outside_beta_grid,pure,full66,uniform_white,1000,envelope_minus_baseline,0,0,0.0,0,0,0.0,0,0,0.0,0,0,0.0,0,0,0
2,QUMOND,1.45,0.0,,326142001,outside_beta_grid,pure,full66,clustered_correlated,1000,envelope_minus_baseline,0,0,0.0,0,0,0.0,0,0,0.0,0,0,0.0,0,0,0
2,QUMOND,1.45,0.0,,326142001,outside_beta_grid,pure,full66,sparse_floor,1000,envelope_minus_baseline,0,0,0.0,0,0,0.0,0,0,0.0,0,0,0.0,0,0,0
2,QUMOND,1.45,0.0,,326142001,outside_beta_grid,pure,no_diagnostics66,uniform_white,1000,envelope_minus_baseline,0,0,0.0,0,0,0.0,0,0,0.0,0,0,0.0,0,0,0
2,QUMOND,1.45,0.0,,326142001,outside_beta_grid,pure,no_diagnostics66,clustered_correlated,1000,envelope_minus_baseline,0,0,0.0,0,0,0.0,0,0,0.0,0,0,0.0,0,0,0
2,QUMOND,1.45,0.0,,326142001,outside_beta_grid,pure,no_diagnostics66,sparse_floor,1000,envelope_minus_baseline,0,0,0.0,0,0,0.0,0,0,0.0,0,0,0.0,0,0,0
2,QUMOND,1.45,0.0,,326142001,outside_beta_grid,pure,full34,uniform_white,1000,envelope_minus_baseline,0,0,0.0,0,0,0.0,0,0,0.0,0,0,0.0,0,0,0
2,QUMOND,1.45,0.0,,326142001,outside_beta_grid,pure,full34,clustered_correlated,1000,envelope_minus_baseline,0,0,0.0,0,0,0.0,0,0,0.0,0,0,0.0,0,0,0
2,QUMOND,1.45,0.0,,326142001,outside_beta_grid,pure,full34,sparse_floor,1000,envelope_minus_baseline,0,0,0.0,0,0,0.0,0,0,0.0,0,0,0.0,0,0,0
2,QUMOND,1.45,0.0,,326142001,outside_beta_grid,pure,covariates_only66,uniform_white,1000,envelope_minus_baseline,0,0,0.0,0,2,-0.002,2,0,0.0020000000000000018,2,0,0.0020000000000000018,0,0,0
2,QUMOND,1.45,0.0,,326142001,outside_beta_grid,pure,covariates_only66,clustered_correlated,1000,envelope_minus_baseline,0,0,0.0,0,2,-0.002,2,0,0.0020000000000000018,2,0,0.0020000000000000018,0,0,0
2,QUMOND,1.45,0.0,,326142001,outside_beta_grid,pure,covariates_only66,sparse_floor,1000,envelope_minus_baseline,0,1,-0.001,0,3,-0.003,4,0,0.0040000000000000036,3,0,0.0030000000000000027,0,0,1
2,QUMOND,1.45,0.0,,326142001,outside_beta_grid,pure,conditional66,uniform_white,1000,envelope_minus_baseline,0,0,0.0,0,0,0.0,0,0,0.0,0,0,0.0,0,0,0
2,QUMOND,1.45,0.0,,326142001,outside_beta_grid,pure,conditional66,clustered_correlated,1000,envelope_minus_baseline,0,0,0.0,0,0,0.0,0,0,0.0,0,0,0.0,0,0,0
2,QUMOND,1.45,0.0,,326142001,outside_beta_grid,pure,conditional66,sparse_floor,1000,envelope_minus_baseline,0,0,0.0,0,0,0.0,0,0,0.0,0,0,0.0,0,0,0
2,QUMOND,1.45,0.3,60,326143001,outside_beta_grid,outside_inner_prior,full66,uniform_white,1000,envelope_minus_baseline,0,0,0.0,0,0,0.0,0,0,0.0,0,0,0.0,0,0,0
2,QUMOND,1.45,0.3,60,326143001,outside_beta_grid,outside_inner_prior,full66,clustered_correlated,1000,envelope_minus_baseline,0,0,0.0,0,0,0.0,0,0,0.0,0,0,0.0,0,0,0
2,QUMOND,1.45,0.3,60,326143001,outside_beta_grid,outside_inner_prior,full66,sparse_floor,1000,envelope_minus_baseline,0,0,0.0,1,0,0.001,0,1,-0.001,0,0,0.0,0,1,0
2,QUMOND,1.45,0.3,60,326143001,outside_beta_grid,outside_inner_prior,no_diagnostics66,uniform_white,1000,envelope_minus_baseline,0,0,0.0,0,0,0.0,0,0,0.0,0,0,0.0,0,0,0
2,QUMOND,1.45,0.3,60,326143001,outside_beta_grid,outside_inner_prior,no_diagnostics66,clustered_correlated,1000,envelope_minus_baseline,1,0,0.0010000000000000009,0,0,0.0,0,1,-0.001,1,0,0.0010000000000000009,1,0,0
2,QUMOND,1.45,0.3,60,326143001,outside_beta_grid,outside_inner_prior,no_diagnostics66,sparse_floor,1000,envelope_minus_baseline,1,0,0.0010000000000000009,0,0,0.0,0,1,-0.001,1,0,0.0010000000000000009,1,0,0
2,QUMOND,1.45,0.3,60,326143001,outside_beta_grid,outside_inner_prior,full34,uniform_white,1000,envelope_minus_baseline,0,4,-0.0040000000000000036,0,0,0.0,4,0,0.004,0,0,0.0,0,0,4
2,QUMOND,1.45,0.3,60,326143001,outside_beta_grid,outside_inner_prior,full34,clustered_correlated,1000,envelope_minus_baseline,1,9,-0.008000000000000007,0,0,0.0,9,1,0.008,1,0,0.0010000000000000009,1,0,9
2,QUMOND,1.45,0.3,60,326143001,outside_beta_grid,outside_inner_prior,full34,sparse_floor,1000,envelope_minus_baseline,0,0,0.0,0,0,0.0,0,0,0.0,0,0,0.0,0,0,0
2,QUMOND,1.45,0.3,60,326143001,outside_beta_grid,outside_inner_prior,covariates_only66,uniform_white,1000,envelope_minus_baseline,0,0,0.0,0,0,0.0,0,0,0.0,0,0,0.0,0,0,0
2,QUMOND,1.45,0.3,60,326143001,outside_beta_grid,outside_inner_prior,covariates_only66,clustered_correlated,1000,envelope_minus_baseline,0,1,-0.001,1,1,0.0,2,1,0.0010000000000000009,1,0,0.0010000000000000009,0,1,1
2,QUMOND,1.45,0.3,60,326143001,outside_beta_grid,outside_inner_prior,covariates_only66,sparse_floor,1000,envelope_minus_baseline,0,2,-0.002,0,5,-0.004999999999999999,7,0,0.007000000000000006,5,0,0.0050000000000000044,0,0,2
2,QUMOND,1.45,0.3,60,326143001,outside_beta_grid,outside_inner_prior,conditional66,uniform_white,1000,envelope_minus_baseline,0,1,-0.0010000000000000009,0,0,0.0,1,0,0.0009999999999999992,0,0,0.0,0,0,1
2,QUMOND,1.45,0.3,60,326143001,outside_beta_grid,outside_inner_prior,conditional66,clustered_correlated,1000,envelope_minus_baseline,0,0,0.0,0,0,0.0,0,0,0.0,0,0,0.0,0,0,0
2,QUMOND,1.45,0.3,60,326143001,outside_beta_grid,outside_inner_prior,conditional66,sparse_floor,1000,envelope_minus_baseline,0,0,0.0,0,0,0.0,0,0,0.0,0,0,0.0,0,0,0
2,QUMOND,1.45,0.3,160,326144001,outside_beta_grid,outside_inner_prior,full66,uniform_white,1000,envelope_minus_baseline,0,0,0.0,0,0,0.0,0,0,0.0,0,0,0.0,0,0,0
2,QUMOND,1.45,0.3,160,326144001,outside_beta_grid,outside_inner_prior,full66,clustered_correlated,1000,envelope_minus_baseline,0,0,0.0,0,0,0.0,0,0,0.0,0,0,0.0,0,0,0
2,QUMOND,1.45,0.3,160,326144001,outside_beta_grid,outside_inner_prior,full66,sparse_floor,1000,envelope_minus_baseline,1,0,0.0010000000000000009,0,0,0.0,0,1,-0.001,1,0,0.0010000000000000009,1,0,0
2,QUMOND,1.45,0.3,160,326144001,outside_beta_grid,outside_inner_prior,no_diagnostics66,uniform_white,1000,envelope_minus_baseline,0,0,0.0,0,0,0.0,0,0,0.0,0,0,0.0,0,0,0
2,QUMOND,1.45,0.3,160,326144001,outside_beta_grid,outside_inner_prior,no_diagnostics66,clustered_correlated,1000,envelope_minus_baseline,0,0,0.0,0,0,0.0,0,0,0.0,0,0,0.0,0,0,0
2,QUMOND,1.45,0.3,160,326144001,outside_beta_grid,outside_inner_prior,no_diagnostics66,sparse_floor,1000,envelope_minus_baseline,3,0,0.0030000000000000027,0,0,0.0,0,3,-0.003,3,0,0.0030000000000000027,3,0,0
2,QUMOND,1.45,0.3,160,326144001,outside_beta_grid,outside_inner_prior,full34,uniform_white,1000,envelope_minus_baseline,1,2,-0.0010000000000000009,0,0,0.0,2,1,0.0009999999999999992,1,0,0.0010000000000000009,1,0,2
2,QUMOND,1.45,0.3,160,326144001,outside_beta_grid,outside_inner_prior,full34,clustered_correlated,1000,envelope_minus_baseline,3,4,-0.0010000000000000009,0,0,0.0,4,3,0.0009999999999999992,3,0,0.0030000000000000027,3,0,4
2,QUMOND,1.45,0.3,160,326144001,outside_beta_grid,outside_inner_prior,full34,sparse_floor,1000,envelope_minus_baseline,0,0,0.0,0,0,0.0,0,0,0.0,0,0,0.0,0,0,0
2,QUMOND,1.45,0.3,160,326144001,outside_beta_grid,outside_inner_prior,covariates_only66,uniform_white,1000,envelope_minus_baseline,0,1,-0.001,0,3,-0.003,4,0,0.0040000000000000036,3,0,0.0030000000000000027,0,0,1
2,QUMOND,1.45,0.3,160,326144001,outside_beta_grid,outside_inner_prior,covariates_only66,clustered_correlated,1000,envelope_minus_baseline,0,0,0.0,0,1,-0.001,1,0,0.0010000000000000009,1,0,0.0010000000000000009,0,0,0
2,QUMOND,1.45,0.3,160,326144001,outside_beta_grid,outside_inner_prior,covariates_only66,sparse_floor,1000,envelope_minus_baseline,0,4,-0.004,0,6,-0.006,10,0,0.010000000000000009,6,0,0.006000000000000005,0,0,4
2,QUMOND,1.45,0.3,160,326144001,outside_beta_grid,outside_inner_prior,conditional66,uniform_white,1000,envelope_minus_baseline,2,0,0.0020000000000000018,0,0,0.0,0,2,-0.002,2,0,0.0020000000000000018,2,0,0
2,QUMOND,1.45,0.3,160,326144001,outside_beta_grid,outside_inner_prior,conditional66,clustered_correlated,1000,envelope_minus_baseline,0,0,0.0,0,0,0.0,0,0,0.0,0,0,0.0,0,0,0
2,QUMOND,1.45,0.3,160,326144001,outside_beta_grid,outside_inner_prior,conditional66,sparse_floor,1000,envelope_minus_baseline,0,0,0.0,0,0,0.0,0,0,0.0,0,0,0.0,0,0,0
